EmployeeID,Age,Gender,Department,Tenure,Location,SelfRatedHealth,ChronicConditions,SickDaysPastYear,StressLevel,Employee_Feedback,CurrentWorkAbility,WorkAbilityPhysical,WorkAbilityMental,Calculated_ABI_Score
EMP00001,60,Male,IT,3,Remote,4,No,4,8.0,I am exhausted every day.,3,4,3,28
EMP00002,50,F,Finance,5,New York,5,Yes,4,5.0,It pays the bills.,5,1,4,25
EMP00003,36,Female,Sales,17,New York,5,Yes,3,2.0,Love the culture here.,5,4,2,30
EMP00004,64,Female,Marketing,8,Berlin,5,Yes,4,7.0,Average experience.,8,5,5,45
EMP00005,29,Female,Marketing,17,Tokyo,3,Yes,4,4.0,Love the culture here.,8,5,2,39
EMP00006,42,Female,Operations,9,Berlin,3,No,3,9.0,Extremely stressed and burnt out.,5,1,4,25
EMP00007,60,female,IT,6,New York,2,No,5,8.0,I am exhausted every day.,6,4,2,32
EMP00008,40,Male,Marketing,17,Tokyo,2,No,4,3.0,Management is very supportive.,4,3,4,29
EMP00009,44,Male,Operations,8,Tokyo,4,No,1,6.0,It pays the bills.,5,1,5,27
EMP00010,32,Female,Operations,21,Tokyo,4,Yes,5,5.0,It pays the bills.,7,1,5,31
EMP00011,32,Male,IT,7,Remote,4,No,4,10.0,Management expects too much.,6,4,1,30
EMP00012,45,Male,Finance,7,New York,4,Yes,5,4.0,I feel energized at work.,6,5,4,39
EMP00013,57,Male,Finance,15,London,3,Yes,6,5.0,It pays the bills.,5,3,5,33
EMP00014,61,Male,Finance,7,Berlin,3,Yes,0,9.0,Extremely stressed and burnt out.,8,4,4,40
EMP00015,45,Female,HR,22,Remote,3,No,4,1.0,Excellent benefits.,5,4,3,32
EMP00016,24,Male,Finance,8,Berlin,5,Yes,4,1.0,Love the culture here.,6,3,2,29
EMP00017,43,F,IT,9,London,5,No,3,7.0,It pays the bills.,4,1,1,17
EMP00018,23,Female,HR,15,Tokyo,3,No,5,7.0,Standard corporate environment.,5,1,3,23
EMP00019,45,Female,Finance,2,London,2,No,4,4.0,Love the culture here.,9,2,3,34
EMP00020,51,Female,HR,7,Berlin,3,No,1,5.0,Nothing special to report.,6,3,2,29
EMP00021,59,F,IT,15,London,3,No,5,10.0,I need a long break.,3,4,2,26
EMP00022,23,Male,Finance,18,New York,4,No,6,6.0,Nothing special to report.,7,2,3,30
EMP00023,42,F,Sales,22,London,2,Yes,3,4.0,Excellent benefits.,4,2,4,26
EMP00024,54,Female,Marketing,18,New York,3,No,2,3.0,Management is very supportive.,7,2,2,28
EMP00025,33,Female,IT,10,London,3,No,4,7.0,Nothing special to report.,5,1,2,21
EMP00026,43,Female,Operations,22,New York,5,No,9,8.0,I need a long break.,5,5,3,35
EMP00027,46,Male,Operations,18,New York,3,No,8,5.0,Work is okay.,4,2,4,26
EMP00028,48,Female,IT,1,London,4,No,4,7.0,Work is okay.,7,4,1,32
EMP00029,63,Female,Operations,7,Remote,3,No,3,6.0,Nothing special to report.,8,1,2,27
EMP00030,49,Male,IT,3,Tokyo,2,Yes,4,9.0,Extremely stressed and burnt out.,7,5,3,39
EMP00031,37,Female,Sales,14,Tokyo,3,No,2,9.0,Management expects too much.,4,5,5,37
EMP00032,36,Male,IT,12,Tokyo,4,No,10,9.0,I need a long break.,6,2,2,26
EMP00033,24,Male,Finance,14,New York,4,No,3,8.0,Terrible work-life balance.,5,2,3,26
EMP00034,58,Male,Finance,4,Tokyo,3,Yes,8,7.0,Standard corporate environment.,9,1,4,33
EMP00035,28,Male,HR,13,New York,3,No,1,4.0,Management is very supportive.,7,2,4,32
EMP00036,42,Female,Operations,16,Remote,4,No,5,9.0,Management expects too much.,7,1,4,29
EMP00037,30,Male,Marketing,16,London,4,No,7,2.0,Love the culture here.,4,5,2,31
EMP00038,60,Other,Operations,22,London,1,No,6,5.0,Nothing special to report.,8,4,5,42
EMP00039,39,Female,IT,5,New York,3,No,4,7.0,Average experience.,4,4,1,26
EMP00040,25,Male,Marketing,20,New York,4,No,8,8.0,Management expects too much.,10,3,4,41
EMP00041,46,Female,Marketing,6,Remote,3,No,6,9.0,Management expects too much.,10,3,4,41
EMP00042,35,F,Operations,6,Tokyo,5,No,4,5.0,It pays the bills.,8,3,3,35
EMP00043,30,Female,Marketing,18,Remote,4,No,3,5.0,It pays the bills.,4,4,5,34
EMP00044,47,Male,Marketing,6,London,2,No,5,9.0,Terrible work-life balance.,8,2,5,36
EMP00045,23,F,Finance,7,London,4,Yes,2,6.0,Nothing special to report.,5,1,4,25
EMP00046,41,Female,Sales,24,Tokyo,3,No,2,3.0,Great work-life balance.,4,4,4,32
EMP00047,49,Male,IT,24,London,4,No,3,6.0,Work is okay.,4,3,2,25
EMP00048,28,Male,Operations,16,New York,4,No,4,7.0,Work is okay.,5,3,2,27
EMP00049,29,Female,Finance,9,London,3,No,4,4.0,Excellent benefits.,5,2,3,26
EMP00050,56,Male,HR,13,Berlin,4,No,6,4.0,I feel energized at work.,9,3,5,41
EMP00051,35,M,Marketing,12,Tokyo,4,No,3,1.0,I feel energized at work.,8,3,4,37
EMP00052,38,Male,Marketing,19,Tokyo,4,No,5,3.0,Great work-life balance.,5,1,4,25
EMP00053,57,male,Operations,23,Tokyo,3,Yes,4,9.0,I am exhausted every day.,5,2,5,30
EMP00054,61,Female,Sales,23,Berlin,3,No,4,1.0,I feel energized at work.,4,5,5,37
EMP00055,25,Male,Sales,1,Remote,4,No,2,2.0,Great work-life balance.,7,5,5,43
EMP00056,23,Male,Operations,8,New York,5,No,6,2.0,Great work-life balance.,8,3,2,33
EMP00057,27,Female,Operations,4,Tokyo,3,No,8,8.0,Management expects too much.,6,3,2,29
EMP00058,63,Female,Finance,21,London,1,No,5,6.0,Average experience.,7,1,5,31
EMP00059,25,Female,Operations,22,New York,3,No,4,7.0,Average experience.,8,5,4,43
EMP00060,50,Male,HR,19,London,3,No,8,4.0,I feel energized at work.,7,2,3,30
EMP00061,39,Male,Finance,21,New York,4,Yes,4,4.0,I feel energized at work.,10,2,5,40
EMP00062,47,Male,Marketing,5,New York,4,Yes,3,4.0,Great work-life balance.,9,4,5,44
EMP00063,55,Female,Marketing,17,London,5,No,3,6.0,Nothing special to report.,7,4,2,34
EMP00064,31,Male,Marketing,3,London,4,No,1,4.0,Excellent benefits.,9,2,5,38
EMP00065,57,Female,Marketing,19,New York,3,No,7,1.0,I feel energized at work.,4,4,2,28
EMP00066,35,Female,IT,1,Tokyo,4,No,2,6.0,Standard corporate environment.,2,1,3,17
EMP00067,52,male,HR,23,London,4,No,4,8.0,Terrible work-life balance.,10,3,5,43
EMP00068,36,Male,Finance,1,Berlin,5,No,6,5.0,Work is okay.,6,2,5,32
EMP00069,29,Male,Finance,23,Berlin,2,No,5,9.0,Terrible work-life balance.,10,5,2,43
EMP00070,35,Female,Marketing,20,New York,2,Yes,2,8.0,Extremely stressed and burnt out.,8,5,2,39
EMP00071,44,Female,Sales,9,Remote,2,No,3,1.0,Love the culture here.,8,2,5,36
EMP00072,61,Male,Finance,23,New York,3,No,3,8.0,Terrible work-life balance.,5,4,4,34
EMP00073,42,male,HR,5,New York,2,No,8,9.0,Management expects too much.,9,4,5,44
EMP00074,37,M,Operations,7,Tokyo,4,No,6,4.0,Excellent benefits.,9,2,3,34
EMP00075,39,Male,HR,6,Tokyo,4,No,2,7.0,It pays the bills.,10,2,5,40
EMP00076,45,Male,Marketing,17,Remote,3,No,2,4.0,Great work-life balance.,4,2,2,22
EMP00077,47,Female,Marketing,22,Remote,3,No,5,3.0,Excellent benefits.,9,1,2,29
EMP00078,46,Female,IT,17,Remote,5,Yes,3,8.0,Terrible work-life balance.,5,5,1,31
EMP00079,62,Male,Finance,13,Remote,3,No,5,1.0,Management is very supportive.,8,1,2,27
EMP00080,50,Female,Finance,12,Remote,3,Yes,4,2.0,Love the culture here.,6,1,5,29
EMP00081,36,Female,Finance,4,New York,3,No,3,7.0,It pays the bills.,9,3,3,37
EMP00082,22,Male,Marketing,8,New York,3,No,2,6.0,It pays the bills.,7,1,5,31
EMP00083,46,Female,Finance,5,Berlin,2,No,5,8.0,Terrible work-life balance.,7,5,4,41
EMP00084,28,female,Sales,5,Berlin,4,Yes,4,3.0,Management is very supportive.,9,4,3,40
EMP00085,30,Male,Sales,13,London,5,No,5,6.0,Work is okay.,9,5,3,43
EMP00086,45,Male,Operations,11,New York,4,No,2,6.0,It pays the bills.,6,2,3,28
EMP00087,22,Female,Finance,8,Remote,3,Yes,3,2.0,Excellent benefits.,5,2,4,28
EMP00088,29,F,IT,8,London,3,No,3,6.0,Work is okay.,2,2,2,18
EMP00089,45,female,Operations,1,Tokyo,5,No,3,2.0,Love the culture here.,10,1,4,35
EMP00090,32,Female,Marketing,13,New York,4,No,9,5.0,Work is okay.,6,3,4,33
EMP00091,38,Female,Finance,5,Berlin,3,No,4,6.0,Standard corporate environment.,8,4,4,40
EMP00092,29,Female,Sales,21,New York,3,No,6,3.0,Management is very supportive.,5,1,5,27
EMP00093,56,Female,IT,8,New York,4,Yes,2,7.0,Average experience.,2,2,2,18
EMP00094,56,Male,Operations,17,New York,3,No,4,7.0,It pays the bills.,5,5,3,35
EMP00095,54,Male,IT,23,New York,2,No,2,6.0,Average experience.,7,2,2,28
EMP00096,26,Male,Finance,23,Tokyo,3,No,8,8.0,Terrible work-life balance.,9,5,3,43
EMP00097,63,Female,HR,13,Berlin,3,No,3,7.0,Nothing special to report.,7,4,5,40
EMP00098,60,Male,IT,9,New York,3,No,2,8.0,Terrible work-life balance.,3,2,3,22
EMP00099,62,male,IT,2,Tokyo,3,No,1,10.0,Extremely stressed and burnt out.,2,4,3,26
EMP00100,49,Male,Marketing,19,London,1,No,3,4.0,I feel energized at work.,6,2,5,32
EMP00101,28,Male,Sales,20,New York,4,No,1,5.0,Average experience.,4,2,4,26
EMP00102,30,Female,Finance,17,Tokyo,4,No,5,4.0,Great work-life balance.,9,5,2,41
EMP00103,29,Female,IT,7,Remote,2,No,4,10.0,Extremely stressed and burnt out.,5,3,3,29
EMP00104,33,Male,Finance,3,London,5,No,2,1.0,Excellent benefits.,6,5,2,35
EMP00105,55,Male,Sales,19,Berlin,3,No,6,5.0,It pays the bills.,8,1,3,29
EMP00106,54,female,Marketing,19,New York,1,Yes,3,4.0,Excellent benefits.,8,4,2,36
EMP00107,44,Male,Finance,24,New York,3,No,6,3.0,Management is very supportive.,5,4,4,34
EMP00108,45,Male,Sales,9,Tokyo,4,No,5,9.0,I need a long break.,10,3,2,37
EMP00109,58,M,Sales,10,Berlin,3,Yes,3,1.0,I feel energized at work.,9,2,4,36
EMP00110,56,Male,Operations,14,Remote,2,No,6,5.0,Standard corporate environment.,7,4,5,40
EMP00111,61,Female,Marketing,18,London,4,No,8,2.0,Excellent benefits.,5,3,3,29
EMP00112,43,Male,Marketing,15,Berlin,3,No,4,5.0,Nothing special to report.,8,1,5,33
EMP00113,48,Male,Finance,1,New York,4,No,5,5.0,Work is okay.,10,4,3,42
EMP00114,56,Male,HR,6,Tokyo,4,Yes,4,1.0,I feel energized at work.,7,1,4,29
EMP00115,22,Male,Operations,15,Remote,5,No,1,4.0,Excellent benefits.,10,5,5,49
EMP00116,56,Male,Marketing,6,Tokyo,2,No,5,7.0,It pays the bills.,6,4,4,36
EMP00117,58,Male,Sales,18,London,1,No,4,1.0,Love the culture here.,9,4,4,42
EMP00118,35,Female,Marketing,1,Berlin,5,No,3,2.0,Management is very supportive.,5,2,5,30
EMP00119,24,Male,HR,24,Tokyo,4,No,4,4.0,Management is very supportive.,4,1,2,19
EMP00120,22,Female,IT,3,Tokyo,4,No,4,7.0,Nothing special to report.,3,5,3,31
EMP00121,26,F,IT,17,New York,2,No,2,7.0,Nothing special to report.,3,3,1,21
EMP00122,47,Female,Marketing,16,Tokyo,2,No,3,2.0,Love the culture here.,7,5,2,37
EMP00123,35,Male,Marketing,8,Remote,2,No,9,1.0,Management is very supportive.,10,4,5,46
EMP00124,60,female,Operations,17,Berlin,3,Yes,5,2.0,Excellent benefits.,9,1,5,35
EMP00125,48,Male,Marketing,8,London,2,No,4,5.0,It pays the bills.,10,4,3,42
EMP00126,30,Male,HR,17,Tokyo,3,No,2,4.0,I feel energized at work.,9,3,2,35
EMP00127,36,Female,Marketing,9,Remote,3,No,5,5.0,It pays the bills.,9,3,5,41
EMP00128,36,Female,Finance,12,London,1,No,5,1.0,I feel energized at work.,7,4,5,40
EMP00129,47,Female,HR,19,Remote,2,No,4,7.0,Standard corporate environment.,8,4,4,40
EMP00130,63,Male,Operations,4,Tokyo,3,No,4,5.0,Nothing special to report.,8,4,4,40
EMP00131,34,Female,Finance,21,Tokyo,2,No,13,7.0,It pays the bills.,10,1,5,37
EMP00132,53,Male,Finance,22,Berlin,2,No,1,9.0,I need a long break.,7,2,4,32
EMP00133,60,male,IT,11,New York,3,No,6,6.0,Work is okay.,7,3,3,33
EMP00134,53,Male,HR,4,Remote,3,No,4,8.0,Extremely stressed and burnt out.,10,1,4,35
EMP00135,25,F,Finance,14,New York,4,No,3,4.0,Excellent benefits.,8,3,4,37
EMP00136,51,Female,Operations,14,New York,2,No,5,9.0,Management expects too much.,5,4,2,30
EMP00137,58,M,IT,6,London,4,Yes,10,10.0,I am exhausted every day.,4,3,1,23
EMP00138,44,Female,Finance,17,London,4,No,3,2.0,Excellent benefits.,5,5,4,37
EMP00139,60,Female,HR,2,Remote,4,No,3,9.0,I need a long break.,8,3,3,35
EMP00140,36,Male,IT,8,New York,1,Yes,5,10.0,Terrible work-life balance.,6,5,2,35
EMP00141,64,Male,HR,4,Berlin,3,No,5,3.0,Great work-life balance.,4,1,4,23
EMP00142,50,Male,HR,10,New York,4,No,4,1.0,I feel energized at work.,5,1,4,25
EMP00143,57,F,HR,7,London,5,No,2,6.0,Nothing special to report.,4,5,5,37
EMP00144,34,M,IT,4,New York,5,No,4,7.0,Work is okay.,4,3,3,27
EMP00145,53,Female,Finance,16,Tokyo,3,No,3,5.0,Standard corporate environment.,9,1,2,29
EMP00146,28,Male,Marketing,14,Tokyo,4,Yes,4,8.0,I need a long break.,6,3,5,35
EMP00147,43,Male,Sales,16,Berlin,4,No,3,1.0,Excellent benefits.,4,2,4,26
EMP00148,49,Female,Finance,9,Remote,4,No,2,1.0,I feel energized at work.,5,2,4,28
EMP00149,23,Female,IT,4,New York,3,No,4,7.0,Work is okay.,7,5,2,37
EMP00150,63,Female,Sales,24,Tokyo,3,No,8,1.0,I feel energized at work.,5,5,4,37
EMP00151,27,Other,Sales,6,Remote,2,Yes,5,9.0,Management expects too much.,7,3,5,37
EMP00152,49,Male,Sales,1,Tokyo,3,No,2,7.0,Work is okay.,6,2,3,28
EMP00153,49,Female,Marketing,7,Remote,4,No,4,7.0,Nothing special to report.,10,2,5,40
EMP00154,41,Female,Operations,1,Remote,5,No,4,8.0,Extremely stressed and burnt out.,7,5,2,37
EMP00155,51,Male,IT,19,Tokyo,4,Yes,0,10.0,I am exhausted every day.,5,4,1,28
EMP00156,32,Male,Marketing,8,London,3,No,2,1.0,I feel energized at work.,7,3,3,33
EMP00157,49,Male,Marketing,3,Remote,4,Yes,2,4.0,Great work-life balance.,6,3,5,35
EMP00158,46,F,Operations,1,New York,3,No,6,9.0,I am exhausted every day.,8,1,5,33
EMP00159,60,Female,Sales,1,Tokyo,4,No,2,3.0,Management is very supportive.,7,5,2,37
EMP00160,54,Female,Operations,7,London,4,No,2,6.0,It pays the bills.,6,1,4,27
EMP00161,22,male,Operations,21,Tokyo,3,No,2,4.0,Excellent benefits.,7,4,3,36
EMP00162,48,Female,Marketing,13,Berlin,3,No,7,1.0,Excellent benefits.,10,1,3,33
EMP00163,34,Male,IT,1,New York,2,Yes,4,8.0,Extremely stressed and burnt out.,6,4,2,32
EMP00164,62,Female,HR,16,Berlin,2,No,5,3.0,Excellent benefits.,8,1,5,33
EMP00165,24,Female,Operations,22,Remote,4,No,2,3.0,I feel energized at work.,8,5,5,45
EMP00166,60,Female,Operations,22,Remote,1,No,1,6.0,Standard corporate environment.,6,4,4,36
EMP00167,27,Female,Sales,14,Berlin,2,Yes,5,9.0,I am exhausted every day.,9,3,3,37
EMP00168,29,Female,Sales,4,Berlin,3,No,3,7.0,Average experience.,4,5,3,33
EMP00169,48,Male,Marketing,23,Remote,4,No,2,7.0,Nothing special to report.,6,5,3,37
EMP00170,30,M,Sales,23,London,3,No,4,1.0,I feel energized at work.,4,2,3,24
EMP00171,58,Male,Finance,12,New York,2,No,4,9.0,Terrible work-life balance.,6,3,3,31
EMP00172,54,Male,Operations,12,Tokyo,4,No,3,4.0,Excellent benefits.,4,1,4,23
EMP00173,63,Male,Sales,17,Berlin,3,No,5,8.0,I need a long break.,7,5,3,39
EMP00174,45,Male,IT,21,New York,3,Yes,2,9.0,Extremely stressed and burnt out.,2,1,2,15
EMP00175,36,Male,Finance,15,Tokyo,4,No,1,1.0,Management is very supportive.,5,5,4,37
EMP00176,53,M,Marketing,10,Tokyo,3,No,3,8.0,Management expects too much.,10,3,4,41
EMP00177,53,female,HR,3,Berlin,4,No,5,9.0,Management expects too much.,7,5,5,43
EMP00178,45,Male,Operations,23,London,3,No,3,5.0,It pays the bills.,4,1,3,21
EMP00179,62,Male,Operations,20,London,3,No,4,7.0,Nothing special to report.,8,1,4,31
EMP00180,33,Male,IT,20,New York,3,No,7,8.0,I need a long break.,6,3,3,31
EMP00181,60,Male,HR,12,New York,4,No,6,2.0,Management is very supportive.,10,1,3,33
EMP00182,23,Male,HR,1,Remote,3,No,5,1.0,Management is very supportive.,8,4,3,38
EMP00183,24,male,Marketing,1,London,2,Yes,2,6.0,Average experience.,7,5,4,41
EMP00184,58,Male,Marketing,10,New York,3,No,4,9.0,I need a long break.,9,4,3,40
EMP00185,38,Female,Finance,18,Remote,3,Yes,4,1.0,Management is very supportive.,9,2,3,34
EMP00186,23,Male,Operations,15,Tokyo,4,Yes,3,1.0,I feel energized at work.,8,2,2,30
EMP00187,23,F,Sales,2,New York,5,No,1,4.0,I feel energized at work.,6,5,4,39
EMP00188,49,Female,Marketing,17,Remote,4,No,1,6.0,It pays the bills.,10,1,5,37
EMP00189,44,female,IT,8,London,3,No,7,6.0,Average experience.,6,3,3,31
EMP00190,58,Female,IT,22,Tokyo,3,No,5,7.0,Standard corporate environment.,5,2,2,24
EMP00191,53,Male,IT,22,New York,4,Yes,4,10.0,Terrible work-life balance.,6,1,3,25
EMP00192,54,Male,Marketing,9,London,5,Yes,0,7.0,It pays the bills.,10,3,4,41
EMP00193,22,Female,Marketing,21,Tokyo,3,Yes,2,4.0,Love the culture here.,6,5,2,35
EMP00194,40,Male,IT,20,Berlin,2,No,10,10.0,Terrible work-life balance.,2,1,3,17
EMP00195,23,Female,Marketing,11,London,2,Yes,6,6.0,Work is okay.,6,4,3,34
EMP00196,47,Male,Sales,6,Berlin,3,No,3,6.0,It pays the bills.,10,5,3,45
EMP00197,53,Male,Sales,24,New York,3,No,1,4.0,I feel energized at work.,9,2,2,32
EMP00198,27,Female,Finance,14,Remote,5,Yes,2,4.0,Excellent benefits.,8,5,2,39
EMP00199,53,Female,Operations,1,New York,3,Yes,5,9.0,Management expects too much.,9,5,3,43
EMP00200,25,Female,Sales,7,London,3,No,6,1.0,Love the culture here.,6,3,4,33
EMP00201,32,Male,Finance,24,Berlin,3,No,9,5.0,Work is okay.,6,2,4,30
EMP00202,38,Female,HR,9,Berlin,5,No,4,9.0,I need a long break.,9,3,5,41
EMP00203,59,Male,Operations,11,Tokyo,3,No,6,9.0,I am exhausted every day.,4,5,5,37
EMP00204,45,Male,Sales,24,New York,3,No,5,9.0,Extremely stressed and burnt out.,4,1,2,19
EMP00205,26,Female,HR,23,New York,2,No,3,2.0,Great work-life balance.,9,4,2,38
EMP00206,55,Male,Finance,16,London,3,No,4,7.0,Work is okay.,6,4,4,36
EMP00207,27,Male,Sales,19,Berlin,4,No,4,8.0,Terrible work-life balance.,8,3,5,39
EMP00208,43,Male,Sales,2,London,3,No,5,1.0,Great work-life balance.,8,1,4,31
EMP00209,32,Male,Marketing,15,London,3,No,2,2.0,Management is very supportive.,4,4,2,28
EMP00210,37,Male,HR,3,Berlin,4,No,3,1.0,Great work-life balance.,4,1,3,21
EMP00211,54,Male,Sales,4,London,3,No,5,9.0,I need a long break.,4,3,5,31
EMP00212,30,Male,IT,20,Berlin,2,No,6,7.0,Work is okay.,5,2,2,24
EMP00213,27,Male,Marketing,22,London,5,No,7,5.0,Work is okay.,5,1,5,27
EMP00214,37,Female,Marketing,7,Remote,3,No,3,4.0,Great work-life balance.,10,1,4,35
EMP00215,50,Male,Sales,12,London,4,No,3,8.0,I am exhausted every day.,4,2,5,28
EMP00216,24,Male,Marketing,4,London,4,No,1,3.0,Management is very supportive.,10,5,2,43
EMP00217,41,Male,Operations,10,Remote,5,No,4,8.0,Extremely stressed and burnt out.,9,5,2,41
EMP00218,57,Female,HR,6,New York,3,No,3,3.0,I feel energized at work.,8,5,2,39
EMP00219,40,F,Operations,22,Berlin,3,Yes,4,6.0,Work is okay.,4,3,5,31
EMP00220,47,Female,Finance,14,Tokyo,3,Yes,3,4.0,Excellent benefits.,4,5,3,33
EMP00221,24,Female,Operations,3,Remote,3,No,3,8.0,Terrible work-life balance.,8,3,3,35
EMP00222,40,Female,IT,17,New York,3,No,1,9.0,I am exhausted every day.,2,2,1,16
EMP00223,41,Female,Marketing,11,London,5,Yes,5,5.0,It pays the bills.,8,1,5,33
EMP00224,53,Female,Marketing,10,New York,4,No,6,3.0,I feel energized at work.,8,4,5,42
EMP00225,28,Male,IT,21,Remote,3,No,6,10.0,Terrible work-life balance.,4,4,2,28
EMP00226,62,Male,Marketing,10,London,3,No,1,4.0,I feel energized at work.,10,3,5,43
EMP00227,54,Male,Operations,10,New York,2,Yes,2,8.0,Management expects too much.,9,3,3,37
EMP00228,61,male,Finance,3,Tokyo,4,No,5,5.0,It pays the bills.,4,1,4,23
EMP00229,60,Female,Sales,24,Berlin,3,No,4,5.0,Average experience.,9,2,3,34
EMP00230,39,Female,IT,15,Berlin,3,No,4,7.0,Standard corporate environment.,3,1,2,17
EMP00231,61,Male,Operations,17,Remote,5,No,4,9.0,I need a long break.,9,3,3,37
EMP00232,22,Female,Operations,18,London,3,No,9,6.0,Nothing special to report.,10,1,5,37
EMP00233,32,Male,Operations,19,London,4,Yes,7,1.0,Love the culture here.,5,3,4,31
EMP00234,49,Male,Sales,19,Berlin,3,No,2,3.0,Excellent benefits.,6,4,3,34
EMP00235,46,M,HR,12,New York,4,No,10,4.0,Love the culture here.,6,1,2,23
EMP00236,44,Female,Marketing,24,London,3,Yes,2,2.0,I feel energized at work.,10,2,2,34
EMP00237,52,Male,Marketing,5,Tokyo,3,No,8,4.0,Great work-life balance.,4,4,5,34
EMP00238,51,M,Finance,24,Tokyo,5,No,7,2.0,Love the culture here.,10,2,2,34
EMP00239,63,Male,HR,16,London,4,No,6,6.0,Nothing special to report.,4,2,3,24
EMP00240,56,female,Marketing,15,London,3,Yes,4,9.0,Extremely stressed and burnt out.,10,3,4,41
EMP00241,28,Male,Finance,15,Berlin,3,No,2,1.0,Excellent benefits.,4,2,4,26
EMP00242,37,Male,Finance,6,Remote,1,No,3,5.0,It pays the bills.,6,5,3,37
EMP00243,47,Male,Operations,12,Berlin,4,No,3,9.0,I am exhausted every day.,9,2,4,36
EMP00244,23,Male,IT,2,Remote,3,No,4,8.0,Terrible work-life balance.,7,1,3,27
EMP00245,22,Male,Operations,20,Tokyo,4,No,4,7.0,Nothing special to report.,4,3,5,31
EMP00246,33,Female,Sales,9,Remote,3,No,1,6.0,Standard corporate environment.,9,3,2,35
EMP00247,26,F,Marketing,4,Berlin,3,No,5,7.0,Standard corporate environment.,7,5,3,39
EMP00248,58,Female,Finance,5,London,4,No,6,9.0,I need a long break.,10,3,4,41
EMP00249,53,Male,IT,21,Remote,3,No,7,8.0,Extremely stressed and burnt out.,2,3,3,23
EMP00250,30,Female,Marketing,8,Berlin,4,Yes,7,8.0,Management expects too much.,6,4,3,34
EMP00251,62,Male,Finance,22,Tokyo,3,No,4,1.0,Management is very supportive.,7,4,2,34
EMP00252,56,Male,Finance,10,Remote,3,No,6,6.0,Work is okay.,6,4,3,34
EMP00253,40,Female,Operations,7,Tokyo,3,No,5,9.0,Management expects too much.,10,5,4,47
EMP00254,37,Female,IT,22,Tokyo,1,No,5,6.0,Standard corporate environment.,7,3,2,31
EMP00255,24,Male,IT,14,New York,3,No,4,10.0,Management expects too much.,3,3,2,23
EMP00256,41,Male,Marketing,5,Remote,3,No,3,8.0,Extremely stressed and burnt out.,10,3,4,41
EMP00257,45,Other,Finance,16,Berlin,4,Yes,7,6.0,It pays the bills.,9,2,5,38
EMP00258,54,Male,IT,15,Remote,2,Yes,3,8.0,Terrible work-life balance.,4,3,2,25
EMP00259,45,Female,IT,5,Remote,3,No,5,6.0,It pays the bills.,7,3,1,29
EMP00260,32,Female,Marketing,3,Tokyo,3,No,3,4.0,Great work-life balance.,10,1,3,33
EMP00261,29,Male,Operations,23,Tokyo,1,No,3,8.0,Terrible work-life balance.,4,1,5,25
EMP00262,57,Male,HR,10,Tokyo,1,No,4,6.0,Standard corporate environment.,8,3,5,39
EMP00263,59,Male,Sales,5,Tokyo,3,No,2,9.0,Extremely stressed and burnt out.,10,2,3,36
EMP00264,61,Female,HR,23,Berlin,3,No,4,1.0,Love the culture here.,9,2,2,32
EMP00265,41,Female,IT,15,London,2,No,4,7.0,Nothing special to report.,3,5,3,31
EMP00266,56,Female,Finance,18,New York,2,Yes,6,1.0,Great work-life balance.,10,5,5,49
EMP00267,46,Other,Sales,8,Tokyo,4,No,2,4.0,Management is very supportive.,7,3,5,37
EMP00268,56,Female,Sales,21,Tokyo,4,No,10,9.0,Management expects too much.,5,4,5,36
EMP00269,46,Female,Finance,2,New York,3,No,4,4.0,Great work-life balance.,9,2,4,36
EMP00270,50,Female,Sales,22,Tokyo,5,No,4,5.0,Average experience.,9,4,5,44
EMP00271,39,Female,Finance,8,London,1,No,3,6.0,Nothing special to report.,8,5,2,39
EMP00272,39,Female,Sales,23,Remote,3,No,3,5.0,Standard corporate environment.,9,2,2,32
EMP00273,23,Female,Marketing,8,New York,4,No,6,4.0,Excellent benefits.,10,4,3,42
EMP00274,56,Female,Marketing,4,Berlin,4,No,4,2.0,Management is very supportive.,8,3,4,37
EMP00275,37,Male,HR,19,New York,5,No,3,8.0,I am exhausted every day.,5,4,3,32
EMP00276,62,Female,Sales,23,London,5,Yes,2,3.0,Management is very supportive.,5,5,3,35
EMP00277,57,Male,Operations,18,Berlin,2,No,3,1.0,I feel energized at work.,7,2,2,28
EMP00278,54,Male,Finance,21,Remote,5,No,3,7.0,Nothing special to report.,5,2,3,26
EMP00279,25,Male,Sales,23,Tokyo,5,No,4,8.0,I am exhausted every day.,8,2,2,30
EMP00280,54,Female,Marketing,1,New York,3,No,5,7.0,Nothing special to report.,10,3,2,37
EMP00281,35,Female,Marketing,20,Berlin,5,No,4,4.0,I feel energized at work.,5,2,5,30
EMP00282,42,Male,Finance,15,New York,1,No,2,8.0,Terrible work-life balance.,4,4,5,34
EMP00283,41,Female,Operations,18,Remote,4,No,2,4.0,I feel energized at work.,5,1,2,21
EMP00284,29,Female,Sales,22,New York,3,No,2,5.0,Nothing special to report.,7,1,4,29
EMP00285,28,Male,Sales,12,Berlin,2,No,2,8.0,I am exhausted every day.,10,3,4,41
EMP00286,24,Female,Operations,1,London,3,No,3,2.0,Love the culture here.,6,4,5,38
EMP00287,38,Female,Operations,7,Berlin,3,No,2,8.0,Extremely stressed and burnt out.,7,3,4,35
EMP00288,54,Female,Operations,19,New York,4,No,3,5.0,Work is okay.,4,1,3,21
EMP00289,33,Female,Marketing,1,Remote,3,No,4,5.0,Work is okay.,8,2,5,36
EMP00290,43,Female,Finance,24,Tokyo,3,No,3,7.0,It pays the bills.,7,1,4,29
EMP00291,43,Male,Operations,7,Tokyo,2,No,5,5.0,Nothing special to report.,6,1,3,25
EMP00292,51,Male,Finance,2,Remote,4,No,3,3.0,Management is very supportive.,6,1,2,23
EMP00293,59,Male,HR,7,New York,4,No,3,6.0,Nothing special to report.,6,3,4,33
EMP00294,59,female,Sales,19,Remote,4,No,3,6.0,Standard corporate environment.,9,5,5,47
EMP00295,29,Male,Sales,13,New York,4,No,7,6.0,Standard corporate environment.,10,3,5,43
EMP00296,48,Male,IT,24,Berlin,3,No,3,9.0,I need a long break.,6,5,3,37
EMP00297,48,F,HR,5,London,3,No,3,3.0,Management is very supportive.,4,3,4,29
EMP00298,55,female,Operations,23,New York,3,Yes,5,5.0,Average experience.,4,1,4,23
EMP00299,42,Female,Operations,19,Tokyo,5,Yes,6,3.0,Excellent benefits.,5,2,2,24
EMP00300,51,Male,Marketing,1,Tokyo,4,No,2,2.0,Excellent benefits.,10,4,2,40
EMP00301,54,Male,HR,1,London,3,No,1,6.0,Average experience.,6,5,3,37
EMP00302,49,Male,Operations,18,New York,3,Yes,5,1.0,Love the culture here.,7,3,3,33
EMP00303,54,Male,IT,24,London,3,No,5,7.0,Average experience.,7,2,2,28
EMP00304,26,Male,Finance,1,Berlin,4,Yes,9,7.0,Work is okay.,5,4,5,36
EMP00305,40,Female,Sales,5,London,3,No,1,3.0,Great work-life balance.,7,2,5,34
EMP00306,25,female,HR,9,Berlin,4,Yes,5,9.0,Management expects too much.,4,5,2,31
EMP00307,56,Male,Sales,12,Tokyo,3,No,2,8.0,Terrible work-life balance.,5,5,2,33
EMP00308,38,Female,Finance,9,Berlin,3,No,2,6.0,Standard corporate environment.,4,4,2,28
EMP00309,49,Female,HR,18,New York,4,No,5,1.0,Great work-life balance.,4,4,3,30
EMP00310,51,Male,Finance,23,New York,3,No,7,2.0,Excellent benefits.,4,5,3,33
EMP00311,50,Female,Operations,11,New York,5,No,4,8.0,Extremely stressed and burnt out.,9,5,2,41
EMP00312,27,Male,Operations,1,New York,2,No,3,6.0,Nothing special to report.,8,1,3,29
EMP00313,56,Male,Operations,19,Remote,3,Yes,3,1.0,I feel energized at work.,5,4,3,32
EMP00314,62,Female,Finance,22,Berlin,3,No,3,9.0,I need a long break.,7,4,2,34
EMP00315,58,Male,Finance,10,New York,4,No,4,8.0,Extremely stressed and burnt out.,4,5,4,35
EMP00316,45,Other,Finance,2,London,4,No,4,2.0,I feel energized at work.,8,3,5,39
EMP00317,50,Male,Sales,7,London,2,Yes,6,5.0,Nothing special to report.,8,1,3,29
EMP00318,52,Female,Finance,20,Remote,3,No,3,3.0,Great work-life balance.,7,3,5,37
EMP00319,56,Female,Operations,2,Berlin,3,No,2,1.0,Excellent benefits.,7,5,2,37
EMP00320,54,Male,IT,19,Berlin,3,No,4,6.0,Nothing special to report.,4,1,2,19
EMP00321,42,Male,Finance,6,Berlin,3,Yes,3,7.0,Work is okay.,7,1,2,25
EMP00322,53,Female,IT,10,Remote,3,No,7,8.0,Management expects too much.,5,5,2,33
EMP00323,44,M,Operations,9,Berlin,3,No,3,6.0,Nothing special to report.,7,2,2,28
EMP00324,54,M,Finance,8,Berlin,3,Yes,5,3.0,Love the culture here.,5,2,4,28
EMP00325,24,Female,Sales,11,New York,2,No,3,5.0,Work is okay.,4,4,5,34
EMP00326,39,Female,Sales,9,Berlin,3,Yes,5,1.0,Excellent benefits.,5,5,3,35
EMP00327,46,Female,IT,20,New York,2,No,3,7.0,Nothing special to report.,3,5,1,27
EMP00328,63,Female,Marketing,20,New York,3,No,5,1.0,Love the culture here.,4,3,4,29
EMP00329,52,Female,Sales,9,Berlin,4,No,5,2.0,Love the culture here.,4,5,5,37
EMP00330,24,Female,Sales,8,London,2,No,5,4.0,Management is very supportive.,8,2,2,30
EMP00331,61,M,Sales,15,Tokyo,2,No,4,6.0,Work is okay.,7,5,4,41
EMP00332,45,Male,Operations,2,London,2,No,2,8.0,Management expects too much.,8,3,5,39
EMP00333,53,M,Sales,24,Berlin,4,No,4,9.0,Extremely stressed and burnt out.,7,4,4,38
EMP00334,43,Female,HR,1,Berlin,2,Yes,4,7.0,Work is okay.,10,1,5,37
EMP00335,44,Male,Finance,9,London,5,No,6,4.0,Excellent benefits.,10,4,5,46
EMP00336,23,Male,Sales,9,Berlin,3,No,3,7.0,Nothing special to report.,10,3,5,43
EMP00337,48,Male,Marketing,13,New York,3,No,6,1.0,Management is very supportive.,5,5,4,37
EMP00338,63,Female,Marketing,8,Remote,2,No,4,6.0,Work is okay.,9,2,5,38
EMP00339,23,M,Sales,21,Berlin,3,No,6,1.0,Management is very supportive.,10,5,4,47
EMP00340,47,Male,Sales,5,Berlin,3,Yes,6,8.0,I am exhausted every day.,5,1,3,23
EMP00341,38,M,HR,3,London,3,No,6,4.0,Love the culture here.,4,2,3,24
EMP00342,61,F,Sales,21,New York,3,Yes,2,8.0,I need a long break.,7,4,3,36
EMP00343,54,Male,Sales,4,London,3,No,6,5.0,Nothing special to report.,9,3,5,41
EMP00344,30,F,Finance,17,London,3,Yes,2,2.0,Great work-life balance.,4,4,2,28
EMP00345,64,Other,Marketing,16,Berlin,3,No,4,6.0,Work is okay.,10,1,5,37
EMP00346,60,Female,HR,16,New York,3,No,7,4.0,Management is very supportive.,10,1,2,31
EMP00347,50,Female,Marketing,20,Berlin,4,No,6,3.0,Love the culture here.,5,5,2,33
EMP00348,63,Other,HR,3,Berlin,3,No,5,9.0,I am exhausted every day.,4,5,2,31
EMP00349,47,Female,Marketing,6,Berlin,3,No,2,9.0,Terrible work-life balance.,8,5,5,45
EMP00350,56,Male,Sales,1,Berlin,3,No,4,2.0,Management is very supportive.,7,1,5,31
EMP00351,46,M,Marketing,21,Remote,1,No,3,5.0,Work is okay.,4,2,4,26
EMP00352,45,Female,Marketing,16,Tokyo,3,No,5,7.0,It pays the bills.,5,4,4,34
EMP00353,34,Female,HR,15,New York,3,Yes,2,9.0,I need a long break.,7,4,5,40
EMP00354,28,Male,IT,7,Remote,2,No,6,7.0,Average experience.,4,3,1,23
EMP00355,57,Female,HR,2,Tokyo,5,No,3,4.0,Love the culture here.,4,3,5,31
EMP00356,41,Male,HR,10,Tokyo,3,No,4,3.0,Love the culture here.,7,2,4,32
EMP00357,22,male,HR,15,Tokyo,3,Yes,2,1.0,Great work-life balance.,5,5,5,39
EMP00358,29,Male,Operations,6,Remote,4,No,5,1.0,Excellent benefits.,9,5,3,43
EMP00359,37,Male,Operations,2,New York,2,No,4,9.0,I need a long break.,8,2,5,36
EMP00360,35,Female,Operations,24,London,4,No,2,4.0,I feel energized at work.,10,4,5,46
EMP00361,33,Male,HR,24,Tokyo,3,No,3,8.0,I am exhausted every day.,4,5,5,37
EMP00362,44,Female,IT,17,London,3,Yes,6,9.0,Management expects too much.,4,4,2,28
EMP00363,36,male,HR,1,London,4,No,4,6.0,Work is okay.,6,1,3,25
EMP00364,49,M,Sales,1,Berlin,5,Yes,4,4.0,Love the culture here.,8,3,4,37
EMP00365,55,Male,IT,4,London,4,No,3,7.0,It pays the bills.,3,5,1,27
EMP00366,23,Male,Operations,20,Berlin,3,No,4,1.0,Management is very supportive.,9,3,2,35
EMP00367,53,M,Marketing,16,New York,3,No,5,8.0,Management expects too much.,10,2,2,34
EMP00368,44,male,Marketing,8,New York,3,No,7,6.0,Work is okay.,8,1,5,33
EMP00369,43,Female,Finance,1,Berlin,4,Yes,2,5.0,Average experience.,5,5,3,35
EMP00370,46,Female,IT,19,New York,2,Yes,1,10.0,I need a long break.,2,5,3,29
EMP00371,43,Male,Operations,11,Tokyo,3,No,1,3.0,Great work-life balance.,8,4,5,42
EMP00372,43,F,IT,17,New York,4,No,5,7.0,Standard corporate environment.,2,3,3,23
EMP00373,63,Female,IT,10,Berlin,4,No,3,8.0,I am exhausted every day.,4,1,1,17
EMP00374,27,Male,Marketing,12,Tokyo,3,Yes,4,2.0,I feel energized at work.,9,4,4,42
EMP00375,36,Male,HR,9,London,4,No,2,2.0,Great work-life balance.,8,1,2,27
EMP00376,64,F,Sales,7,London,2,Yes,3,1.0,I feel energized at work.,4,1,2,19
EMP00377,58,Male,Finance,12,London,2,No,1,3.0,Excellent benefits.,4,2,5,28
EMP00378,54,Male,Operations,15,Berlin,3,No,5,3.0,I feel energized at work.,10,2,4,38
EMP00379,29,Female,IT,8,London,3,No,7,9.0,Extremely stressed and burnt out.,5,4,2,30
EMP00380,26,Male,Finance,17,New York,4,No,5,3.0,Love the culture here.,9,4,5,44
EMP00381,60,Male,IT,5,London,4,No,7,9.0,Terrible work-life balance.,6,4,3,34
EMP00382,25,M,Marketing,14,Remote,3,Yes,2,4.0,Excellent benefits.,9,1,2,29
EMP00383,27,F,Sales,2,Remote,4,Yes,5,1.0,I feel energized at work.,9,5,2,41
EMP00384,53,M,Marketing,16,London,2,No,5,2.0,Excellent benefits.,4,2,2,22
EMP00385,51,F,Finance,17,London,3,No,3,7.0,Nothing special to report.,8,5,5,45
EMP00386,56,Female,Operations,3,Remote,2,Yes,5,6.0,It pays the bills.,6,3,3,31
EMP00387,61,M,IT,23,London,4,No,3,6.0,Standard corporate environment.,4,2,2,22
EMP00388,37,Male,Sales,1,Tokyo,3,No,7,6.0,Average experience.,8,3,4,37
EMP00389,34,Female,Marketing,18,Remote,3,No,4,2.0,I feel energized at work.,4,3,4,29
EMP00390,63,Other,Finance,18,Berlin,3,No,2,8.0,Terrible work-life balance.,8,4,4,40
EMP00391,51,Male,Marketing,4,Remote,3,No,7,9.0,Terrible work-life balance.,4,1,3,21
EMP00392,40,Male,IT,15,New York,4,No,7,10.0,Extremely stressed and burnt out.,5,5,2,33
EMP00393,38,Female,IT,19,Tokyo,3,No,5,9.0,Extremely stressed and burnt out.,3,3,2,23
EMP00394,40,Male,Operations,19,Berlin,1,Yes,4,2.0,Love the culture here.,7,4,4,38
EMP00395,49,Male,Sales,10,London,5,No,4,5.0,It pays the bills.,8,1,3,29
EMP00396,47,M,HR,5,New York,2,No,1,5.0,It pays the bills.,10,2,5,40
EMP00397,58,female,Marketing,19,New York,4,No,5,1.0,Management is very supportive.,6,3,4,33
EMP00398,47,Female,IT,11,Tokyo,3,No,3,9.0,Management expects too much.,3,4,2,26
EMP00399,44,Male,Finance,7,Berlin,3,No,5,5.0,Nothing special to report.,10,4,3,42
EMP00400,30,Male,Marketing,5,New York,4,No,7,1.0,Excellent benefits.,5,4,2,30
EMP00401,33,F,Operations,20,Berlin,2,Yes,1,3.0,Love the culture here.,4,2,2,22
EMP00402,22,Female,Operations,12,Berlin,4,Yes,2,9.0,I need a long break.,4,1,4,23
EMP00403,22,Male,IT,19,New York,3,No,5,9.0,Management expects too much.,6,5,2,35
EMP00404,55,Female,IT,15,Berlin,3,No,2,6.0,It pays the bills.,3,5,3,31
EMP00405,53,Male,IT,12,Tokyo,4,No,3,6.0,Nothing special to report.,7,3,2,31
EMP00406,46,Female,HR,4,New York,1,No,5,3.0,I feel energized at work.,10,1,3,33
EMP00407,61,F,IT,12,Tokyo,3,No,3,10.0,I am exhausted every day.,7,3,2,31
EMP00408,22,Female,Marketing,18,Tokyo,4,No,3,3.0,I feel energized at work.,10,5,2,43
EMP00409,37,Female,Marketing,17,Berlin,4,Yes,3,4.0,I feel energized at work.,10,2,3,36
EMP00410,60,Male,Sales,19,Berlin,3,No,1,4.0,Excellent benefits.,7,1,2,25
EMP00411,26,Female,Finance,16,New York,4,Yes,8,8.0,Management expects too much.,5,1,2,21
EMP00412,43,Female,IT,11,London,5,No,8,8.0,Management expects too much.,5,3,1,25
EMP00413,50,Male,Marketing,2,New York,2,No,5,4.0,Love the culture here.,6,3,5,35
EMP00414,24,Female,Marketing,16,Tokyo,3,No,3,3.0,Love the culture here.,5,2,2,24
EMP00415,33,Male,Marketing,1,Berlin,3,No,7,7.0,Average experience.,4,1,2,19
EMP00416,47,M,HR,17,Tokyo,4,No,5,5.0,Standard corporate environment.,4,5,2,31
EMP00417,37,Female,Finance,18,Remote,4,No,7,1.0,Great work-life balance.,4,5,4,35
EMP00418,58,Other,Operations,13,Remote,4,No,1,1.0,I feel energized at work.,10,4,2,40
EMP00419,43,Male,Marketing,5,Tokyo,5,Yes,2,6.0,Nothing special to report.,4,5,5,37
EMP00420,50,Female,IT,24,London,3,No,3,8.0,Terrible work-life balance.,5,4,2,30
EMP00421,35,Female,Marketing,6,London,1,Yes,6,9.0,I need a long break.,4,4,4,32
EMP00422,49,Female,Finance,1,New York,3,No,1,2.0,Excellent benefits.,5,3,4,31
EMP00423,26,Male,Operations,10,New York,3,No,2,3.0,Excellent benefits.,4,5,2,31
EMP00424,51,Female,HR,5,New York,4,Yes,6,9.0,I am exhausted every day.,10,4,4,44
EMP00425,26,Female,Sales,1,Berlin,4,Yes,3,6.0,It pays the bills.,5,5,5,39
EMP00426,33,Male,IT,23,London,3,Yes,2,6.0,Average experience.,7,5,2,37
EMP00427,37,Male,Sales,11,Tokyo,3,No,7,2.0,Love the culture here.,10,5,4,47
EMP00428,47,Female,HR,24,Remote,4,No,3,5.0,It pays the bills.,7,2,4,32
EMP00429,47,Female,Finance,24,London,3,No,6,6.0,Average experience.,4,4,4,32
EMP00430,42,Male,Finance,7,London,3,No,5,1.0,Love the culture here.,9,5,5,47
EMP00431,60,Male,HR,18,London,3,No,2,2.0,Great work-life balance.,4,3,4,29
EMP00432,57,Male,Marketing,21,New York,3,No,6,6.0,Work is okay.,8,2,2,30
EMP00433,54,Female,HR,20,Berlin,5,No,1,6.0,Work is okay.,7,4,2,34
EMP00434,51,Female,IT,21,Tokyo,3,No,3,10.0,Terrible work-life balance.,7,1,2,25
EMP00435,58,M,Operations,10,New York,4,No,1,9.0,Extremely stressed and burnt out.,9,4,3,40
EMP00436,44,female,Sales,15,Berlin,3,No,4,2.0,Excellent benefits.,5,2,3,26
EMP00437,31,Female,Sales,4,London,2,No,5,9.0,I need a long break.,4,3,4,29
EMP00438,26,Male,Finance,16,Berlin,2,No,4,9.0,Terrible work-life balance.,6,2,4,30
EMP00439,57,Male,Marketing,15,New York,3,No,4,9.0,I am exhausted every day.,6,5,4,39
EMP00440,55,Male,Finance,15,London,2,No,2,9.0,Extremely stressed and burnt out.,7,2,4,32
EMP00441,52,male,IT,12,New York,3,Yes,3,8.0,Terrible work-life balance.,5,1,2,21
EMP00442,31,Female,HR,8,Tokyo,3,Yes,4,9.0,Terrible work-life balance.,9,1,2,29
EMP00443,40,Male,Sales,8,London,4,No,3,9.0,Terrible work-life balance.,9,5,4,45
EMP00444,53,Male,IT,18,Berlin,3,No,5,8.0,Management expects too much.,2,5,3,29
EMP00445,22,Female,Finance,6,New York,2,No,0,4.0,Great work-life balance.,9,1,3,31
EMP00446,26,Female,Finance,5,Remote,4,Yes,3,4.0,I feel energized at work.,10,3,3,39
EMP00447,25,Male,Sales,2,Berlin,3,No,3,4.0,I feel energized at work.,9,2,2,32
EMP00448,37,female,Finance,12,Berlin,5,Yes,1,7.0,Nothing special to report.,9,1,2,29
EMP00449,45,Female,Marketing,4,London,5,No,4,5.0,It pays the bills.,9,5,2,41
EMP00450,37,Male,Finance,23,Berlin,4,No,7,7.0,Average experience.,10,5,3,45
EMP00451,23,F,Operations,13,New York,4,Yes,1,6.0,Standard corporate environment.,8,3,2,33
EMP00452,49,Male,HR,17,Remote,2,No,5,7.0,Average experience.,6,4,4,36
EMP00453,53,male,Finance,16,Tokyo,2,Yes,6,8.0,Terrible work-life balance.,8,5,2,39
EMP00454,48,Other,Operations,9,Remote,4,No,3,6.0,Standard corporate environment.,8,3,3,35
EMP00455,41,Female,IT,1,New York,3,No,4,6.0,Average experience.,3,1,2,17
EMP00456,45,Female,Finance,15,London,3,No,10,4.0,Great work-life balance.,10,4,5,46
EMP00457,33,Male,Marketing,12,New York,4,No,3,5.0,Work is okay.,7,1,4,29
EMP00458,56,female,IT,5,Berlin,4,No,8,6.0,It pays the bills.,3,3,3,25
EMP00459,54,Female,Finance,23,London,2,Yes,2,9.0,Management expects too much.,4,1,4,23
EMP00460,54,Female,Sales,24,Tokyo,3,No,4,2.0,Love the culture here.,7,2,3,30
EMP00461,64,male,Operations,18,Tokyo,1,No,6,2.0,Excellent benefits.,7,3,3,33
EMP00462,58,female,Operations,20,New York,4,No,4,9.0,Extremely stressed and burnt out.,4,4,2,28
EMP00463,33,M,Sales,2,Berlin,3,Yes,5,6.0,Standard corporate environment.,9,5,2,41
EMP00464,24,Male,HR,4,Tokyo,5,Yes,4,8.0,Extremely stressed and burnt out.,9,1,4,33
EMP00465,22,female,Marketing,15,Remote,4,Yes,4,8.0,I need a long break.,9,3,5,41
EMP00466,54,Female,Operations,6,London,2,No,5,8.0,I need a long break.,9,1,4,33
EMP00467,61,male,IT,22,Remote,2,Yes,7,10.0,I am exhausted every day.,4,3,3,27
EMP00468,31,Female,Marketing,12,Tokyo,3,Yes,2,4.0,Love the culture here.,4,3,5,31
EMP00469,64,Male,Operations,18,Tokyo,5,Yes,8,3.0,Excellent benefits.,4,4,3,30
EMP00470,50,Male,HR,20,New York,3,No,3,4.0,Love the culture here.,6,1,2,23
EMP00471,34,Female,IT,4,New York,4,Yes,3,9.0,Management expects too much.,6,1,2,23
EMP00472,33,Female,Marketing,1,London,3,No,2,8.0,Management expects too much.,8,3,4,37
EMP00473,52,Male,IT,15,New York,3,No,5,6.0,Standard corporate environment.,4,2,3,24
EMP00474,23,Female,Sales,18,Berlin,5,No,3,9.0,Extremely stressed and burnt out.,10,5,3,45
EMP00475,56,Male,Finance,14,London,1,Yes,4,3.0,Excellent benefits.,9,5,4,45
EMP00476,44,M,Sales,3,Berlin,4,No,4,6.0,Nothing special to report.,9,2,4,36
EMP00477,38,Female,Marketing,15,New York,1,No,2,3.0,Excellent benefits.,8,4,4,40
EMP00478,47,Male,Finance,5,London,4,Yes,5,9.0,I am exhausted every day.,4,2,5,28
EMP00479,29,Male,Sales,24,Tokyo,4,No,0,1.0,Great work-life balance.,5,2,5,30
EMP00480,50,Male,Finance,22,Remote,4,No,4,7.0,Standard corporate environment.,7,4,3,36
EMP00481,47,Female,Operations,3,Tokyo,2,Yes,4,5.0,It pays the bills.,4,3,4,29
EMP00482,31,Male,IT,22,Berlin,2,No,1,8.0,Average experience.,6,1,2,23
EMP00483,47,Male,Finance,7,Tokyo,3,No,2,3.0,Great work-life balance.,8,5,2,39
EMP00484,55,female,Operations,6,Tokyo,3,No,2,7.0,Nothing special to report.,9,5,5,47
EMP00485,62,F,HR,22,Remote,4,No,3,1.0,Great work-life balance.,10,5,5,49
EMP00486,28,Female,Sales,1,Remote,3,Yes,2,6.0,Average experience.,6,2,3,28
EMP00487,25,Other,HR,19,Tokyo,2,Yes,4,7.0,It pays the bills.,9,3,2,35
EMP00488,32,Male,Marketing,7,Remote,4,No,3,9.0,I need a long break.,6,3,5,35
EMP00489,50,Female,Operations,4,Tokyo,4,No,1,9.0,Terrible work-life balance.,6,2,4,30
EMP00490,57,Female,HR,12,London,5,No,2,7.0,It pays the bills.,9,4,4,42
EMP00491,46,Female,HR,20,Tokyo,3,No,5,5.0,It pays the bills.,4,4,5,34
EMP00492,42,Male,Operations,23,New York,3,No,3,7.0,Work is okay.,10,3,4,41
EMP00493,57,Female,IT,18,Remote,2,No,3,8.0,Extremely stressed and burnt out.,6,2,2,26
EMP00494,31,Female,Finance,9,Remote,2,No,0,5.0,Standard corporate environment.,8,5,3,41
EMP00495,58,Female,Marketing,19,Berlin,3,Yes,0,7.0,Work is okay.,7,1,3,27
EMP00496,30,Male,Marketing,22,Berlin,5,No,4,4.0,Excellent benefits.,4,3,4,29
EMP00497,45,Male,Sales,4,New York,2,No,7,2.0,Excellent benefits.,10,5,2,43
EMP00498,56,Male,Finance,1,Remote,3,No,4,6.0,Standard corporate environment.,7,3,3,33
EMP00499,56,Male,Sales,9,Remote,2,No,5,7.0,Nothing special to report.,8,1,4,31
EMP00500,57,Female,Marketing,15,Berlin,3,Yes,3,7.0,Work is okay.,6,4,5,38
EMP00501,39,Male,Finance,22,Berlin,2,No,3,8.0,Extremely stressed and burnt out.,7,3,3,33
EMP00502,60,F,HR,8,Tokyo,3,No,5,5.0,Nothing special to report.,9,2,3,34
EMP00503,53,Male,IT,15,Remote,3,No,4,10.0,I am exhausted every day.,2,4,3,26
EMP00504,45,Male,HR,15,Remote,2,Yes,5,8.0,I am exhausted every day.,4,4,5,34
EMP00505,44,Female,IT,18,Tokyo,2,Yes,2,8.0,Work is okay.,6,5,3,37
EMP00506,53,Male,Operations,7,Remote,4,No,5,1.0,Love the culture here.,4,2,3,24
EMP00507,58,Female,Sales,22,New York,3,No,6,8.0,Management expects too much.,4,3,2,25
EMP00508,33,Female,Sales,18,Berlin,2,No,3,4.0,Management is very supportive.,5,3,2,27
EMP00509,34,Male,Operations,16,Berlin,5,No,2,5.0,Work is okay.,6,2,2,26
EMP00510,44,Male,Finance,2,Berlin,3,No,3,4.0,Great work-life balance.,9,4,5,44
EMP00511,46,Male,Operations,4,London,3,Yes,4,7.0,Work is okay.,10,3,3,39
EMP00512,56,Male,Marketing,20,New York,4,Yes,3,3.0,I feel energized at work.,4,3,5,31
EMP00513,62,Male,Operations,16,New York,3,No,9,2.0,I feel energized at work.,7,3,3,33
EMP00514,51,Male,IT,3,Tokyo,4,Yes,4,7.0,Work is okay.,6,1,2,23
EMP00515,38,Male,Marketing,24,London,5,No,4,2.0,Great work-life balance.,10,2,5,40
EMP00516,41,Female,Operations,23,Remote,2,Yes,4,7.0,It pays the bills.,7,1,5,31
EMP00517,46,Female,Sales,2,New York,4,No,3,6.0,Average experience.,6,1,2,23
EMP00518,43,Female,HR,3,London,2,No,2,2.0,Management is very supportive.,5,5,3,35
EMP00519,34,Male,IT,5,London,3,No,2,8.0,Nothing special to report.,7,3,3,33
EMP00520,40,Male,IT,2,New York,4,No,3,9.0,I am exhausted every day.,5,1,1,19
EMP00521,57,F,Finance,19,Tokyo,5,No,2,6.0,It pays the bills.,5,2,2,24
EMP00522,33,Female,HR,24,London,4,No,8,5.0,Work is okay.,8,5,2,39
EMP00523,62,F,IT,20,Berlin,2,No,4,9.0,I need a long break.,6,5,2,35
EMP00524,40,Male,Operations,2,London,3,No,4,7.0,It pays the bills.,5,4,5,36
EMP00525,33,Female,IT,2,Remote,3,No,6,6.0,It pays the bills.,3,4,1,24
EMP00526,30,Female,IT,22,New York,3,No,8,9.0,Extremely stressed and burnt out.,2,5,3,29
EMP00527,28,Male,IT,24,Remote,5,No,6,7.0,Standard corporate environment.,3,2,2,20
EMP00528,49,Female,Finance,23,Tokyo,3,No,3,3.0,I feel energized at work.,10,1,2,31
EMP00529,35,Female,IT,20,Berlin,3,Yes,5,8.0,Work is okay.,7,4,2,34
EMP00530,52,Male,IT,18,New York,2,No,0,9.0,Extremely stressed and burnt out.,5,1,2,21
EMP00531,40,Male,Finance,20,London,3,Yes,1,7.0,It pays the bills.,8,2,2,30
EMP00532,37,Female,Marketing,21,Berlin,4,No,5,9.0,Terrible work-life balance.,9,1,2,29
EMP00533,26,male,HR,14,London,3,Yes,4,6.0,It pays the bills.,8,5,4,43
EMP00534,56,Male,Marketing,15,Tokyo,4,No,9,5.0,Nothing special to report.,10,4,3,42
EMP00535,33,Male,Sales,12,New York,2,No,3,9.0,I am exhausted every day.,8,2,4,34
EMP00536,46,Male,Finance,11,Tokyo,3,No,3,8.0,Management expects too much.,5,5,5,39
EMP00537,42,Female,Finance,11,Tokyo,4,No,5,8.0,Terrible work-life balance.,6,2,5,32
EMP00538,57,Male,IT,7,Tokyo,2,No,3,7.0,Standard corporate environment.,5,4,1,28
EMP00539,44,Other,IT,12,Tokyo,3,No,3,7.0,Standard corporate environment.,4,1,3,21
EMP00540,37,Male,Sales,16,London,4,Yes,1,7.0,Work is okay.,9,2,2,32
EMP00541,60,Male,IT,5,Remote,3,No,3,7.0,Nothing special to report.,6,4,2,32
EMP00542,63,Female,Operations,2,London,3,No,7,2.0,Excellent benefits.,7,5,4,41
EMP00543,60,M,IT,22,Berlin,4,No,1,8.0,I am exhausted every day.,2,4,2,24
EMP00544,35,Female,IT,16,Tokyo,5,No,5,8.0,Average experience.,6,1,1,21
EMP00545,52,Female,Operations,23,Berlin,2,No,4,6.0,Work is okay.,4,4,5,34
EMP00546,26,Other,Sales,15,London,4,No,4,9.0,Terrible work-life balance.,9,5,4,45
EMP00547,56,Male,Operations,11,Tokyo,2,No,3,1.0,I feel energized at work.,7,5,2,37
EMP00548,44,F,Finance,6,London,1,No,2,7.0,Average experience.,10,2,3,36
EMP00549,50,Male,Operations,13,Tokyo,3,No,4,7.0,Work is okay.,10,5,5,49
EMP00550,64,Female,HR,19,London,5,No,3,8.0,Management expects too much.,5,3,3,29
EMP00551,32,Female,Finance,10,New York,3,No,5,1.0,I feel energized at work.,10,5,5,49
EMP00552,39,Male,IT,24,Remote,3,Yes,6,9.0,Management expects too much.,4,1,2,19
EMP00553,33,F,Finance,19,Remote,2,Yes,3,4.0,Great work-life balance.,5,5,4,37
EMP00554,30,Male,Sales,5,Tokyo,5,Yes,3,5.0,Average experience.,4,2,3,24
EMP00555,31,Male,Sales,21,New York,3,Yes,5,2.0,Management is very supportive.,4,5,5,37
EMP00556,38,Female,Operations,7,Berlin,3,Yes,1,2.0,Excellent benefits.,8,4,3,38
EMP00557,59,Male,Finance,11,New York,4,No,1,4.0,Excellent benefits.,8,4,4,40
EMP00558,28,Female,IT,14,Tokyo,4,No,5,8.0,I am exhausted every day.,5,4,2,30
EMP00559,34,Male,Sales,23,New York,2,No,2,7.0,Work is okay.,9,3,4,39
EMP00560,61,Male,Marketing,21,Berlin,3,No,1,7.0,Average experience.,6,2,4,30
EMP00561,63,Male,IT,16,Tokyo,5,No,6,7.0,Nothing special to report.,4,4,3,30
EMP00562,30,Male,Marketing,18,Remote,5,Yes,3,5.0,Nothing special to report.,7,4,4,38
EMP00563,48,Female,HR,21,New York,2,No,5,5.0,Nothing special to report.,9,4,4,42
EMP00564,23,Female,Marketing,23,Remote,3,No,3,8.0,Extremely stressed and burnt out.,9,2,5,38
EMP00565,26,male,Sales,23,Remote,2,No,4,8.0,I need a long break.,6,4,5,38
EMP00566,50,M,Operations,4,London,3,No,6,4.0,Excellent benefits.,8,3,4,37
EMP00567,58,Male,HR,1,Berlin,4,No,3,1.0,I feel energized at work.,7,4,5,40
EMP00568,59,Female,Finance,22,New York,3,No,3,6.0,It pays the bills.,9,1,5,35
EMP00569,40,Male,IT,15,Remote,4,No,5,9.0,Management expects too much.,4,3,2,25
EMP00570,29,Male,Sales,14,Remote,4,No,7,7.0,Work is okay.,9,1,2,29
EMP00571,22,Female,HR,19,Berlin,4,No,5,1.0,I feel energized at work.,10,4,4,44
EMP00572,43,Male,HR,5,Remote,5,Yes,1,8.0,Management expects too much.,9,4,2,38
EMP00573,38,Male,Sales,4,Remote,3,No,2,9.0,Management expects too much.,4,2,5,28
EMP00574,28,male,Finance,13,Remote,3,No,4,8.0,I am exhausted every day.,9,1,4,33
EMP00575,46,Female,Finance,18,Remote,4,No,1,3.0,Management is very supportive.,7,1,4,29
EMP00576,25,Female,Operations,12,London,4,No,3,9.0,Extremely stressed and burnt out.,8,5,3,41
EMP00577,57,Male,Marketing,23,London,2,No,3,3.0,Great work-life balance.,4,5,4,35
EMP00578,27,Male,Finance,21,Tokyo,4,No,5,4.0,Love the culture here.,6,5,2,35
EMP00579,52,F,Operations,15,New York,2,Yes,10,6.0,Work is okay.,10,5,5,49
EMP00580,40,Male,Marketing,23,Berlin,1,No,5,7.0,Work is okay.,6,1,5,29
EMP00581,60,Female,HR,9,Tokyo,2,No,2,8.0,I am exhausted every day.,7,2,5,34
EMP00582,48,Male,Sales,4,London,5,Yes,4,7.0,Average experience.,5,5,3,35
EMP00583,31,Female,Finance,5,London,3,Yes,4,3.0,Management is very supportive.,5,1,4,25
EMP00584,47,Male,Operations,9,London,1,No,4,2.0,Great work-life balance.,5,2,2,24
EMP00585,40,M,HR,13,Tokyo,5,Yes,3,2.0,Great work-life balance.,6,2,5,32
EMP00586,60,M,Finance,10,London,4,Yes,5,9.0,I need a long break.,8,5,4,43
EMP00587,24,Female,IT,16,Tokyo,4,No,2,10.0,I need a long break.,2,1,1,13
EMP00588,34,Male,HR,13,London,3,No,2,6.0,Nothing special to report.,10,3,4,41
EMP00589,49,M,Finance,4,Remote,2,No,2,7.0,Work is okay.,8,1,4,31
EMP00590,41,Female,HR,21,Remote,3,No,4,5.0,Work is okay.,8,2,3,32
EMP00591,49,Male,Sales,13,New York,4,No,7,4.0,Excellent benefits.,8,4,2,36
EMP00592,29,Female,Sales,21,London,4,No,2,6.0,Standard corporate environment.,10,5,3,45
EMP00593,62,Male,Sales,8,New York,4,No,8,1.0,Excellent benefits.,9,2,3,34
EMP00594,60,Male,Marketing,13,Tokyo,4,No,2,7.0,Work is okay.,5,3,4,31
EMP00595,22,Female,IT,15,New York,3,Yes,8,9.0,I need a long break.,4,3,1,23
EMP00596,24,Male,Sales,20,London,4,No,6,2.0,I feel energized at work.,5,3,3,29
EMP00597,34,Female,IT,20,Tokyo,3,No,8,9.0,Terrible work-life balance.,7,3,3,33
EMP00598,49,Male,Sales,13,Tokyo,2,No,5,8.0,Terrible work-life balance.,8,1,5,33
EMP00599,46,F,Marketing,23,Remote,3,No,4,5.0,Standard corporate environment.,6,2,5,32
EMP00600,54,female,HR,5,Tokyo,4,Yes,4,1.0,I feel energized at work.,9,3,3,37
EMP00601,59,F,Finance,22,Tokyo,4,No,5,1.0,Management is very supportive.,7,2,3,30
EMP00602,27,Male,Finance,22,New York,3,No,5,7.0,Standard corporate environment.,7,2,3,30
EMP00603,53,Male,Sales,6,Tokyo,2,No,5,7.0,It pays the bills.,6,4,2,32
EMP00604,42,Female,Finance,5,Berlin,1,No,4,4.0,I feel energized at work.,6,1,4,27
EMP00605,37,Male,Sales,13,Remote,5,Yes,4,5.0,Average experience.,7,4,4,38
EMP00606,42,Male,Sales,5,Remote,4,No,4,5.0,Average experience.,8,5,5,45
EMP00607,32,Female,Operations,13,Tokyo,5,No,3,7.0,Work is okay.,6,5,3,37
EMP00608,58,Female,Operations,24,New York,4,No,3,3.0,Management is very supportive.,6,5,5,41
EMP00609,57,Other,Operations,20,Remote,3,No,3,5.0,Standard corporate environment.,9,4,4,42
EMP00610,56,Male,IT,23,Remote,2,No,5,9.0,Extremely stressed and burnt out.,4,2,2,22
EMP00611,40,Male,Operations,8,Berlin,3,Yes,1,7.0,Standard corporate environment.,9,5,3,43
EMP00612,41,Male,Sales,9,Tokyo,1,Yes,3,9.0,I am exhausted every day.,9,5,2,41
EMP00613,39,male,Marketing,21,Remote,2,No,6,4.0,I feel energized at work.,8,4,2,36
EMP00614,62,Female,Marketing,19,Remote,3,No,4,1.0,Great work-life balance.,6,2,2,26
EMP00615,35,M,HR,20,Remote,4,No,6,5.0,Work is okay.,5,5,2,33
EMP00616,36,male,Operations,15,Remote,3,No,4,4.0,Excellent benefits.,4,1,4,23
EMP00617,52,Female,Marketing,22,New York,3,No,3,3.0,Love the culture here.,5,5,4,37
EMP00618,22,Female,Operations,10,London,3,Yes,3,7.0,Average experience.,4,4,5,34
EMP00619,24,Male,HR,11,Berlin,2,No,2,9.0,I need a long break.,4,4,5,34
EMP00620,37,Female,Marketing,5,New York,4,No,4,4.0,Love the culture here.,6,1,5,29
EMP00621,44,Female,Sales,9,Berlin,4,Yes,2,6.0,Work is okay.,10,2,5,40
EMP00622,32,Female,IT,11,Remote,3,Yes,2,6.0,Work is okay.,3,1,1,15
EMP00623,33,male,Operations,19,Berlin,4,No,3,1.0,Excellent benefits.,8,5,5,45
EMP00624,31,Other,Marketing,2,Tokyo,3,No,3,3.0,Management is very supportive.,4,4,4,32
EMP00625,53,Female,Marketing,6,Tokyo,2,No,5,5.0,Average experience.,7,2,2,28
EMP00626,37,Female,HR,23,London,3,No,2,6.0,Nothing special to report.,8,5,3,41
EMP00627,29,Female,Sales,21,London,5,No,7,9.0,Terrible work-life balance.,4,1,2,19
EMP00628,59,Male,Finance,1,Berlin,2,No,6,9.0,Terrible work-life balance.,7,5,2,37
EMP00629,33,Male,Marketing,3,New York,3,No,7,1.0,Excellent benefits.,8,1,4,31
EMP00630,45,Female,IT,3,New York,4,No,2,7.0,Average experience.,6,3,3,31
EMP00631,49,Female,HR,14,Remote,3,Yes,3,8.0,I am exhausted every day.,8,3,4,37
EMP00632,29,Male,Marketing,20,New York,3,No,4,5.0,Work is okay.,9,4,5,44
EMP00633,49,male,Marketing,22,London,4,Yes,3,3.0,Excellent benefits.,4,2,4,26
EMP00634,57,Male,HR,5,New York,3,No,6,9.0,Terrible work-life balance.,5,4,5,36
EMP00635,47,Male,HR,17,Remote,4,Yes,5,2.0,I feel energized at work.,4,5,5,37
EMP00636,29,Female,Operations,15,Tokyo,4,No,2,7.0,Work is okay.,5,3,2,27
EMP00637,49,Male,Marketing,6,New York,4,No,8,8.0,Extremely stressed and burnt out.,7,4,4,38
EMP00638,49,Male,Finance,14,New York,5,No,3,5.0,Standard corporate environment.,7,1,4,29
EMP00639,58,Male,IT,14,London,4,Yes,4,6.0,It pays the bills.,4,2,1,20
EMP00640,62,Female,Sales,17,Berlin,4,No,2,3.0,Excellent benefits.,6,3,2,29
EMP00641,57,Female,Sales,8,Tokyo,4,Yes,4,8.0,Terrible work-life balance.,6,2,2,26
EMP00642,48,Female,Finance,8,Berlin,5,No,4,4.0,Great work-life balance.,4,2,2,22
EMP00643,38,Female,HR,19,Remote,5,No,6,5.0,Nothing special to report.,4,3,5,31
EMP00644,30,Male,HR,9,Remote,4,No,3,9.0,I need a long break.,8,1,2,27
EMP00645,54,Other,HR,11,Berlin,2,No,4,4.0,Management is very supportive.,10,1,4,35
EMP00646,41,Male,Marketing,13,London,4,No,4,9.0,Extremely stressed and burnt out.,10,1,2,31
EMP00647,34,female,HR,13,London,2,Yes,6,6.0,Nothing special to report.,8,2,2,30
EMP00648,49,Female,HR,24,London,3,No,7,7.0,Nothing special to report.,8,1,3,29
EMP00649,50,female,Marketing,19,Tokyo,2,No,2,8.0,Terrible work-life balance.,5,5,4,37
EMP00650,34,Male,Marketing,21,Remote,5,No,4,1.0,Love the culture here.,10,5,2,43
EMP00651,56,Female,Finance,19,Remote,3,No,5,9.0,Extremely stressed and burnt out.,4,1,4,23
EMP00652,27,Male,Operations,5,Remote,4,Yes,3,2.0,Love the culture here.,6,1,5,29
EMP00653,39,Male,Marketing,16,Tokyo,3,No,0,3.0,Love the culture here.,10,3,5,43
EMP00654,26,Female,IT,9,Remote,2,Yes,5,6.0,Average experience.,6,3,2,29
EMP00655,46,Male,HR,20,Berlin,3,No,5,3.0,I feel energized at work.,4,4,5,34
EMP00656,23,Female,Operations,22,New York,4,No,4,2.0,Excellent benefits.,5,2,2,24
EMP00657,31,Male,Sales,3,Tokyo,4,No,2,7.0,Nothing special to report.,6,2,5,32
EMP00658,51,Male,Finance,19,New York,2,No,5,7.0,Work is okay.,9,3,4,39
EMP00659,26,Female,Operations,5,Berlin,3,Yes,7,6.0,Standard corporate environment.,5,5,2,33
EMP00660,54,Female,Marketing,8,London,4,No,6,4.0,Great work-life balance.,10,4,4,44
EMP00661,22,Female,HR,14,London,1,Yes,3,3.0,Love the culture here.,6,3,3,31
EMP00662,39,Female,HR,24,London,3,No,2,7.0,It pays the bills.,7,4,2,34
EMP00663,53,M,HR,3,Tokyo,3,Yes,5,3.0,Management is very supportive.,10,2,3,36
EMP00664,32,Male,Operations,24,London,4,No,6,9.0,Management expects too much.,5,2,5,30
EMP00665,42,Female,HR,13,Tokyo,3,No,1,8.0,Extremely stressed and burnt out.,10,2,2,34
EMP00666,47,female,Marketing,11,Tokyo,3,Yes,2,7.0,Nothing special to report.,9,5,3,43
EMP00667,46,Female,Operations,8,New York,5,No,2,2.0,Excellent benefits.,10,3,5,43
EMP00668,43,Female,HR,19,London,4,Yes,5,3.0,Great work-life balance.,10,4,4,44
EMP00669,48,Female,Sales,10,Remote,3,No,2,8.0,Management expects too much.,7,3,4,35
EMP00670,34,Female,Sales,18,London,3,Yes,3,3.0,Love the culture here.,9,2,3,34
EMP00671,54,Female,IT,18,London,3,No,7,9.0,Management expects too much.,3,2,2,20
EMP00672,55,Male,HR,7,London,1,No,1,5.0,Work is okay.,5,3,3,29
EMP00673,62,Male,HR,16,Remote,3,Yes,4,9.0,I need a long break.,10,1,3,33
EMP00674,56,M,Operations,6,Remote,3,No,4,2.0,Management is very supportive.,4,1,5,25
EMP00675,22,Male,Operations,16,Tokyo,3,Yes,4,3.0,Excellent benefits.,7,3,5,37
EMP00676,42,Female,HR,16,Remote,5,No,3,1.0,Great work-life balance.,7,2,4,32
EMP00677,27,Male,IT,23,Tokyo,5,No,4,9.0,Management expects too much.,4,4,2,28
EMP00678,49,Female,HR,24,New York,2,No,1,9.0,Terrible work-life balance.,5,1,3,23
EMP00679,38,Male,Marketing,1,Tokyo,4,No,3,9.0,Terrible work-life balance.,10,3,2,37
EMP00680,26,Male,Operations,24,London,1,No,4,3.0,Management is very supportive.,7,5,4,41
EMP00681,52,female,HR,19,Berlin,4,No,6,5.0,It pays the bills.,5,3,4,31
EMP00682,26,F,Operations,3,Berlin,2,No,3,9.0,Management expects too much.,4,2,3,24
EMP00683,59,Female,HR,6,London,5,Yes,1,5.0,Standard corporate environment.,7,3,5,37
EMP00684,24,Female,Finance,4,Tokyo,4,No,2,1.0,Management is very supportive.,10,1,2,31
EMP00685,44,Female,Operations,4,London,1,Yes,2,5.0,Nothing special to report.,4,1,2,19
EMP00686,58,Female,IT,4,Remote,4,No,2,9.0,I need a long break.,2,3,3,23
EMP00687,58,Female,Finance,10,Tokyo,4,No,1,7.0,Nothing special to report.,6,4,2,32
EMP00688,31,Male,Marketing,9,London,3,No,6,7.0,It pays the bills.,5,3,3,29
EMP00689,31,Female,HR,8,Remote,4,No,5,7.0,Average experience.,10,4,5,46
EMP00690,40,Female,Marketing,19,Remote,4,No,4,6.0,Average experience.,10,1,4,35
EMP00691,38,Other,Operations,17,Tokyo,4,No,4,1.0,I feel energized at work.,6,5,2,35
EMP00692,42,Male,Finance,17,New York,4,No,5,3.0,Excellent benefits.,8,4,2,36
EMP00693,35,Female,Marketing,1,New York,3,No,3,5.0,Standard corporate environment.,6,3,4,33
EMP00694,30,Female,IT,20,Remote,4,Yes,2,9.0,I am exhausted every day.,4,2,1,20
EMP00695,22,Female,Operations,14,New York,5,No,5,4.0,Management is very supportive.,6,2,4,30
EMP00696,34,Male,Finance,22,Remote,3,No,2,4.0,Great work-life balance.,8,3,4,37
EMP00697,25,Female,Marketing,20,New York,2,No,5,9.0,Management expects too much.,4,1,2,19
EMP00698,22,Male,Finance,11,Remote,4,No,5,7.0,Work is okay.,6,1,4,27
EMP00699,61,Male,Finance,3,Remote,5,No,6,9.0,I am exhausted every day.,10,1,5,37
EMP00700,53,Female,Marketing,24,Remote,2,No,3,7.0,It pays the bills.,7,3,5,37
EMP00701,55,Female,Sales,8,Remote,3,Yes,3,3.0,Love the culture here.,5,2,3,26
EMP00702,49,Female,HR,22,Berlin,2,Yes,1,4.0,Excellent benefits.,6,5,5,41
EMP00703,52,male,Operations,10,New York,4,Yes,4,9.0,Terrible work-life balance.,5,2,2,24
EMP00704,29,Male,Operations,17,Remote,5,No,1,1.0,Excellent benefits.,7,1,2,25
EMP00705,60,Male,Operations,8,London,3,No,3,3.0,Great work-life balance.,4,3,5,31
EMP00706,47,Female,Finance,22,Tokyo,3,No,4,4.0,Management is very supportive.,4,3,2,25
EMP00707,55,Male,Marketing,1,London,5,No,2,4.0,Great work-life balance.,7,5,2,37
EMP00708,24,Male,HR,20,London,2,Yes,3,7.0,Standard corporate environment.,4,2,2,22
EMP00709,33,Male,IT,21,Berlin,4,No,4,8.0,Extremely stressed and burnt out.,3,1,1,15
EMP00710,22,Male,Operations,7,New York,3,No,5,4.0,Excellent benefits.,7,5,2,37
EMP00711,26,M,Marketing,24,Berlin,3,No,7,8.0,Management expects too much.,8,1,2,27
EMP00712,51,Male,HR,9,New York,3,Yes,11,1.0,I feel energized at work.,9,2,5,38
EMP00713,51,Female,HR,12,Remote,4,No,8,3.0,Great work-life balance.,10,5,3,45
EMP00714,38,Male,Sales,22,Berlin,5,No,6,6.0,Standard corporate environment.,7,1,2,25
EMP00715,44,Female,Marketing,9,Tokyo,5,No,4,3.0,Excellent benefits.,7,4,3,36
EMP00716,36,Male,Operations,20,New York,4,Yes,7,8.0,Management expects too much.,5,3,3,29
EMP00717,58,Female,Finance,24,Berlin,2,No,3,5.0,It pays the bills.,9,2,2,32
EMP00718,42,Female,HR,3,Tokyo,3,Yes,2,5.0,Average experience.,4,3,3,27
EMP00719,35,Male,HR,4,London,3,No,4,2.0,Love the culture here.,4,1,3,21
EMP00720,23,Female,IT,10,Remote,5,No,4,8.0,Terrible work-life balance.,6,5,2,35
EMP00721,32,Male,Sales,4,Remote,3,Yes,6,5.0,Nothing special to report.,8,1,3,29
EMP00722,60,Female,HR,22,London,5,No,6,9.0,Extremely stressed and burnt out.,10,4,4,44
EMP00723,59,Male,HR,9,Berlin,5,Yes,6,5.0,Average experience.,4,4,4,32
EMP00724,55,male,Finance,22,London,3,No,2,3.0,Love the culture here.,4,2,2,22
EMP00725,59,Male,Finance,1,Tokyo,4,No,4,7.0,Standard corporate environment.,6,3,4,33
EMP00726,55,Female,IT,5,New York,5,No,6,9.0,Extremely stressed and burnt out.,3,1,3,19
EMP00727,39,Male,Marketing,9,Berlin,4,No,2,3.0,Management is very supportive.,9,4,5,44
EMP00728,51,Male,IT,5,New York,4,Yes,3,10.0,I need a long break.,4,5,2,31
EMP00729,36,Female,IT,6,London,4,No,2,8.0,Average experience.,4,1,3,21
EMP00730,48,male,Finance,19,Remote,2,No,1,6.0,Average experience.,8,2,5,36
EMP00731,55,Male,Marketing,8,New York,4,No,1,6.0,It pays the bills.,7,5,4,41
EMP00732,59,Male,Finance,10,New York,3,No,3,3.0,I feel energized at work.,4,3,3,27
EMP00733,54,Male,Sales,11,Remote,2,Yes,3,7.0,Standard corporate environment.,8,2,4,34
EMP00734,45,Male,Operations,13,New York,4,No,9,9.0,Management expects too much.,4,3,4,29
EMP00735,36,Male,Operations,20,New York,4,No,3,1.0,Excellent benefits.,7,3,5,37
EMP00736,51,Female,Sales,4,Remote,3,No,8,4.0,Excellent benefits.,5,4,5,36
EMP00737,63,Male,Operations,11,Remote,3,No,6,4.0,Great work-life balance.,8,3,5,39
EMP00738,38,Male,Marketing,12,London,5,Yes,3,1.0,Excellent benefits.,6,5,4,39
EMP00739,26,Female,Finance,5,London,4,No,5,6.0,Nothing special to report.,8,5,5,45
EMP00740,50,Male,Operations,10,New York,1,No,5,2.0,Excellent benefits.,7,5,2,37
EMP00741,25,Male,Marketing,24,Berlin,5,Yes,2,6.0,Average experience.,5,1,4,25
EMP00742,31,Male,Finance,7,London,3,No,5,1.0,I feel energized at work.,10,4,5,46
EMP00743,38,Female,Marketing,21,London,4,Yes,3,5.0,Nothing special to report.,4,4,2,28
EMP00744,31,Male,Sales,9,Berlin,4,No,5,6.0,It pays the bills.,7,5,3,39
EMP00745,38,Female,IT,9,Berlin,5,No,5,7.0,It pays the bills.,2,1,3,17
EMP00746,41,Male,Sales,10,Remote,4,No,3,2.0,Management is very supportive.,4,3,5,31
EMP00747,45,Female,Operations,10,London,3,Yes,4,1.0,Great work-life balance.,10,3,4,41
EMP00748,26,Male,Finance,2,Tokyo,4,No,5,7.0,Average experience.,7,3,5,37
EMP00749,55,Female,Marketing,4,Tokyo,3,No,4,1.0,I feel energized at work.,9,4,5,44
EMP00750,27,M,Operations,8,New York,3,No,7,7.0,Nothing special to report.,5,3,3,29
EMP00751,23,Female,Operations,14,London,3,No,7,1.0,Excellent benefits.,7,1,5,31
EMP00752,34,Male,IT,17,Tokyo,3,Yes,2,6.0,Work is okay.,6,1,2,23
EMP00753,64,Male,Operations,13,London,3,Yes,2,5.0,Standard corporate environment.,5,3,3,29
EMP00754,64,Male,IT,21,London,3,Yes,4,6.0,Work is okay.,3,4,3,28
EMP00755,32,Male,Finance,24,Tokyo,4,No,3,8.0,Management expects too much.,10,2,3,36
EMP00756,44,Male,Finance,18,London,4,No,3,6.0,It pays the bills.,10,5,4,47
EMP00757,37,Female,Marketing,18,Berlin,3,No,10,2.0,Great work-life balance.,4,3,5,31
EMP00758,52,Male,IT,13,New York,5,No,4,6.0,Nothing special to report.,5,3,2,27
EMP00759,32,Female,Sales,8,Remote,2,No,7,1.0,Management is very supportive.,9,5,5,47
EMP00760,37,Female,Finance,12,Tokyo,3,Yes,1,4.0,Excellent benefits.,6,2,4,30
EMP00761,29,Female,Marketing,23,Remote,3,Yes,4,3.0,Great work-life balance.,4,3,4,29
EMP00762,25,Male,Sales,24,New York,1,Yes,3,6.0,Average experience.,7,3,5,37
EMP00763,61,M,Finance,21,Berlin,3,No,2,8.0,Terrible work-life balance.,4,2,3,24
EMP00764,25,Male,Finance,1,Berlin,5,No,4,1.0,Great work-life balance.,7,5,5,43
EMP00765,46,Female,Marketing,20,Berlin,3,No,7,7.0,Average experience.,4,1,4,23
EMP00766,24,Female,Marketing,18,Berlin,3,Yes,2,8.0,Terrible work-life balance.,9,3,5,41
EMP00767,53,Female,HR,3,Tokyo,3,No,3,5.0,It pays the bills.,6,3,4,33
EMP00768,24,Female,Operations,12,Tokyo,4,No,3,8.0,I need a long break.,9,4,2,38
EMP00769,48,Male,Operations,19,London,3,No,2,1.0,Love the culture here.,4,2,2,22
EMP00770,50,Male,Sales,13,London,4,No,5,2.0,Management is very supportive.,8,3,5,39
EMP00771,53,Female,Operations,10,New York,3,No,2,4.0,Excellent benefits.,7,4,2,34
EMP00772,40,Male,Sales,15,London,3,No,6,1.0,Love the culture here.,8,1,3,29
EMP00773,42,F,Finance,20,New York,2,Yes,6,5.0,Work is okay.,10,2,3,36
EMP00774,26,Male,HR,2,New York,4,No,2,3.0,Management is very supportive.,10,1,3,33
EMP00775,39,Male,HR,19,New York,4,Yes,2,2.0,Great work-life balance.,10,4,4,44
EMP00776,49,Male,Finance,3,Berlin,3,No,0,7.0,Work is okay.,9,5,2,41
EMP00777,63,Male,Marketing,14,Remote,1,No,5,2.0,Great work-life balance.,10,2,5,40
EMP00778,43,Female,IT,7,Remote,3,No,4,6.0,Standard corporate environment.,3,5,1,27
EMP00779,42,Female,IT,8,Tokyo,3,No,4,8.0,Extremely stressed and burnt out.,6,4,2,32
EMP00780,27,Female,Operations,11,New York,3,No,8,5.0,Standard corporate environment.,7,2,2,28
EMP00781,22,M,Marketing,22,Berlin,4,No,4,3.0,Excellent benefits.,6,3,2,29
EMP00782,26,F,Sales,20,London,4,Yes,1,9.0,I need a long break.,6,4,2,32
EMP00783,62,M,HR,6,London,3,Yes,1,1.0,Management is very supportive.,10,4,3,42
EMP00784,33,Male,Operations,11,Tokyo,5,No,2,8.0,Extremely stressed and burnt out.,10,1,2,31
EMP00785,47,Female,Finance,17,Tokyo,5,No,4,6.0,Work is okay.,4,5,4,35
EMP00786,55,Male,Marketing,10,New York,3,No,1,7.0,Standard corporate environment.,6,2,4,30
EMP00787,35,Male,HR,24,New York,3,No,4,2.0,I feel energized at work.,8,2,5,36
EMP00788,47,Female,Sales,17,London,5,No,4,7.0,Nothing special to report.,9,3,3,37
EMP00789,48,Male,Sales,21,London,4,Yes,3,1.0,I feel energized at work.,5,2,5,30
EMP00790,30,Male,IT,2,London,3,Yes,4,8.0,I need a long break.,6,3,2,29
EMP00791,47,Male,Operations,6,London,4,No,6,8.0,I am exhausted every day.,9,2,3,34
EMP00792,43,Male,Finance,5,Remote,3,No,2,2.0,Love the culture here.,4,1,2,19
EMP00793,51,male,HR,4,New York,4,No,5,2.0,Excellent benefits.,7,4,2,34
EMP00794,64,Male,Sales,2,New York,3,Yes,10,3.0,Management is very supportive.,4,2,2,22
EMP00795,38,Male,HR,12,London,4,No,4,4.0,Great work-life balance.,8,4,3,38
EMP00796,47,Female,Finance,3,Berlin,2,No,2,8.0,I need a long break.,4,5,4,35
EMP00797,57,Male,HR,6,London,3,Yes,6,3.0,I feel energized at work.,8,4,2,36
EMP00798,22,male,Operations,24,Tokyo,3,No,3,6.0,It pays the bills.,5,5,3,35
EMP00799,29,Male,IT,14,Berlin,3,No,4,10.0,Extremely stressed and burnt out.,2,2,2,18
EMP00800,56,Female,HR,8,Tokyo,4,No,2,8.0,Extremely stressed and burnt out.,9,1,5,35
EMP00801,36,Female,Marketing,21,Berlin,3,No,4,2.0,Love the culture here.,7,1,3,27
EMP00802,43,male,IT,21,Tokyo,2,No,5,9.0,I need a long break.,6,4,2,32
EMP00803,35,Female,Finance,14,London,3,No,2,1.0,I feel energized at work.,10,1,5,37
EMP00804,47,M,IT,3,London,4,Yes,6,8.0,I need a long break.,4,5,3,33
EMP00805,49,Male,HR,16,Berlin,2,No,5,8.0,Extremely stressed and burnt out.,10,1,4,35
EMP00806,44,Male,HR,15,Tokyo,1,No,6,1.0,Great work-life balance.,8,1,5,33
EMP00807,35,Male,Marketing,7,Remote,5,No,1,9.0,I need a long break.,4,1,3,21
EMP00808,45,F,Sales,15,Berlin,2,No,6,6.0,It pays the bills.,9,3,3,37
EMP00809,23,Male,Marketing,13,Berlin,4,No,2,3.0,Management is very supportive.,4,3,3,27
EMP00810,47,Male,HR,6,New York,3,No,4,8.0,Terrible work-life balance.,9,4,4,42
EMP00811,35,Male,IT,15,Berlin,4,No,2,7.0,Average experience.,5,2,3,26
EMP00812,28,Male,Marketing,17,Remote,2,Yes,4,3.0,Love the culture here.,5,2,4,28
EMP00813,24,Male,Marketing,4,London,4,No,2,7.0,It pays the bills.,5,5,4,37
EMP00814,44,female,Sales,22,Tokyo,2,No,8,1.0,I feel energized at work.,7,5,2,37
EMP00815,64,Female,HR,22,New York,3,No,2,9.0,I need a long break.,8,4,2,36
EMP00816,39,Female,HR,14,Tokyo,3,No,2,9.0,I need a long break.,9,3,3,37
EMP00817,59,Female,Finance,15,London,4,No,1,3.0,Excellent benefits.,9,1,4,33
EMP00818,56,Male,Sales,12,Berlin,4,No,4,5.0,Work is okay.,5,3,5,33
EMP00819,36,Male,Finance,19,Remote,3,No,2,2.0,Excellent benefits.,9,3,2,35
EMP00820,46,Male,Finance,22,New York,3,No,3,1.0,I feel energized at work.,5,4,5,36
EMP00821,58,Male,Finance,10,Remote,4,No,2,8.0,Management expects too much.,10,3,5,43
EMP00822,49,Female,Operations,6,Remote,4,No,4,9.0,Terrible work-life balance.,7,2,2,28
EMP00823,31,Male,Finance,9,Remote,4,No,4,9.0,Management expects too much.,8,3,5,39
EMP00824,60,Male,Marketing,2,Remote,5,Yes,2,5.0,It pays the bills.,6,2,3,28
EMP00825,38,Female,IT,4,London,3,No,8,10.0,Extremely stressed and burnt out.,2,5,2,27
EMP00826,60,male,Marketing,9,Remote,2,No,9,5.0,Nothing special to report.,5,5,4,37
EMP00827,43,M,Marketing,15,Remote,2,No,1,5.0,Nothing special to report.,5,4,4,34
EMP00828,47,M,HR,13,London,4,Yes,2,4.0,Excellent benefits.,9,1,2,29
EMP00829,46,Female,Operations,20,Tokyo,3,No,3,2.0,Love the culture here.,9,3,5,41
EMP00830,38,Male,Finance,8,London,2,No,3,2.0,Management is very supportive.,9,1,5,35
EMP00831,34,Female,HR,19,Berlin,3,No,7,6.0,Nothing special to report.,7,2,2,28
EMP00832,41,Male,Sales,19,London,3,Yes,3,5.0,Work is okay.,8,1,4,31
EMP00833,46,Female,Sales,16,Tokyo,2,No,2,4.0,Great work-life balance.,6,3,3,31
EMP00834,25,Female,HR,11,Berlin,1,Yes,2,6.0,Work is okay.,9,1,2,29
EMP00835,31,Male,IT,10,Berlin,5,No,5,10.0,Extremely stressed and burnt out.,6,1,2,23
EMP00836,24,Female,HR,8,New York,3,No,3,4.0,Excellent benefits.,9,1,5,35
EMP00837,62,male,HR,1,Remote,3,No,4,4.0,Management is very supportive.,10,4,3,42
EMP00838,39,Male,Operations,10,Berlin,4,No,5,6.0,Nothing special to report.,7,1,2,25
EMP00839,57,M,Sales,18,Berlin,4,No,4,4.0,Love the culture here.,5,3,2,27
EMP00840,43,Male,Sales,3,Tokyo,4,Yes,6,9.0,Extremely stressed and burnt out.,8,3,4,37
EMP00841,55,Female,Finance,11,Berlin,3,No,1,7.0,It pays the bills.,8,1,5,33
EMP00842,29,Female,Marketing,18,Tokyo,4,No,4,6.0,It pays the bills.,6,4,3,34
EMP00843,61,Female,HR,3,Remote,3,No,5,3.0,I feel energized at work.,7,2,2,28
EMP00844,40,male,HR,8,New York,3,No,4,4.0,Great work-life balance.,5,1,3,23
EMP00845,63,F,IT,14,New York,4,No,4,10.0,I am exhausted every day.,2,4,2,24
EMP00846,62,Female,Sales,6,Remote,4,No,7,2.0,Love the culture here.,5,5,2,33
EMP00847,58,Male,IT,15,Remote,3,Yes,6,8.0,I need a long break.,2,3,2,21
EMP00848,27,male,Operations,14,London,5,No,3,1.0,Management is very supportive.,10,5,5,49
EMP00849,47,Male,Finance,7,Berlin,4,Yes,3,9.0,Terrible work-life balance.,7,3,5,37
EMP00850,55,F,IT,10,Berlin,4,No,5,7.0,Nothing special to report.,4,2,3,24
EMP00851,27,Male,Sales,15,Berlin,3,Yes,5,3.0,Excellent benefits.,4,4,3,30
EMP00852,58,Male,Operations,10,Tokyo,3,Yes,6,5.0,It pays the bills.,9,2,5,38
EMP00853,54,Female,HR,22,London,3,No,3,4.0,Love the culture here.,4,5,3,33
EMP00854,43,Male,Operations,17,Berlin,2,No,0,8.0,I am exhausted every day.,4,4,2,28
EMP00855,42,Male,Marketing,19,Tokyo,3,No,5,7.0,Standard corporate environment.,5,5,4,37
EMP00856,27,Male,IT,17,Tokyo,4,No,4,9.0,Extremely stressed and burnt out.,2,1,2,15
EMP00857,27,Male,Sales,12,New York,4,Yes,2,7.0,Average experience.,9,5,2,41
EMP00858,25,Male,IT,15,Tokyo,2,No,4,9.0,Terrible work-life balance.,7,2,2,28
EMP00859,51,Male,HR,12,Remote,3,No,5,8.0,Management expects too much.,10,2,4,38
EMP00860,32,Female,HR,9,Tokyo,2,No,8,3.0,Great work-life balance.,5,1,3,23
EMP00861,51,Male,Sales,5,Remote,4,No,1,5.0,Work is okay.,6,4,3,34
EMP00862,52,Female,Marketing,4,Remote,2,No,5,3.0,Love the culture here.,4,5,5,37
EMP00863,45,Male,Finance,12,New York,4,Yes,4,7.0,Standard corporate environment.,9,5,3,43
EMP00864,30,female,Operations,16,New York,4,No,10,6.0,Standard corporate environment.,8,5,4,43
EMP00865,24,F,Operations,9,Tokyo,3,Yes,4,5.0,Nothing special to report.,4,4,4,32
EMP00866,52,Male,HR,3,New York,3,No,5,5.0,Average experience.,8,2,4,34
EMP00867,61,Female,IT,21,New York,3,No,5,10.0,Extremely stressed and burnt out.,2,1,2,15
EMP00868,58,M,IT,3,Berlin,4,No,3,10.0,Terrible work-life balance.,7,4,3,36
EMP00869,57,Other,Marketing,18,Tokyo,4,No,6,4.0,Management is very supportive.,4,1,4,23
EMP00870,45,Female,Finance,17,Tokyo,4,No,6,2.0,I feel energized at work.,7,3,4,35
EMP00871,52,Male,IT,10,Tokyo,4,Yes,4,6.0,Nothing special to report.,5,1,1,19
EMP00872,27,Female,Operations,2,New York,2,No,3,7.0,It pays the bills.,5,3,4,31
EMP00873,23,Female,IT,24,New York,2,No,6,10.0,Extremely stressed and burnt out.,5,1,1,19
EMP00874,41,Female,Finance,11,Remote,4,Yes,4,5.0,Work is okay.,5,3,4,31
EMP00875,49,Male,Operations,24,London,4,Yes,0,9.0,I need a long break.,7,5,2,37
EMP00876,32,F,IT,3,London,4,Yes,8,7.0,It pays the bills.,5,4,1,28
EMP00877,25,female,Operations,23,London,4,No,6,3.0,I feel energized at work.,6,5,2,35
EMP00878,36,Male,HR,23,Berlin,3,No,2,9.0,Extremely stressed and burnt out.,8,2,4,34
EMP00879,27,Male,HR,2,New York,3,No,3,2.0,Excellent benefits.,6,4,2,32
EMP00880,51,Male,Marketing,9,Remote,4,No,4,3.0,Excellent benefits.,9,5,3,43
EMP00881,59,M,HR,19,Remote,5,No,5,6.0,Average experience.,4,1,2,19
EMP00882,23,Female,IT,2,London,3,No,3,7.0,Average experience.,2,4,2,24
EMP00883,36,Female,Finance,19,Berlin,3,No,3,5.0,Average experience.,6,1,2,23
EMP00884,32,Female,Operations,2,Berlin,3,No,4,2.0,Management is very supportive.,4,5,5,37
EMP00885,29,Female,Sales,15,London,1,Yes,5,8.0,Management expects too much.,10,4,5,46
EMP00886,47,Male,HR,24,London,3,No,2,9.0,Terrible work-life balance.,4,5,4,35
EMP00887,26,Female,HR,21,New York,5,No,1,1.0,Management is very supportive.,5,2,3,26
EMP00888,27,Female,Sales,3,Berlin,4,Yes,7,6.0,It pays the bills.,4,5,3,33
EMP00889,47,Other,Sales,5,Remote,4,Yes,5,4.0,Excellent benefits.,4,2,5,28
EMP00890,25,male,IT,11,London,4,Yes,3,7.0,Standard corporate environment.,2,5,2,27
EMP00891,40,male,Operations,24,New York,3,No,3,5.0,It pays the bills.,8,4,3,38
EMP00892,41,Female,HR,7,Remote,5,Yes,2,6.0,Nothing special to report.,7,1,2,25
EMP00893,54,Female,Finance,6,Berlin,3,No,2,6.0,Average experience.,9,4,4,42
EMP00894,41,Female,IT,14,London,5,No,1,6.0,It pays the bills.,7,5,3,39
EMP00895,33,male,IT,1,London,4,Yes,1,9.0,Management expects too much.,5,5,2,33
EMP00896,22,Male,Finance,17,New York,3,No,6,4.0,Love the culture here.,4,5,4,35
EMP00897,47,Male,Finance,17,New York,3,No,3,9.0,I need a long break.,8,3,4,37
EMP00898,35,Male,Marketing,14,Berlin,3,Yes,8,1.0,Excellent benefits.,5,2,4,28
EMP00899,59,Female,Finance,10,London,2,No,5,9.0,I need a long break.,5,1,4,25
EMP00900,58,Male,Sales,8,New York,3,No,1,8.0,Extremely stressed and burnt out.,8,2,3,32
EMP00901,32,Male,HR,8,London,4,No,5,2.0,I feel energized at work.,7,5,2,37
EMP00902,57,Male,Marketing,14,Berlin,4,Yes,7,7.0,It pays the bills.,4,5,4,35
EMP00903,34,Male,Sales,7,London,3,No,4,7.0,Average experience.,8,2,4,34
EMP00904,64,F,Marketing,6,Remote,3,No,3,2.0,I feel energized at work.,10,2,3,36
EMP00905,24,Male,HR,4,London,4,No,1,8.0,Extremely stressed and burnt out.,8,2,2,30
EMP00906,54,Female,Marketing,1,Tokyo,3,Yes,8,6.0,Work is okay.,7,3,2,31
EMP00907,27,Female,Sales,15,Tokyo,3,Yes,8,6.0,Standard corporate environment.,7,2,2,28
EMP00908,31,F,Operations,15,Berlin,4,No,3,5.0,It pays the bills.,10,5,5,49
EMP00909,26,Male,HR,1,Berlin,3,Yes,3,5.0,It pays the bills.,10,1,5,37
EMP00910,44,female,IT,20,Berlin,2,Yes,3,10.0,Management expects too much.,2,4,2,24
EMP00911,31,Female,HR,3,Remote,3,Yes,4,9.0,Extremely stressed and burnt out.,6,2,2,26
EMP00912,23,Other,HR,23,Remote,3,No,3,5.0,It pays the bills.,6,2,2,26
EMP00913,34,male,HR,5,London,3,Yes,3,1.0,Love the culture here.,9,2,4,36
EMP00914,61,Male,Operations,5,New York,3,Yes,3,6.0,Average experience.,5,1,3,23
EMP00915,23,Male,Sales,4,Tokyo,3,No,2,1.0,Management is very supportive.,7,2,3,30
EMP00916,41,Male,IT,17,Tokyo,4,Yes,4,10.0,Management expects too much.,4,2,3,24
EMP00917,22,Female,Sales,21,Tokyo,4,No,3,5.0,It pays the bills.,7,2,5,34
EMP00918,58,Male,Marketing,20,London,4,No,3,6.0,Nothing special to report.,9,1,5,35
EMP00919,30,Male,Marketing,14,London,3,No,2,3.0,Love the culture here.,9,4,3,40
EMP00920,38,Female,Marketing,8,Berlin,1,No,2,1.0,Management is very supportive.,9,5,4,45
EMP00921,30,Male,Sales,2,New York,3,No,0,2.0,Love the culture here.,6,1,5,29
EMP00922,32,Male,Finance,8,Berlin,4,No,2,3.0,Love the culture here.,9,2,5,38
EMP00923,36,Female,Operations,1,London,3,No,4,3.0,Excellent benefits.,10,3,3,39
EMP00924,45,Male,Finance,4,Remote,3,No,3,2.0,Excellent benefits.,4,1,3,21
EMP00925,59,Male,Marketing,19,Berlin,3,No,1,6.0,Work is okay.,6,2,2,26
EMP00926,56,Female,Operations,5,London,5,No,2,7.0,Average experience.,10,2,4,38
EMP00927,51,Female,Sales,5,London,5,No,1,5.0,Average experience.,7,5,4,41
EMP00928,52,F,Marketing,21,Remote,2,No,4,7.0,Standard corporate environment.,4,1,5,25
EMP00929,26,Female,Sales,20,Remote,4,No,6,3.0,I feel energized at work.,5,1,2,21
EMP00930,35,Female,Operations,24,Remote,2,Yes,4,5.0,Work is okay.,8,5,4,43
EMP00931,32,Female,Sales,19,New York,3,No,3,3.0,Excellent benefits.,7,3,2,31
EMP00932,30,M,Sales,12,London,2,No,0,4.0,Great work-life balance.,4,3,4,29
EMP00933,55,F,IT,20,Remote,2,Yes,3,9.0,I need a long break.,7,4,3,36
EMP00934,33,F,Finance,1,New York,1,No,4,4.0,Love the culture here.,9,4,3,40
EMP00935,56,Female,Finance,7,Tokyo,5,No,5,4.0,Great work-life balance.,9,5,3,43
EMP00936,56,Male,Finance,17,Tokyo,4,No,4,7.0,Standard corporate environment.,8,1,2,27
EMP00937,22,Male,HR,2,Tokyo,2,Yes,1,6.0,Nothing special to report.,6,2,2,26
EMP00938,61,Male,IT,11,London,3,No,4,9.0,I need a long break.,2,3,3,23
EMP00939,43,male,Marketing,7,New York,3,Yes,9,1.0,Love the culture here.,8,1,5,33
EMP00940,50,Female,Marketing,17,New York,3,No,3,8.0,I need a long break.,10,4,2,40
EMP00941,29,Female,Marketing,3,Tokyo,4,Yes,2,1.0,Excellent benefits.,7,3,5,37
EMP00942,32,Male,Finance,22,Berlin,2,No,5,9.0,Extremely stressed and burnt out.,9,2,4,36
EMP00943,62,M,Finance,6,Tokyo,4,No,9,4.0,Excellent benefits.,9,4,5,44
EMP00944,58,Male,IT,22,London,3,Yes,4,10.0,I am exhausted every day.,2,2,3,20
EMP00945,35,Male,Sales,11,Tokyo,2,No,3,3.0,I feel energized at work.,7,4,5,40
EMP00946,51,Male,Finance,18,Tokyo,3,No,3,8.0,Management expects too much.,5,2,5,30
EMP00947,56,Female,Marketing,18,New York,5,No,4,2.0,I feel energized at work.,9,3,3,37
EMP00948,42,Female,Sales,22,Tokyo,4,No,3,3.0,Love the culture here.,8,5,5,45
EMP00949,58,F,Finance,10,Remote,2,No,3,5.0,Nothing special to report.,8,2,4,34
EMP00950,26,Male,Operations,5,Remote,4,Yes,4,5.0,Standard corporate environment.,9,3,3,37
EMP00951,40,Female,HR,23,Berlin,5,No,5,5.0,Nothing special to report.,6,1,3,25
EMP00952,35,Female,Finance,23,London,3,No,4,7.0,Nothing special to report.,8,1,2,27
EMP00953,47,Male,Operations,21,London,3,No,5,8.0,Terrible work-life balance.,6,4,5,38
EMP00954,25,M,IT,24,New York,2,No,3,8.0,I am exhausted every day.,3,5,2,29
EMP00955,46,Female,Operations,22,London,3,Yes,6,3.0,Great work-life balance.,4,4,3,30
EMP00956,63,Female,IT,15,Berlin,4,No,3,7.0,Standard corporate environment.,4,2,3,24
EMP00957,46,F,Finance,21,Remote,3,No,3,5.0,Average experience.,8,5,3,41
EMP00958,39,Female,IT,20,New York,1,No,3,9.0,Management expects too much.,4,2,2,22
EMP00959,61,Male,Operations,23,Remote,3,No,4,2.0,Excellent benefits.,4,3,2,25
EMP00960,29,Female,HR,4,Berlin,3,No,3,5.0,Nothing special to report.,7,5,2,37
EMP00961,60,Male,Sales,21,New York,3,No,4,3.0,Great work-life balance.,4,1,4,23
EMP00962,61,Male,Sales,21,Tokyo,4,No,6,3.0,Management is very supportive.,7,3,4,35
EMP00963,35,Male,HR,1,London,2,No,5,5.0,Standard corporate environment.,9,3,2,35
EMP00964,53,Female,Marketing,15,Berlin,3,No,7,4.0,Management is very supportive.,7,2,4,32
EMP00965,59,Female,Sales,17,New York,3,No,2,6.0,Standard corporate environment.,6,4,3,34
EMP00966,54,Male,Finance,19,Remote,5,Yes,4,5.0,Standard corporate environment.,5,2,3,26
EMP00967,44,Female,Marketing,14,New York,3,No,2,5.0,Work is okay.,6,3,2,29
EMP00968,36,male,Finance,19,Tokyo,2,No,3,3.0,Management is very supportive.,5,5,4,37
EMP00969,54,Male,Operations,18,Berlin,1,Yes,4,4.0,Management is very supportive.,5,1,2,21
EMP00970,46,Male,Operations,2,New York,3,No,2,3.0,I feel energized at work.,9,3,5,41
EMP00971,38,Female,Marketing,6,Berlin,2,No,4,3.0,Excellent benefits.,10,4,4,44
EMP00972,54,Male,Marketing,13,Berlin,4,No,5,9.0,Extremely stressed and burnt out.,9,4,3,40
EMP00973,23,Female,Marketing,17,Remote,4,No,1,6.0,Nothing special to report.,4,5,3,33
EMP00974,35,Male,Marketing,6,London,3,No,8,2.0,Love the culture here.,5,4,2,30
EMP00975,61,Female,IT,21,Tokyo,3,No,1,6.0,Nothing special to report.,2,5,3,29
EMP00976,61,Female,Marketing,22,New York,4,No,1,3.0,Love the culture here.,6,4,3,34
EMP00977,60,Female,Marketing,5,London,3,No,4,3.0,Management is very supportive.,7,2,4,32
EMP00978,27,M,Operations,7,Remote,2,No,2,4.0,Great work-life balance.,5,1,4,25
EMP00979,27,F,Finance,1,London,3,Yes,8,4.0,Excellent benefits.,6,1,3,25
EMP00980,24,Female,Operations,13,Berlin,4,No,3,5.0,Work is okay.,7,3,4,35
EMP00981,28,Female,Sales,19,Berlin,4,No,2,4.0,I feel energized at work.,4,3,4,29
EMP00982,29,Male,IT,22,Tokyo,2,No,5,9.0,Terrible work-life balance.,3,2,1,18
EMP00983,63,Female,IT,1,New York,3,No,3,7.0,Average experience.,4,2,1,20
EMP00984,36,Male,Finance,13,New York,4,No,5,1.0,Great work-life balance.,5,1,2,21
EMP00985,50,M,Marketing,11,Remote,3,No,4,7.0,Standard corporate environment.,8,3,3,35
EMP00986,54,Male,Operations,7,Tokyo,4,No,3,9.0,Management expects too much.,10,3,4,41
EMP00987,51,Female,Sales,20,New York,3,No,5,9.0,Terrible work-life balance.,9,1,2,29
EMP00988,60,Male,Operations,3,Berlin,5,Yes,4,1.0,Excellent benefits.,6,5,3,37
EMP00989,48,Female,Marketing,1,Tokyo,4,No,0,9.0,Extremely stressed and burnt out.,10,2,2,34
EMP00990,57,F,Marketing,8,London,2,No,3,1.0,I feel energized at work.,6,3,2,29
EMP00991,50,Male,HR,17,Tokyo,3,No,5,1.0,Great work-life balance.,7,1,4,29
EMP00992,59,F,Operations,13,Tokyo,2,No,3,2.0,Excellent benefits.,5,2,2,24
EMP00993,54,Male,Finance,14,New York,3,Yes,1,6.0,Average experience.,6,1,2,23
EMP00994,58,Female,Operations,5,Remote,4,No,4,9.0,I need a long break.,9,5,4,45
EMP00995,48,F,IT,24,Remote,3,Yes,7,10.0,I am exhausted every day.,7,4,3,36
EMP00996,54,Male,Sales,22,New York,4,Yes,3,5.0,Work is okay.,5,3,5,33
EMP00997,25,female,Finance,23,New York,3,No,4,9.0,Terrible work-life balance.,8,2,4,34
EMP00998,43,Male,HR,24,New York,4,No,2,8.0,I need a long break.,5,1,5,27
EMP00999,23,Male,Sales,6,Remote,3,Yes,3,7.0,Standard corporate environment.,4,1,4,23
EMP01000,31,male,Sales,22,New York,4,No,4,3.0,I feel energized at work.,9,2,5,38
EMP01001,26,Male,IT,6,London,2,No,5,7.0,Average experience.,7,3,2,31
EMP01002,31,Other,IT,21,London,3,Yes,3,8.0,Extremely stressed and burnt out.,2,3,2,21
EMP01003,54,female,IT,8,Berlin,3,No,6,9.0,Management expects too much.,7,1,3,27
EMP01004,59,Male,Finance,13,London,3,No,1,9.0,Management expects too much.,10,3,5,43
EMP01005,34,Female,Operations,18,Tokyo,3,No,4,3.0,Excellent benefits.,5,4,4,34
EMP01006,52,Male,Sales,23,Berlin,3,No,1,8.0,Terrible work-life balance.,7,5,4,41
EMP01007,57,Female,Operations,4,London,5,No,0,8.0,Extremely stressed and burnt out.,5,5,3,35
EMP01008,45,Male,Operations,17,Tokyo,2,No,4,6.0,Work is okay.,7,4,3,36
EMP01009,36,Male,IT,5,London,4,No,8,7.0,Average experience.,6,3,2,29
EMP01010,50,Male,Operations,3,Tokyo,3,No,6,6.0,Average experience.,7,1,5,31
EMP01011,29,Female,Sales,4,New York,3,No,2,4.0,Excellent benefits.,10,3,5,43
EMP01012,26,female,Sales,23,Tokyo,4,No,4,7.0,Work is okay.,9,2,2,32
EMP01013,50,M,Marketing,5,New York,4,No,4,1.0,Management is very supportive.,10,2,5,40
EMP01014,25,Female,HR,14,Tokyo,3,No,10,5.0,Average experience.,10,3,3,39
EMP01015,33,Female,Finance,15,Tokyo,4,No,6,8.0,Extremely stressed and burnt out.,6,4,5,38
EMP01016,23,M,Operations,20,London,2,No,1,1.0,Love the culture here.,6,2,3,28
EMP01017,48,Male,Finance,17,Tokyo,4,Yes,4,3.0,Great work-life balance.,9,5,5,47
EMP01018,52,Female,Finance,6,London,3,No,4,3.0,I feel energized at work.,7,1,2,25
EMP01019,57,Other,Finance,10,Tokyo,3,No,2,8.0,I need a long break.,8,4,5,42
EMP01020,57,Male,Marketing,22,Remote,3,No,3,1.0,I feel energized at work.,5,2,4,28
EMP01021,47,Female,Finance,23,Berlin,3,No,2,5.0,It pays the bills.,8,1,2,27
EMP01022,64,M,Marketing,16,London,3,No,3,7.0,Average experience.,5,5,5,39
EMP01023,48,male,Sales,17,London,3,No,5,4.0,Great work-life balance.,10,2,2,34
EMP01024,26,Female,Operations,14,New York,4,No,7,3.0,Love the culture here.,5,2,5,30
EMP01025,41,Male,Marketing,20,Remote,3,Yes,3,6.0,Standard corporate environment.,9,1,5,35
EMP01026,32,Male,HR,12,New York,3,No,4,5.0,Average experience.,6,1,3,25
EMP01027,31,Male,Finance,9,Remote,3,Yes,1,5.0,Standard corporate environment.,9,3,3,37
EMP01028,61,Female,HR,15,Remote,4,No,10,6.0,Work is okay.,4,2,5,28
EMP01029,59,Male,Sales,12,Tokyo,4,No,2,3.0,Great work-life balance.,10,5,5,49
EMP01030,27,F,Sales,14,New York,3,No,3,9.0,Management expects too much.,5,1,3,23
EMP01031,29,Male,IT,22,Berlin,3,No,2,8.0,I need a long break.,6,4,2,32
EMP01032,44,Male,Finance,18,Remote,3,No,4,9.0,I am exhausted every day.,9,2,4,36
EMP01033,47,Female,IT,20,Remote,4,No,2,6.0,Average experience.,6,4,3,34
EMP01034,64,Female,HR,6,London,4,No,5,5.0,Nothing special to report.,7,2,2,28
EMP01035,33,Male,Operations,4,Tokyo,2,No,5,5.0,Nothing special to report.,5,1,4,25
EMP01036,47,Female,IT,23,Berlin,4,No,9,8.0,I am exhausted every day.,3,3,2,23
EMP01037,34,Female,Sales,12,Remote,1,No,6,8.0,I am exhausted every day.,9,2,2,32
EMP01038,61,Male,Finance,13,London,3,No,1,5.0,Standard corporate environment.,6,1,4,27
EMP01039,39,Male,HR,19,New York,5,Yes,6,4.0,Love the culture here.,4,1,2,19
EMP01040,46,M,Marketing,22,Remote,4,Yes,3,6.0,Nothing special to report.,4,1,3,21
EMP01041,54,Female,Sales,13,London,4,Yes,2,6.0,Standard corporate environment.,4,4,4,32
EMP01042,61,Male,Marketing,12,New York,3,No,4,7.0,Nothing special to report.,7,1,5,31
EMP01043,64,M,Operations,20,Tokyo,3,No,4,5.0,Average experience.,6,4,3,34
EMP01044,33,Other,Finance,3,New York,4,No,1,1.0,I feel energized at work.,9,5,4,45
EMP01045,57,Female,Operations,3,Remote,4,No,4,8.0,Terrible work-life balance.,7,3,4,35
EMP01046,25,Female,Operations,14,Berlin,3,No,3,1.0,Love the culture here.,7,1,5,31
EMP01047,26,F,Finance,18,New York,3,No,5,4.0,Excellent benefits.,10,5,3,45
EMP01048,58,female,Finance,19,Berlin,4,No,8,3.0,Management is very supportive.,6,1,4,27
EMP01049,29,Female,Marketing,10,Berlin,5,No,4,3.0,Great work-life balance.,9,5,4,45
EMP01050,63,Female,Operations,17,New York,4,Yes,7,5.0,Average experience.,6,1,2,23
EMP01051,49,Female,HR,15,Tokyo,4,No,6,8.0,I am exhausted every day.,10,3,2,37
EMP01052,52,Female,Marketing,19,New York,1,No,6,5.0,Nothing special to report.,5,1,3,23
EMP01053,30,Male,Finance,9,London,4,No,3,6.0,Work is okay.,4,4,4,32
EMP01054,50,Female,Sales,4,Berlin,4,No,6,6.0,Nothing special to report.,7,1,2,25
EMP01055,35,M,Marketing,15,Remote,1,No,6,1.0,I feel energized at work.,5,2,5,30
EMP01056,61,Female,IT,19,Berlin,4,No,1,6.0,Nothing special to report.,5,4,2,30
EMP01057,62,Female,HR,16,Remote,5,No,6,7.0,It pays the bills.,6,5,3,37
EMP01058,43,Female,Marketing,8,London,3,Yes,4,8.0,Extremely stressed and burnt out.,8,1,2,27
EMP01059,32,Male,Finance,17,London,4,No,6,4.0,Great work-life balance.,9,1,4,33
EMP01060,44,Female,Finance,21,London,4,No,3,8.0,Extremely stressed and burnt out.,5,1,4,25
EMP01061,22,Female,HR,1,New York,3,No,7,6.0,Work is okay.,8,2,2,30
EMP01062,58,Male,IT,7,Berlin,4,Yes,2,8.0,I am exhausted every day.,2,3,2,21
EMP01063,42,Male,Marketing,21,Remote,3,No,9,9.0,I need a long break.,8,3,3,35
EMP01064,47,female,Marketing,18,London,4,No,8,6.0,Work is okay.,9,4,5,44
EMP01065,57,Male,Operations,12,London,3,Yes,2,5.0,Average experience.,5,4,5,36
EMP01066,44,Male,Sales,16,Remote,4,No,8,6.0,Nothing special to report.,10,2,2,34
EMP01067,22,female,Finance,1,Berlin,3,No,3,8.0,Management expects too much.,10,2,4,38
EMP01068,61,Female,Marketing,15,Berlin,2,No,4,9.0,Management expects too much.,7,2,5,34
EMP01069,36,Female,Marketing,7,Remote,3,Yes,4,8.0,Extremely stressed and burnt out.,7,5,3,39
EMP01070,42,F,Marketing,17,Tokyo,3,No,3,8.0,Extremely stressed and burnt out.,8,2,5,36
EMP01071,30,Male,IT,3,Berlin,2,Yes,6,10.0,Terrible work-life balance.,3,2,3,22
EMP01072,30,Female,Sales,11,Remote,2,No,3,1.0,Love the culture here.,7,2,4,32
EMP01073,31,Female,Marketing,6,Remote,4,No,3,4.0,Excellent benefits.,9,2,2,32
EMP01074,47,M,HR,6,London,4,Yes,5,4.0,Great work-life balance.,7,3,3,33
EMP01075,62,Female,Finance,15,Remote,5,No,4,3.0,I feel energized at work.,9,1,4,33
EMP01076,56,Female,Operations,7,New York,4,No,4,4.0,Excellent benefits.,5,1,3,23
EMP01077,46,Female,HR,11,London,4,No,4,2.0,I feel energized at work.,8,3,2,33
EMP01078,47,Female,Finance,17,London,2,No,3,3.0,Management is very supportive.,8,2,3,32
EMP01079,32,Female,IT,23,Berlin,4,No,4,8.0,I am exhausted every day.,6,5,1,33
EMP01080,59,Female,Sales,18,Tokyo,4,Yes,6,1.0,I feel energized at work.,4,5,5,37
EMP01081,23,Female,Sales,22,Berlin,2,Yes,3,7.0,Standard corporate environment.,4,4,2,28
EMP01082,28,Female,Finance,24,New York,4,No,1,4.0,Love the culture here.,7,1,5,31
EMP01083,39,Female,HR,21,London,3,Yes,2,8.0,I am exhausted every day.,7,4,3,36
EMP01084,48,Female,Operations,19,London,5,Yes,5,9.0,I am exhausted every day.,6,2,4,30
EMP01085,55,M,IT,8,Remote,4,No,2,7.0,Nothing special to report.,7,4,1,32
EMP01086,48,Female,Finance,24,Tokyo,5,Yes,4,2.0,I feel energized at work.,5,2,4,28
EMP01087,38,male,IT,20,Tokyo,2,Yes,3,7.0,It pays the bills.,3,4,3,28
EMP01088,64,M,Sales,8,Remote,1,No,2,8.0,I am exhausted every day.,4,3,4,29
EMP01089,45,Female,Marketing,21,New York,5,Yes,1,2.0,Love the culture here.,9,2,3,34
EMP01090,46,Female,Marketing,11,Tokyo,2,No,2,6.0,It pays the bills.,10,5,3,45
EMP01091,28,male,Operations,21,London,3,Yes,5,5.0,Work is okay.,10,2,3,36
EMP01092,27,Female,IT,3,New York,4,No,7,7.0,Nothing special to report.,7,5,2,37
EMP01093,45,M,Finance,23,Berlin,4,No,2,9.0,Management expects too much.,7,5,4,41
EMP01094,54,Female,Operations,14,Berlin,3,No,9,2.0,Management is very supportive.,7,4,2,34
EMP01095,50,Female,HR,9,New York,1,Yes,4,1.0,Love the culture here.,5,1,3,23
EMP01096,64,Male,Marketing,1,London,3,No,5,2.0,Love the culture here.,10,1,2,31
EMP01097,43,Female,Finance,1,Berlin,3,No,2,5.0,Work is okay.,6,1,3,25
EMP01098,47,female,IT,12,London,3,Yes,2,7.0,It pays the bills.,4,5,2,31
EMP01099,49,Female,Operations,11,Remote,4,Yes,5,5.0,Nothing special to report.,10,1,3,33
EMP01100,42,Female,Finance,21,Tokyo,4,No,4,2.0,Love the culture here.,9,2,2,32
EMP01101,28,male,Operations,1,New York,4,No,4,7.0,Standard corporate environment.,4,2,3,24
EMP01102,38,Female,Operations,20,Tokyo,2,No,4,8.0,Management expects too much.,9,2,5,38
EMP01103,41,Female,Operations,12,Remote,4,No,3,5.0,Standard corporate environment.,7,5,3,39
EMP01104,62,Female,IT,17,Berlin,5,Yes,4,8.0,Extremely stressed and burnt out.,2,5,3,29
EMP01105,41,Female,Finance,15,London,4,No,5,1.0,Excellent benefits.,8,1,5,33
EMP01106,43,Male,Sales,2,London,2,No,6,7.0,Nothing special to report.,9,4,2,38
EMP01107,49,Female,Sales,18,Remote,5,No,3,3.0,I feel energized at work.,9,5,4,45
EMP01108,61,Female,IT,16,New York,3,Yes,8,10.0,I am exhausted every day.,4,3,3,27
EMP01109,28,Male,IT,4,Tokyo,4,Yes,4,7.0,Standard corporate environment.,5,2,3,26
EMP01110,22,Female,Marketing,8,Berlin,2,No,4,6.0,It pays the bills.,9,2,3,34
EMP01111,53,Female,Operations,2,New York,4,No,3,2.0,Management is very supportive.,9,1,3,31
EMP01112,34,Male,Finance,14,Remote,5,No,2,8.0,Extremely stressed and burnt out.,9,4,2,38
EMP01113,51,Female,Finance,15,Remote,3,No,1,3.0,Excellent benefits.,10,2,2,34
EMP01114,44,Male,HR,9,London,3,No,7,2.0,Great work-life balance.,4,5,5,37
EMP01115,40,Female,HR,2,Berlin,2,No,3,8.0,I am exhausted every day.,6,4,5,38
EMP01116,53,F,Sales,17,New York,3,No,4,6.0,Work is okay.,9,2,5,38
EMP01117,51,Female,HR,10,London,3,No,5,4.0,Love the culture here.,9,1,4,33
EMP01118,50,Male,HR,9,Berlin,4,No,2,5.0,Nothing special to report.,7,1,4,29
EMP01119,50,Male,Sales,2,Tokyo,2,Yes,5,7.0,Work is okay.,6,1,2,23
EMP01120,51,Male,Marketing,24,Tokyo,2,Yes,4,4.0,Management is very supportive.,7,5,2,37
EMP01121,37,Female,Sales,19,London,3,No,5,7.0,Work is okay.,10,1,5,37
EMP01122,61,Male,HR,17,New York,3,No,6,6.0,Nothing special to report.,10,3,4,41
EMP01123,40,Female,Finance,11,Berlin,4,Yes,4,5.0,Average experience.,6,5,2,35
EMP01124,39,Male,HR,17,Tokyo,4,No,5,3.0,Love the culture here.,6,3,4,33
EMP01125,22,M,Operations,10,Tokyo,4,No,7,1.0,Management is very supportive.,7,1,4,29
EMP01126,35,Male,Operations,18,New York,3,No,1,5.0,It pays the bills.,6,4,5,38
EMP01127,23,Male,Operations,23,London,3,No,3,7.0,It pays the bills.,9,5,3,43
EMP01128,49,M,Marketing,6,Remote,3,Yes,7,6.0,It pays the bills.,10,3,2,37
EMP01129,51,Male,IT,16,Berlin,1,Yes,5,9.0,I need a long break.,7,5,1,35
EMP01130,59,Male,Operations,18,Tokyo,3,No,2,5.0,Nothing special to report.,9,3,4,39
EMP01131,25,Female,Finance,20,Remote,4,No,4,5.0,Standard corporate environment.,7,5,4,41
EMP01132,22,Female,Marketing,18,New York,1,No,4,2.0,I feel energized at work.,6,2,2,26
EMP01133,29,Female,IT,1,London,1,Yes,5,8.0,Management expects too much.,5,3,3,29
EMP01134,50,Male,IT,3,Berlin,4,No,4,8.0,Average experience.,4,3,1,23
EMP01135,60,Female,Operations,15,New York,4,No,5,1.0,Love the culture here.,9,5,5,47
EMP01136,24,Male,HR,20,London,3,No,2,9.0,I need a long break.,5,4,4,34
EMP01137,53,Male,Sales,10,New York,4,No,7,7.0,Work is okay.,9,2,3,34
EMP01138,31,F,HR,21,Tokyo,5,No,1,2.0,I feel energized at work.,7,3,2,31
EMP01139,31,Female,HR,5,Tokyo,3,No,4,6.0,It pays the bills.,8,1,5,33
EMP01140,40,Male,IT,15,Remote,3,No,4,8.0,Nothing special to report.,4,1,2,19
EMP01141,55,Female,IT,23,New York,2,No,1,7.0,Work is okay.,7,5,1,35
EMP01142,54,Male,Marketing,14,Tokyo,4,No,3,7.0,Average experience.,9,4,3,40
EMP01143,44,F,Marketing,15,London,3,No,3,3.0,Excellent benefits.,4,2,3,24
EMP01144,49,Male,IT,10,Remote,5,No,3,10.0,Extremely stressed and burnt out.,4,3,3,27
EMP01145,53,Male,Finance,24,Berlin,4,Yes,3,9.0,Terrible work-life balance.,8,1,4,31
EMP01146,28,Female,Finance,9,New York,3,No,5,5.0,Average experience.,6,3,5,35
EMP01147,50,Female,Sales,12,Tokyo,2,No,3,5.0,Nothing special to report.,8,1,4,31
EMP01148,29,Female,IT,7,London,3,No,3,6.0,Work is okay.,6,5,2,35
EMP01149,22,Male,Operations,5,New York,3,Yes,3,2.0,I feel energized at work.,6,5,4,39
EMP01150,24,Male,Marketing,24,London,5,No,7,4.0,I feel energized at work.,10,3,4,41
EMP01151,45,Female,IT,10,Remote,3,No,3,6.0,Average experience.,7,5,2,37
EMP01152,44,Male,Finance,8,Tokyo,3,No,5,7.0,Average experience.,8,2,3,32
EMP01153,29,F,IT,22,Tokyo,3,No,1,7.0,Standard corporate environment.,4,5,3,33
EMP01154,58,Male,Finance,20,Remote,2,No,2,8.0,I need a long break.,4,2,3,24
EMP01155,24,Female,IT,16,London,3,No,2,6.0,Work is okay.,2,5,2,27
EMP01156,54,Female,Operations,12,New York,2,No,5,8.0,Management expects too much.,5,3,3,29
EMP01157,49,Male,Sales,9,London,4,No,6,5.0,Nothing special to report.,4,2,2,22
EMP01158,29,Female,Operations,10,New York,3,No,5,1.0,Excellent benefits.,8,4,4,40
EMP01159,55,M,Finance,16,Remote,3,Yes,4,3.0,I feel energized at work.,6,3,5,35
EMP01160,56,Male,Marketing,10,Berlin,4,No,4,7.0,It pays the bills.,10,2,2,34
EMP01161,53,male,Marketing,9,New York,1,No,3,7.0,Average experience.,9,1,3,31
EMP01162,45,Female,HR,3,Tokyo,3,No,4,8.0,I need a long break.,7,1,4,29
EMP01163,35,Male,Operations,19,Tokyo,3,No,4,4.0,Great work-life balance.,9,4,4,42
EMP01164,53,Female,IT,11,Tokyo,3,No,7,9.0,I need a long break.,7,1,2,25
EMP01165,64,Male,Sales,6,London,5,No,4,7.0,Work is okay.,9,3,4,39
EMP01166,37,Female,IT,6,London,2,No,2,8.0,Average experience.,6,2,2,26
EMP01167,25,Female,IT,15,London,4,No,4,10.0,Management expects too much.,7,3,3,33
EMP01168,58,M,Operations,15,Tokyo,3,No,5,8.0,Management expects too much.,5,5,2,33
EMP01169,42,Other,Sales,13,New York,3,No,5,5.0,Work is okay.,7,5,4,41
EMP01170,35,Female,HR,22,Tokyo,4,Yes,2,1.0,I feel energized at work.,4,1,2,19
EMP01171,52,Female,IT,5,New York,2,Yes,5,7.0,Standard corporate environment.,5,4,2,30
EMP01172,39,Male,Sales,14,London,4,No,6,3.0,Love the culture here.,9,4,2,38
EMP01173,28,Female,HR,21,Berlin,2,No,6,7.0,Standard corporate environment.,10,5,3,45
EMP01174,31,Male,IT,2,London,3,Yes,4,10.0,I need a long break.,2,4,1,22
EMP01175,28,Female,Sales,23,Remote,4,No,6,5.0,It pays the bills.,4,4,3,30
EMP01176,54,Female,Operations,12,New York,2,No,3,9.0,Terrible work-life balance.,4,1,5,25
EMP01177,44,Male,Marketing,20,Berlin,4,No,6,9.0,I am exhausted every day.,6,3,4,33
EMP01178,42,Male,Marketing,14,London,2,Yes,0,8.0,Management expects too much.,10,3,5,43
EMP01179,40,Male,IT,19,Berlin,4,No,2,6.0,It pays the bills.,5,2,1,22
EMP01180,40,Female,IT,24,Tokyo,3,Yes,4,6.0,Average experience.,3,3,2,23
EMP01181,57,Female,Sales,20,New York,4,Yes,3,4.0,I feel energized at work.,10,3,2,37
EMP01182,50,Female,Marketing,15,Remote,5,Yes,6,4.0,Love the culture here.,8,1,2,27
EMP01183,39,Female,IT,20,Tokyo,3,No,6,10.0,I need a long break.,6,1,1,21
EMP01184,23,Female,HR,24,Berlin,3,Yes,4,7.0,Nothing special to report.,8,3,5,39
EMP01185,22,Male,IT,17,London,4,Yes,3,8.0,Average experience.,2,2,2,18
EMP01186,26,Male,Marketing,14,New York,2,Yes,2,5.0,Average experience.,4,3,3,27
EMP01187,41,Female,Finance,23,Remote,4,No,5,7.0,Standard corporate environment.,10,3,4,41
EMP01188,32,Female,Marketing,18,London,5,No,4,6.0,Average experience.,7,5,2,37
EMP01189,63,Male,HR,22,Remote,4,Yes,3,9.0,Extremely stressed and burnt out.,6,2,3,28
EMP01190,23,Male,Sales,24,New York,2,No,4,9.0,Terrible work-life balance.,9,3,3,37
EMP01191,24,Male,HR,5,Berlin,2,No,5,9.0,Terrible work-life balance.,6,1,4,27
EMP01192,44,Female,Finance,22,Remote,3,Yes,5,5.0,Standard corporate environment.,9,3,4,39
EMP01193,33,Male,Finance,12,New York,3,Yes,6,3.0,Excellent benefits.,6,4,4,36
EMP01194,41,Female,IT,10,Remote,2,Yes,2,8.0,Average experience.,4,5,2,31
EMP01195,26,M,IT,8,London,4,No,6,7.0,Average experience.,5,5,3,35
EMP01196,58,Male,Marketing,6,Remote,3,No,4,7.0,Standard corporate environment.,8,5,2,39
EMP01197,59,female,Operations,15,London,5,Yes,4,7.0,Average experience.,5,2,4,28
EMP01198,51,Female,HR,12,London,4,Yes,2,2.0,Excellent benefits.,10,5,2,43
EMP01199,30,Female,Marketing,6,New York,5,No,5,6.0,It pays the bills.,4,3,3,27
EMP01200,55,Female,Operations,12,Tokyo,3,No,7,4.0,Management is very supportive.,8,2,2,30
EMP01201,56,Female,Marketing,15,Remote,3,No,3,7.0,Average experience.,6,4,4,36
EMP01202,43,Female,Finance,12,Berlin,3,No,6,8.0,Extremely stressed and burnt out.,8,1,5,33
EMP01203,45,Female,IT,9,London,3,No,1,7.0,Standard corporate environment.,7,5,1,35
EMP01204,38,Male,IT,19,Tokyo,4,Yes,1,10.0,Extremely stressed and burnt out.,4,3,3,27
EMP01205,31,Male,Marketing,21,London,4,No,7,1.0,Excellent benefits.,4,2,4,26
EMP01206,51,Male,IT,2,Tokyo,2,Yes,3,10.0,Extremely stressed and burnt out.,4,3,3,27
EMP01207,44,Male,Sales,13,Tokyo,3,Yes,4,9.0,Terrible work-life balance.,7,5,4,41
EMP01208,53,Male,Marketing,13,Berlin,3,No,4,2.0,Great work-life balance.,6,1,5,29
EMP01209,38,Male,Finance,8,Tokyo,4,No,1,4.0,I feel energized at work.,9,2,4,36
EMP01210,38,Female,Marketing,13,Berlin,5,No,6,8.0,Management expects too much.,7,3,3,33
EMP01211,35,F,Marketing,4,New York,2,Yes,5,5.0,It pays the bills.,5,2,5,30
EMP01212,30,male,IT,6,London,3,No,5,7.0,Work is okay.,4,5,2,31
EMP01213,61,Female,Finance,6,Berlin,5,No,7,1.0,Excellent benefits.,7,5,2,37
EMP01214,23,Female,Marketing,21,London,3,No,2,7.0,It pays the bills.,7,4,5,40
EMP01215,46,F,IT,12,Remote,4,No,5,7.0,Nothing special to report.,4,4,3,30
EMP01216,60,Female,HR,12,New York,2,Yes,6,7.0,Work is okay.,6,5,2,35
EMP01217,30,Male,Finance,17,Remote,3,No,9,3.0,Great work-life balance.,10,2,4,38
EMP01218,43,male,Operations,7,Remote,3,No,3,4.0,Love the culture here.,7,3,5,37
EMP01219,64,Female,Sales,15,Tokyo,4,No,11,6.0,Standard corporate environment.,10,3,5,43
EMP01220,25,Female,Operations,24,Tokyo,3,No,3,3.0,Love the culture here.,5,2,2,24
EMP01221,47,Male,Finance,17,Remote,3,No,3,1.0,Excellent benefits.,7,1,3,27
EMP01222,50,Male,Marketing,10,Tokyo,3,No,6,1.0,Excellent benefits.,10,2,4,38
EMP01223,55,M,IT,23,London,3,No,5,9.0,Management expects too much.,5,5,2,33
EMP01224,44,Female,Finance,20,Tokyo,4,No,4,7.0,Nothing special to report.,5,5,5,39
EMP01225,58,Male,Sales,6,Remote,4,No,3,9.0,Terrible work-life balance.,9,4,4,42
EMP01226,32,Male,Finance,9,Tokyo,2,No,2,8.0,I need a long break.,5,3,3,29
EMP01227,27,Female,IT,15,Tokyo,4,No,4,8.0,Extremely stressed and burnt out.,5,4,2,30
EMP01228,39,Female,Operations,16,Berlin,2,No,3,7.0,Standard corporate environment.,5,3,4,31
EMP01229,42,Male,HR,21,Berlin,3,Yes,3,1.0,I feel energized at work.,8,2,4,34
EMP01230,63,F,Operations,8,Remote,4,No,2,2.0,Love the culture here.,5,1,3,23
EMP01231,57,Male,IT,16,London,2,Yes,2,6.0,Standard corporate environment.,4,3,2,25
EMP01232,62,Male,IT,5,New York,1,No,1,7.0,Nothing special to report.,6,1,3,25
EMP01233,59,Female,Sales,18,New York,3,No,9,8.0,Extremely stressed and burnt out.,7,1,2,25
EMP01234,55,Male,Finance,20,Remote,4,No,7,7.0,Average experience.,8,1,2,27
EMP01235,38,M,Finance,14,London,3,No,5,2.0,Excellent benefits.,8,2,3,32
EMP01236,58,Female,Operations,2,London,3,No,3,2.0,I feel energized at work.,4,1,2,19
EMP01237,46,Female,HR,23,London,4,No,5,7.0,Work is okay.,9,1,2,29
EMP01238,59,Male,HR,23,Berlin,4,No,4,7.0,Average experience.,9,5,2,41
EMP01239,33,Male,Sales,3,Remote,4,No,4,6.0,It pays the bills.,7,5,3,39
EMP01240,44,Male,IT,14,New York,3,Yes,5,7.0,Work is okay.,5,3,2,27
EMP01241,63,Female,Sales,7,London,1,No,3,5.0,Average experience.,9,5,4,45
EMP01242,43,Female,Finance,15,Remote,2,Yes,4,6.0,Work is okay.,5,3,4,31
EMP01243,42,M,Marketing,17,New York,4,No,5,9.0,Management expects too much.,10,1,3,33
EMP01244,48,Female,Marketing,1,Berlin,4,No,5,4.0,Love the culture here.,7,5,2,37
EMP01245,52,male,Marketing,9,Tokyo,5,No,4,1.0,Excellent benefits.,6,4,3,34
EMP01246,27,Female,IT,22,New York,2,No,2,6.0,Work is okay.,3,2,3,22
EMP01247,48,Male,Sales,14,New York,2,No,2,8.0,Terrible work-life balance.,4,5,4,35
EMP01248,61,Male,Operations,16,New York,2,No,2,2.0,I feel energized at work.,8,2,3,32
EMP01249,55,Female,Finance,21,Tokyo,2,No,3,4.0,Management is very supportive.,4,5,2,31
EMP01250,33,Male,Marketing,13,London,3,No,6,3.0,Love the culture here.,9,5,3,43
EMP01251,28,Male,HR,6,Tokyo,5,No,2,3.0,Excellent benefits.,8,4,3,38
EMP01252,31,Female,Sales,22,New York,3,No,4,6.0,Average experience.,7,1,3,27
EMP01253,38,M,Finance,1,Berlin,3,No,5,7.0,Work is okay.,5,3,2,27
EMP01254,47,Male,Finance,21,New York,4,No,0,8.0,I need a long break.,7,5,4,41
EMP01255,42,Female,HR,4,Berlin,2,No,3,7.0,Work is okay.,8,5,5,45
EMP01256,49,M,HR,3,Remote,4,No,2,9.0,Extremely stressed and burnt out.,10,2,4,38
EMP01257,23,Female,HR,17,Berlin,4,No,3,2.0,I feel energized at work.,6,1,4,27
EMP01258,64,Male,Marketing,2,New York,2,No,6,4.0,Great work-life balance.,7,5,5,43
EMP01259,22,Male,Marketing,19,Tokyo,4,Yes,6,2.0,I feel energized at work.,7,5,2,37
EMP01260,57,Female,Sales,20,New York,3,No,7,3.0,Excellent benefits.,4,3,2,25
EMP01261,47,Female,HR,23,New York,2,Yes,4,1.0,I feel energized at work.,7,1,4,29
EMP01262,50,F,Operations,22,Remote,3,No,3,8.0,I am exhausted every day.,8,1,2,27
EMP01263,42,Female,Finance,8,London,3,No,2,5.0,It pays the bills.,10,5,4,47
EMP01264,32,Male,HR,15,New York,3,No,2,5.0,Average experience.,5,1,3,23
EMP01265,61,Male,Finance,6,Remote,3,No,6,8.0,Management expects too much.,8,1,5,33
EMP01266,32,Female,IT,23,Tokyo,3,Yes,6,8.0,Management expects too much.,2,3,3,23
EMP01267,57,Male,IT,20,Remote,3,No,6,6.0,Nothing special to report.,5,4,2,30
EMP01268,60,Male,HR,2,Remote,4,No,4,9.0,I need a long break.,6,3,5,35
EMP01269,61,Female,Finance,15,Berlin,5,Yes,4,9.0,I need a long break.,6,4,2,32
EMP01270,56,Male,IT,20,London,4,Yes,2,7.0,It pays the bills.,3,3,2,23
EMP01271,55,Male,HR,12,London,3,Yes,2,7.0,Average experience.,9,5,2,41
EMP01272,45,Female,Finance,3,Tokyo,4,No,6,7.0,Average experience.,4,3,5,31
EMP01273,43,Male,HR,10,Remote,4,No,4,4.0,Management is very supportive.,4,1,4,23
EMP01274,26,Male,Marketing,14,Tokyo,2,No,2,5.0,Work is okay.,10,1,5,37
EMP01275,54,Female,Finance,22,Tokyo,3,Yes,3,6.0,It pays the bills.,5,2,4,28
EMP01276,57,M,IT,14,London,4,Yes,3,10.0,Management expects too much.,2,5,1,25
EMP01277,41,Male,HR,3,London,4,No,2,2.0,Great work-life balance.,6,1,2,23
EMP01278,40,Female,IT,1,London,5,No,4,7.0,Nothing special to report.,5,5,2,33
EMP01279,56,Male,HR,20,New York,4,No,2,2.0,Great work-life balance.,9,3,5,41
EMP01280,64,Female,Sales,1,Remote,4,No,3,2.0,Management is very supportive.,9,1,4,33
EMP01281,38,F,IT,2,Tokyo,2,No,2,10.0,Terrible work-life balance.,6,5,1,33
EMP01282,64,Female,IT,19,Remote,3,No,9,10.0,Extremely stressed and burnt out.,3,3,2,23
EMP01283,55,M,Operations,24,Tokyo,5,No,3,6.0,Standard corporate environment.,9,4,5,44
EMP01284,30,Male,Marketing,10,Tokyo,3,No,3,6.0,Average experience.,8,2,3,32
EMP01285,47,Male,IT,4,Tokyo,2,Yes,6,8.0,Management expects too much.,5,3,3,29
EMP01286,23,F,Finance,4,Tokyo,3,No,3,4.0,Love the culture here.,5,4,5,36
EMP01287,30,Male,HR,13,Berlin,4,No,8,7.0,Standard corporate environment.,9,5,5,47
EMP01288,30,Male,Sales,9,Berlin,2,No,6,7.0,Nothing special to report.,4,4,5,34
EMP01289,61,Female,Finance,7,New York,4,No,6,6.0,Standard corporate environment.,9,1,3,31
EMP01290,38,M,Finance,16,London,2,Yes,9,1.0,I feel energized at work.,8,5,4,43
EMP01291,22,F,Finance,18,Tokyo,3,Yes,6,6.0,Average experience.,7,2,2,28
EMP01292,46,Male,Finance,3,Remote,5,No,2,1.0,Excellent benefits.,8,2,2,30
EMP01293,64,F,Sales,20,Berlin,2,Yes,2,5.0,It pays the bills.,5,5,4,37
EMP01294,61,Male,Operations,20,London,1,No,2,6.0,Work is okay.,5,1,2,21
EMP01295,63,Male,Marketing,10,New York,3,No,3,7.0,Average experience.,7,5,3,39
EMP01296,46,Female,IT,24,London,3,No,2,6.0,Work is okay.,4,5,2,31
EMP01297,60,Male,Finance,22,Tokyo,3,No,5,6.0,It pays the bills.,7,5,2,37
EMP01298,56,Male,IT,16,London,3,No,4,8.0,Terrible work-life balance.,2,3,3,23
EMP01299,24,Female,IT,3,Tokyo,5,No,5,9.0,I am exhausted every day.,6,2,3,28
EMP01300,58,Male,Finance,11,Berlin,3,Yes,4,7.0,It pays the bills.,4,2,2,22
EMP01301,51,Male,Operations,10,Berlin,3,No,5,1.0,Excellent benefits.,5,1,3,23
EMP01302,59,Male,IT,16,Tokyo,3,No,4,8.0,Terrible work-life balance.,5,2,2,24
EMP01303,55,Female,HR,8,Remote,3,No,1,1.0,Love the culture here.,10,1,4,35
EMP01304,33,Female,IT,9,Berlin,1,No,2,8.0,I need a long break.,6,1,2,23
EMP01305,40,Female,Marketing,15,Remote,4,No,3,8.0,Terrible work-life balance.,7,2,3,30
EMP01306,58,Female,Finance,21,Tokyo,5,No,3,3.0,Management is very supportive.,6,5,2,35
EMP01307,38,Female,Sales,3,Tokyo,3,Yes,2,7.0,Standard corporate environment.,10,5,3,45
EMP01308,31,M,IT,4,Berlin,4,Yes,9,7.0,Average experience.,2,3,2,21
EMP01309,33,Male,Operations,13,Remote,1,Yes,4,5.0,Average experience.,6,1,2,23
EMP01310,37,Male,HR,12,Tokyo,4,Yes,6,3.0,Love the culture here.,4,4,5,34
EMP01311,45,M,HR,21,Berlin,3,No,1,3.0,Great work-life balance.,8,4,5,42
EMP01312,40,Male,Sales,9,Tokyo,3,Yes,0,5.0,Average experience.,9,2,5,38
EMP01313,29,Other,Marketing,14,London,3,Yes,4,8.0,I am exhausted every day.,10,2,5,40
EMP01314,52,Female,Sales,19,London,2,Yes,5,2.0,Management is very supportive.,10,4,2,40
EMP01315,42,Female,Marketing,7,Berlin,4,No,3,4.0,Love the culture here.,4,3,3,27
EMP01316,38,Female,IT,16,Tokyo,3,No,1,9.0,Terrible work-life balance.,6,1,2,23
EMP01317,44,Female,Finance,22,Berlin,3,No,2,5.0,Average experience.,5,1,2,21
EMP01318,58,Male,Operations,20,New York,5,No,4,6.0,It pays the bills.,10,2,2,34
EMP01319,37,Female,HR,5,Berlin,1,No,10,9.0,I need a long break.,6,2,2,26
EMP01320,27,Female,Sales,10,Berlin,4,No,6,5.0,It pays the bills.,9,5,4,45
EMP01321,29,female,Operations,18,London,3,No,3,8.0,I need a long break.,4,3,2,25
EMP01322,46,Male,Marketing,11,London,3,Yes,3,5.0,Standard corporate environment.,7,1,4,29
EMP01323,39,Male,Finance,7,Tokyo,3,No,5,5.0,It pays the bills.,5,5,3,35
EMP01324,46,Male,HR,14,Berlin,3,No,5,6.0,Nothing special to report.,10,4,2,40
EMP01325,33,Female,HR,20,Berlin,1,No,4,4.0,Great work-life balance.,5,5,2,33
EMP01326,36,F,Marketing,18,Tokyo,4,No,6,5.0,Standard corporate environment.,5,4,2,30
EMP01327,47,Male,Finance,11,Remote,4,Yes,5,8.0,I need a long break.,5,4,2,30
EMP01328,62,Female,HR,22,Tokyo,4,No,4,4.0,Excellent benefits.,8,1,3,29
EMP01329,47,Male,Finance,12,London,4,No,4,7.0,Work is okay.,5,5,2,33
EMP01330,53,Female,HR,18,London,5,Yes,6,3.0,Love the culture here.,7,1,5,31
EMP01331,31,F,IT,2,Berlin,3,Yes,6,9.0,I am exhausted every day.,4,3,2,25
EMP01332,37,Male,Marketing,23,London,4,No,3,8.0,I need a long break.,10,3,5,43
EMP01333,28,Female,Finance,1,Tokyo,1,Yes,6,8.0,I need a long break.,5,3,4,31
EMP01334,38,Other,Operations,23,Berlin,4,Yes,3,9.0,Management expects too much.,4,3,3,27
EMP01335,44,F,IT,10,Tokyo,4,Yes,5,9.0,I need a long break.,3,4,2,26
EMP01336,47,Female,Operations,21,Tokyo,1,Yes,4,4.0,Excellent benefits.,6,3,2,29
EMP01337,42,Female,Marketing,1,Berlin,3,Yes,7,5.0,Nothing special to report.,9,1,2,29
EMP01338,43,Male,HR,6,Remote,5,No,4,5.0,Work is okay.,7,5,4,41
EMP01339,28,Female,Operations,7,London,2,No,0,3.0,Love the culture here.,6,5,2,35
EMP01340,35,M,IT,17,New York,3,No,5,6.0,Work is okay.,4,1,1,17
EMP01341,36,Female,Finance,9,New York,3,Yes,0,1.0,Management is very supportive.,8,2,2,30
EMP01342,28,Male,Sales,7,New York,3,No,1,8.0,I am exhausted every day.,9,2,3,34
EMP01343,30,Male,Operations,17,London,1,No,5,4.0,Great work-life balance.,4,2,3,24
EMP01344,29,Male,Sales,3,Remote,3,No,2,2.0,Great work-life balance.,10,2,3,36
EMP01345,44,Male,Marketing,16,Tokyo,3,No,5,6.0,Average experience.,9,4,5,44
EMP01346,50,Male,Operations,5,Berlin,4,No,3,9.0,Terrible work-life balance.,10,4,2,40
EMP01347,39,Female,Operations,20,Remote,3,No,6,5.0,Work is okay.,6,5,5,41
EMP01348,52,Male,Finance,18,New York,3,No,5,3.0,Great work-life balance.,5,5,4,37
EMP01349,51,Male,HR,1,London,3,Yes,4,4.0,Great work-life balance.,8,4,3,38
EMP01350,60,Female,IT,4,London,2,No,3,10.0,Terrible work-life balance.,5,4,2,30
EMP01351,56,Male,IT,23,Berlin,5,No,5,7.0,Work is okay.,6,5,3,37
EMP01352,39,Male,IT,11,Tokyo,4,No,4,10.0,Management expects too much.,5,1,2,21
EMP01353,63,Male,Marketing,20,Remote,3,No,3,4.0,Great work-life balance.,8,4,2,36
EMP01354,60,Male,HR,9,Remote,3,No,5,4.0,I feel energized at work.,4,1,5,25
EMP01355,38,Female,Sales,8,Remote,4,Yes,1,8.0,Management expects too much.,8,3,5,39
EMP01356,35,Male,IT,8,Tokyo,3,No,2,7.0,It pays the bills.,2,1,3,17
EMP01357,52,Female,Sales,5,Tokyo,2,No,4,5.0,Nothing special to report.,5,1,3,23
EMP01358,45,male,HR,12,Tokyo,3,No,4,3.0,Management is very supportive.,8,4,4,40
EMP01359,56,Female,Marketing,1,Berlin,5,No,2,6.0,Nothing special to report.,10,3,2,37
EMP01360,55,Female,HR,15,London,2,No,3,8.0,Extremely stressed and burnt out.,9,2,2,32
EMP01361,24,F,Finance,18,New York,3,Yes,2,1.0,Great work-life balance.,10,1,2,31
EMP01362,58,Female,IT,6,Tokyo,1,No,3,6.0,Nothing special to report.,6,3,2,29
EMP01363,64,Male,Marketing,10,London,2,No,2,4.0,Management is very supportive.,5,3,5,33
EMP01364,61,Male,Finance,14,Tokyo,3,No,5,5.0,Average experience.,4,4,5,34
EMP01365,47,F,IT,21,New York,3,No,5,7.0,Nothing special to report.,7,3,2,31
EMP01366,44,Male,HR,8,Tokyo,5,No,5,3.0,Excellent benefits.,7,2,5,34
EMP01367,60,Male,HR,3,London,3,No,5,9.0,I am exhausted every day.,8,4,2,36
EMP01368,36,Female,Operations,22,Berlin,3,No,3,6.0,Nothing special to report.,9,1,3,31
EMP01369,25,M,Operations,22,New York,3,No,6,1.0,I feel energized at work.,5,4,4,34
EMP01370,50,Male,HR,19,London,4,Yes,2,9.0,I need a long break.,7,1,4,29
EMP01371,43,Female,HR,12,Remote,1,No,4,5.0,Average experience.,7,4,3,36
EMP01372,46,Male,Sales,12,Remote,3,No,1,3.0,Management is very supportive.,6,3,4,33
EMP01373,34,Female,Sales,15,Remote,4,No,3,4.0,Management is very supportive.,7,2,5,34
EMP01374,39,Male,Finance,7,Berlin,2,Yes,1,5.0,Standard corporate environment.,10,4,2,40
EMP01375,54,Male,Operations,4,Tokyo,5,No,5,1.0,Excellent benefits.,7,5,4,41
EMP01376,37,M,Operations,21,Tokyo,3,No,4,3.0,Management is very supportive.,5,3,2,27
EMP01377,63,Female,HR,9,Tokyo,2,No,9,7.0,Standard corporate environment.,5,4,4,34
EMP01378,23,Female,HR,22,Berlin,3,No,4,9.0,Terrible work-life balance.,9,3,3,37
EMP01379,56,Female,Finance,16,Remote,2,No,3,6.0,It pays the bills.,6,5,5,41
EMP01380,63,Male,Marketing,13,Tokyo,4,No,5,5.0,Average experience.,9,3,4,39
EMP01381,55,Female,Marketing,4,Berlin,3,No,6,4.0,Excellent benefits.,6,3,4,33
EMP01382,51,Male,Marketing,24,Berlin,2,No,6,9.0,I am exhausted every day.,9,4,5,44
EMP01383,34,Male,Operations,9,London,5,Yes,4,1.0,Excellent benefits.,9,3,3,37
EMP01384,34,Male,Sales,21,Tokyo,4,No,3,6.0,Average experience.,8,4,3,38
EMP01385,39,Female,Marketing,18,Remote,3,No,4,4.0,Love the culture here.,10,2,4,38
EMP01386,53,female,IT,15,New York,3,No,5,8.0,I am exhausted every day.,6,5,3,37
EMP01387,53,Other,Finance,15,Berlin,2,No,5,1.0,Great work-life balance.,4,1,3,21
EMP01388,56,Female,Marketing,6,London,4,Yes,7,5.0,Nothing special to report.,5,5,4,37
EMP01389,60,Male,IT,11,New York,4,Yes,7,9.0,I need a long break.,3,3,2,23
EMP01390,50,Female,Marketing,8,Berlin,2,No,2,4.0,I feel energized at work.,8,4,2,36
EMP01391,50,M,Sales,21,London,3,No,6,8.0,I am exhausted every day.,7,1,2,25
EMP01392,37,Male,Sales,17,Tokyo,3,Yes,6,5.0,Average experience.,9,1,4,33
EMP01393,31,female,Marketing,24,London,3,No,5,4.0,I feel energized at work.,6,3,3,31
EMP01394,51,Male,IT,17,Berlin,4,No,5,8.0,I am exhausted every day.,2,1,3,17
EMP01395,46,Other,Finance,24,Tokyo,2,No,2,1.0,Management is very supportive.,10,4,3,42
EMP01396,60,M,IT,18,Remote,3,No,3,7.0,Nothing special to report.,5,3,2,27
EMP01397,41,M,Finance,4,London,1,No,2,3.0,Love the culture here.,9,5,4,45
EMP01398,26,Male,Marketing,15,New York,3,Yes,4,1.0,I feel energized at work.,10,3,5,43
EMP01399,22,Male,Finance,2,Tokyo,3,No,3,2.0,Love the culture here.,6,3,5,35
EMP01400,51,Male,HR,2,Tokyo,4,No,2,7.0,Work is okay.,5,1,2,21
EMP01401,24,Male,Operations,10,Remote,4,No,2,6.0,Nothing special to report.,8,2,2,30
EMP01402,35,Male,Operations,3,London,2,Yes,3,5.0,Nothing special to report.,10,1,4,35
EMP01403,51,Female,Sales,8,New York,4,No,5,1.0,Love the culture here.,6,2,2,26
EMP01404,25,Female,HR,20,Remote,4,No,3,9.0,I am exhausted every day.,6,3,4,33
EMP01405,39,Female,Operations,7,London,3,No,6,1.0,Excellent benefits.,9,3,4,39
EMP01406,58,Female,Marketing,12,New York,1,Yes,3,5.0,Work is okay.,6,5,2,35
EMP01407,46,Male,Finance,19,New York,2,No,4,9.0,I need a long break.,8,1,3,29
EMP01408,22,female,Finance,15,Berlin,3,Yes,1,9.0,Management expects too much.,8,5,5,45
EMP01409,36,Male,IT,14,New York,4,No,4,8.0,Standard corporate environment.,6,4,3,34
EMP01410,30,Female,IT,16,London,3,No,2,7.0,Nothing special to report.,4,3,2,25
EMP01411,36,Female,Finance,14,Remote,5,No,2,3.0,I feel energized at work.,4,5,3,33
EMP01412,45,M,Marketing,3,Remote,4,No,1,1.0,Love the culture here.,7,4,4,38
EMP01413,25,Male,Finance,18,Berlin,3,No,3,3.0,Excellent benefits.,9,2,2,32
EMP01414,33,Female,IT,22,London,4,No,10,7.0,Average experience.,7,1,1,23
EMP01415,58,Female,Operations,6,New York,2,Yes,5,8.0,Terrible work-life balance.,6,4,4,36
EMP01416,58,Male,Sales,17,Berlin,1,Yes,3,7.0,Work is okay.,6,1,4,27
EMP01417,64,Female,IT,23,Tokyo,4,No,4,6.0,Nothing special to report.,2,3,3,23
EMP01418,27,male,Marketing,14,London,3,No,6,1.0,Love the culture here.,9,2,2,32
EMP01419,60,Other,Operations,14,Berlin,3,Yes,3,5.0,Work is okay.,5,3,3,29
EMP01420,45,Male,Operations,20,Remote,4,No,5,4.0,Management is very supportive.,8,4,4,40
EMP01421,32,Male,Operations,13,Berlin,4,No,2,8.0,Management expects too much.,10,2,2,34
EMP01422,34,Male,HR,3,Tokyo,3,No,1,8.0,Terrible work-life balance.,8,4,4,40
EMP01423,55,Male,HR,13,London,3,Yes,5,3.0,Great work-life balance.,8,1,3,29
EMP01424,46,Male,Operations,24,Berlin,3,No,2,5.0,Standard corporate environment.,7,3,5,37
EMP01425,28,Male,Marketing,2,New York,4,No,5,7.0,Standard corporate environment.,9,1,2,29
EMP01426,25,female,Finance,9,London,3,No,2,8.0,Management expects too much.,10,2,5,40
EMP01427,29,male,Marketing,13,Berlin,5,No,4,3.0,Excellent benefits.,7,5,3,39
EMP01428,41,Male,HR,8,Berlin,4,No,3,8.0,Management expects too much.,10,1,5,37
EMP01429,50,Male,IT,16,London,4,No,3,7.0,It pays the bills.,7,2,2,28
EMP01430,31,Female,HR,24,Remote,5,No,5,5.0,Standard corporate environment.,5,2,5,30
EMP01431,64,Male,Finance,3,New York,5,No,4,3.0,I feel energized at work.,9,4,3,40
EMP01432,55,Female,Sales,13,London,2,No,5,2.0,Love the culture here.,7,1,2,25
EMP01433,47,Female,HR,4,New York,2,No,6,2.0,Management is very supportive.,7,3,5,37
EMP01434,62,F,Marketing,18,New York,4,No,3,5.0,Nothing special to report.,4,1,5,25
EMP01435,24,Female,Marketing,2,London,5,Yes,5,1.0,I feel energized at work.,10,4,4,44
EMP01436,27,Female,Operations,20,Berlin,4,No,0,6.0,Standard corporate environment.,10,2,3,36
EMP01437,26,Female,Operations,22,Remote,3,Yes,1,7.0,Work is okay.,6,3,4,33
EMP01438,26,Male,Operations,21,New York,4,No,6,5.0,Standard corporate environment.,5,5,4,37
EMP01439,44,Female,Sales,15,New York,3,No,6,8.0,I need a long break.,7,3,3,33
EMP01440,30,Female,Finance,17,Berlin,5,No,2,6.0,Nothing special to report.,5,1,5,27
EMP01441,56,Male,IT,10,London,3,Yes,4,6.0,It pays the bills.,5,3,1,25
EMP01442,41,Male,Marketing,1,Remote,5,No,3,9.0,Terrible work-life balance.,6,1,5,29
EMP01443,63,Male,Marketing,6,New York,3,No,8,5.0,Work is okay.,8,3,4,37
EMP01444,56,male,Finance,3,New York,5,No,2,5.0,Nothing special to report.,8,1,3,29
EMP01445,39,Male,Sales,19,London,3,No,4,1.0,Management is very supportive.,5,2,4,28
EMP01446,38,Male,Operations,7,Berlin,4,No,5,5.0,Standard corporate environment.,10,2,4,38
EMP01447,45,Male,Finance,13,Tokyo,5,No,5,3.0,Love the culture here.,4,1,3,21
EMP01448,24,Female,IT,13,Berlin,4,Yes,6,7.0,Standard corporate environment.,6,1,2,23
EMP01449,53,Male,Operations,17,New York,4,No,8,3.0,Excellent benefits.,9,5,4,45
EMP01450,56,female,IT,1,New York,2,No,4,8.0,I need a long break.,6,1,2,23
EMP01451,59,F,HR,14,Remote,3,No,3,5.0,It pays the bills.,10,4,5,46
EMP01452,34,Female,IT,3,Berlin,4,No,5,6.0,It pays the bills.,5,1,1,19
EMP01453,46,Female,Operations,14,Tokyo,3,No,6,5.0,Average experience.,4,2,4,26
EMP01454,30,Male,HR,24,Remote,4,No,5,3.0,Great work-life balance.,6,3,5,35
EMP01455,25,Male,Operations,1,Tokyo,4,No,6,8.0,I am exhausted every day.,8,2,2,30
EMP01456,35,Female,Marketing,16,Remote,3,No,0,3.0,I feel energized at work.,10,4,5,46
EMP01457,58,Male,Operations,10,Berlin,3,Yes,5,7.0,Standard corporate environment.,10,3,2,37
EMP01458,55,Male,HR,13,New York,3,No,3,2.0,Management is very supportive.,8,2,2,30
EMP01459,32,Female,IT,4,Tokyo,2,No,2,8.0,Extremely stressed and burnt out.,6,1,2,23
EMP01460,62,Male,Marketing,9,Berlin,5,Yes,3,9.0,I need a long break.,10,1,2,31
EMP01461,24,male,Sales,14,Tokyo,4,Yes,10,9.0,Management expects too much.,8,3,3,35
EMP01462,49,Male,Sales,4,Berlin,3,No,4,3.0,Great work-life balance.,7,5,3,39
EMP01463,50,Female,Sales,10,Remote,3,Yes,1,3.0,Great work-life balance.,9,4,2,38
EMP01464,30,Female,Sales,8,Berlin,4,No,1,5.0,Work is okay.,7,2,3,30
EMP01465,24,Female,Finance,23,Remote,3,No,3,9.0,Terrible work-life balance.,5,2,4,28
EMP01466,46,Male,Sales,3,New York,3,No,2,1.0,Great work-life balance.,7,4,3,36
EMP01467,55,Female,HR,23,Remote,3,No,3,1.0,Great work-life balance.,9,2,4,36
EMP01468,33,F,Sales,7,London,4,No,6,1.0,Management is very supportive.,4,3,3,27
EMP01469,63,Female,Operations,10,New York,2,Yes,3,4.0,Great work-life balance.,10,5,5,49
EMP01470,30,Male,Sales,3,Berlin,3,No,3,7.0,Work is okay.,6,3,5,35
EMP01471,36,Female,IT,2,Berlin,5,No,4,9.0,I am exhausted every day.,7,5,2,37
EMP01472,61,Female,HR,15,London,1,No,5,2.0,Excellent benefits.,4,1,3,21
EMP01473,46,Female,HR,9,Berlin,4,No,4,3.0,Management is very supportive.,7,5,2,37
EMP01474,26,male,Marketing,15,New York,3,Yes,6,4.0,I feel energized at work.,7,5,4,41
EMP01475,32,Male,Finance,17,New York,2,No,5,1.0,Love the culture here.,10,5,2,43
EMP01476,55,Female,Operations,7,Remote,1,No,3,2.0,Great work-life balance.,9,2,5,38
EMP01477,45,Female,HR,20,Tokyo,2,No,7,2.0,Great work-life balance.,5,5,5,39
EMP01478,36,Female,IT,18,Berlin,2,No,6,8.0,Management expects too much.,5,4,2,30
EMP01479,59,F,Sales,15,London,1,No,4,6.0,Work is okay.,6,1,2,23
EMP01480,29,Other,HR,18,New York,3,Yes,0,4.0,I feel energized at work.,9,1,4,33
EMP01481,26,Female,IT,24,New York,1,No,6,9.0,I am exhausted every day.,5,2,1,22
EMP01482,47,Male,Sales,23,New York,4,No,2,7.0,Work is okay.,6,3,2,29
EMP01483,39,Male,Finance,12,Tokyo,4,Yes,6,8.0,Management expects too much.,4,4,5,34
EMP01484,27,Female,HR,23,Tokyo,4,No,4,2.0,Great work-life balance.,8,3,3,35
EMP01485,58,F,HR,21,Berlin,3,No,2,2.0,Love the culture here.,5,5,5,39
EMP01486,34,Male,IT,8,London,5,No,8,10.0,I am exhausted every day.,4,3,3,27
EMP01487,49,Male,Marketing,2,Tokyo,1,No,3,4.0,Management is very supportive.,6,4,5,38
EMP01488,26,Male,Operations,2,Remote,2,No,3,2.0,I feel energized at work.,4,2,2,22
EMP01489,34,M,Finance,5,Tokyo,3,No,4,9.0,Extremely stressed and burnt out.,6,2,4,30
EMP01490,38,Male,Operations,1,New York,4,Yes,3,5.0,Average experience.,5,5,2,33
EMP01491,61,Female,HR,22,London,4,No,3,4.0,Excellent benefits.,7,4,3,36
EMP01492,53,Female,Operations,4,Berlin,4,No,3,2.0,Love the culture here.,4,2,5,28
EMP01493,50,M,Sales,6,Tokyo,3,No,1,3.0,Management is very supportive.,4,5,3,33
EMP01494,24,Female,Finance,23,New York,4,No,5,8.0,I am exhausted every day.,7,3,2,31
EMP01495,61,Female,Operations,13,Remote,2,Yes,4,8.0,Management expects too much.,8,4,2,36
EMP01496,55,Male,Sales,19,Remote,3,No,1,7.0,Average experience.,9,2,3,34
EMP01497,61,Female,IT,11,Berlin,3,No,2,10.0,Terrible work-life balance.,5,4,2,30
EMP01498,48,Female,Operations,13,Berlin,2,No,2,4.0,Excellent benefits.,4,2,2,22
EMP01499,34,female,Finance,8,Tokyo,1,No,6,1.0,Excellent benefits.,9,2,2,32
EMP01500,54,Male,Sales,7,Berlin,4,No,5,9.0,I need a long break.,7,4,3,36
EMP01501,27,Male,Operations,13,New York,3,Yes,3,7.0,Standard corporate environment.,9,2,3,34
EMP01502,45,Male,IT,1,New York,3,Yes,4,10.0,Extremely stressed and burnt out.,3,3,2,23
EMP01503,40,Male,Operations,6,New York,3,No,6,1.0,Love the culture here.,6,5,3,37
EMP01504,37,M,Sales,7,Tokyo,5,No,4,5.0,Average experience.,5,1,2,21
EMP01505,61,Male,Operations,16,Tokyo,3,No,8,3.0,Management is very supportive.,9,4,5,44
EMP01506,49,Female,Finance,15,Berlin,2,Yes,3,5.0,Standard corporate environment.,7,4,5,40
EMP01507,54,Male,HR,20,Tokyo,3,No,3,3.0,Great work-life balance.,8,5,3,41
EMP01508,62,Male,Sales,2,New York,4,Yes,4,6.0,It pays the bills.,7,3,5,37
EMP01509,34,Female,Sales,23,London,1,No,3,7.0,Average experience.,10,1,4,35
EMP01510,64,Male,Sales,16,New York,3,No,2,9.0,I am exhausted every day.,10,3,5,43
EMP01511,46,Male,Sales,17,London,3,Yes,6,7.0,Average experience.,7,4,3,36
EMP01512,63,Female,Operations,24,Berlin,3,No,6,1.0,Love the culture here.,7,1,5,31
EMP01513,57,Female,Finance,15,Remote,3,No,2,7.0,Average experience.,7,2,2,28
EMP01514,48,Male,IT,3,Tokyo,4,No,3,10.0,I am exhausted every day.,3,4,1,24
EMP01515,59,female,Finance,4,Tokyo,5,Yes,2,1.0,Excellent benefits.,6,3,2,29
EMP01516,28,Female,Sales,12,New York,5,No,4,8.0,Terrible work-life balance.,10,5,2,43
EMP01517,26,Female,Marketing,5,New York,4,No,5,2.0,I feel energized at work.,8,2,2,30
EMP01518,64,Male,Operations,17,London,3,Yes,2,2.0,Management is very supportive.,6,1,4,27
EMP01519,52,Male,Marketing,6,Tokyo,4,No,3,1.0,Excellent benefits.,6,4,5,38
EMP01520,44,Male,Operations,10,Berlin,4,No,0,9.0,I need a long break.,10,5,2,43
EMP01521,63,Male,Sales,22,New York,4,No,5,8.0,Extremely stressed and burnt out.,6,5,3,37
EMP01522,31,Female,Operations,18,Tokyo,2,No,3,9.0,I need a long break.,7,3,2,31
EMP01523,53,male,Sales,10,Remote,1,No,5,8.0,Extremely stressed and burnt out.,5,5,4,37
EMP01524,64,Female,Finance,6,London,5,No,3,4.0,Excellent benefits.,4,3,4,29
EMP01525,51,Male,HR,24,New York,5,No,6,9.0,Terrible work-life balance.,8,1,5,33
EMP01526,60,Female,Operations,6,New York,3,No,4,8.0,I am exhausted every day.,8,4,4,40
EMP01527,52,Male,Sales,20,Berlin,5,No,4,1.0,Excellent benefits.,6,1,2,23
EMP01528,39,Female,Marketing,15,New York,4,No,3,5.0,Standard corporate environment.,9,3,5,41
EMP01529,57,Female,Sales,4,Tokyo,3,No,2,9.0,Extremely stressed and burnt out.,8,1,5,33
EMP01530,23,Female,Marketing,16,Tokyo,3,No,4,8.0,I am exhausted every day.,10,4,5,46
EMP01531,35,Other,Operations,22,Tokyo,3,Yes,4,1.0,Excellent benefits.,7,4,4,38
EMP01532,34,Male,IT,24,Remote,3,No,7,8.0,Management expects too much.,5,5,2,33
EMP01533,50,Female,Marketing,8,Remote,5,No,2,6.0,Average experience.,8,3,2,33
EMP01534,33,male,Sales,7,New York,3,Yes,4,2.0,I feel energized at work.,9,1,2,29
EMP01535,60,Female,Operations,19,Remote,4,No,4,2.0,I feel energized at work.,6,5,2,35
EMP01536,23,Female,Sales,17,Remote,4,No,6,1.0,Excellent benefits.,4,5,3,33
EMP01537,53,female,IT,21,Berlin,2,No,1,6.0,Nothing special to report.,6,1,3,25
EMP01538,34,Male,HR,13,Remote,2,No,5,8.0,Terrible work-life balance.,6,3,4,33
EMP01539,48,male,IT,15,London,4,No,4,10.0,I am exhausted every day.,6,3,1,27
EMP01540,62,Male,Finance,2,London,3,No,2,8.0,Extremely stressed and burnt out.,8,4,2,36
EMP01541,38,Female,Operations,10,London,4,No,2,2.0,I feel energized at work.,10,3,4,41
EMP01542,61,F,IT,13,New York,2,No,3,9.0,I need a long break.,6,5,2,35
EMP01543,52,Male,HR,18,Tokyo,3,No,6,6.0,It pays the bills.,6,4,5,38
EMP01544,55,Female,Sales,23,Berlin,2,Yes,2,2.0,I feel energized at work.,5,2,5,30
EMP01545,45,Male,Operations,11,New York,3,Yes,4,8.0,I need a long break.,4,4,2,28
EMP01546,56,female,Marketing,13,Tokyo,2,No,2,2.0,Management is very supportive.,6,5,2,35
EMP01547,27,M,IT,19,Berlin,5,Yes,3,10.0,Terrible work-life balance.,2,1,3,17
EMP01548,40,Female,HR,24,Berlin,3,No,4,7.0,Standard corporate environment.,7,1,4,29
EMP01549,51,Female,IT,24,Berlin,5,No,1,9.0,I am exhausted every day.,2,1,1,13
EMP01550,28,M,Finance,22,London,5,No,3,8.0,Terrible work-life balance.,7,5,5,43
EMP01551,31,Male,Operations,5,London,5,No,4,7.0,Work is okay.,8,4,3,38
EMP01552,62,Female,Sales,3,London,3,No,5,5.0,Standard corporate environment.,8,1,5,33
EMP01553,53,Female,HR,19,Berlin,4,Yes,3,4.0,I feel energized at work.,10,3,3,39
EMP01554,55,Male,IT,23,Berlin,2,No,2,7.0,Work is okay.,3,2,2,20
EMP01555,49,Male,Operations,13,London,2,No,3,2.0,I feel energized at work.,10,1,3,33
EMP01556,36,Male,IT,5,Berlin,4,No,2,9.0,I need a long break.,3,1,2,17
EMP01557,51,Male,Operations,12,London,1,No,5,5.0,Average experience.,9,2,2,32
EMP01558,58,F,Finance,14,London,5,No,6,6.0,Nothing special to report.,6,3,5,35
EMP01559,50,Female,IT,6,London,4,Yes,2,6.0,Average experience.,3,2,1,18
EMP01560,43,Female,Finance,22,Tokyo,3,Yes,2,2.0,Excellent benefits.,4,1,2,19
EMP01561,25,Male,Marketing,9,Berlin,2,No,7,7.0,Work is okay.,6,1,4,27
EMP01562,41,Male,Marketing,17,New York,4,Yes,5,1.0,Great work-life balance.,9,4,4,42
EMP01563,53,Male,HR,8,London,3,No,5,2.0,Management is very supportive.,10,5,3,45
EMP01564,57,Female,Finance,13,New York,4,No,9,9.0,I am exhausted every day.,7,4,2,34
EMP01565,25,Female,Operations,5,Tokyo,3,Yes,4,8.0,I need a long break.,7,4,2,34
EMP01566,48,male,HR,22,Berlin,2,Yes,3,9.0,Management expects too much.,7,4,4,38
EMP01567,38,Female,IT,22,London,3,No,2,9.0,Management expects too much.,5,4,2,30
EMP01568,33,Female,IT,17,London,3,Yes,1,7.0,Standard corporate environment.,2,4,2,24
EMP01569,43,Female,Operations,3,London,1,No,3,9.0,Management expects too much.,7,3,4,35
EMP01570,38,female,Sales,6,New York,1,No,3,4.0,Love the culture here.,10,5,2,43
EMP01571,31,Female,Sales,14,Tokyo,3,No,5,3.0,Love the culture here.,4,5,4,35
EMP01572,22,Male,IT,15,Berlin,4,No,4,9.0,I am exhausted every day.,3,5,2,29
EMP01573,43,Female,Operations,14,Tokyo,4,No,1,5.0,Nothing special to report.,8,3,2,33
EMP01574,47,Female,Sales,11,London,3,No,7,4.0,Love the culture here.,10,3,5,43
EMP01575,39,Female,Finance,11,Tokyo,4,No,3,4.0,Excellent benefits.,8,3,2,33
EMP01576,35,Male,IT,9,New York,4,No,7,9.0,Management expects too much.,2,1,2,15
EMP01577,50,F,Marketing,6,Remote,3,Yes,3,7.0,Standard corporate environment.,10,5,2,43
EMP01578,33,female,Finance,15,Remote,3,Yes,6,4.0,Great work-life balance.,5,2,5,30
EMP01579,57,Male,Operations,12,Berlin,3,No,3,4.0,Love the culture here.,9,4,2,38
EMP01580,56,F,Marketing,6,Berlin,2,No,6,9.0,I am exhausted every day.,8,1,5,33
EMP01581,33,Male,Finance,1,Tokyo,3,No,4,9.0,Extremely stressed and burnt out.,6,1,5,29
EMP01582,28,Male,Sales,16,Berlin,3,No,1,5.0,Nothing special to report.,5,4,3,32
EMP01583,50,Male,Sales,20,New York,3,No,2,9.0,Extremely stressed and burnt out.,8,1,4,31
EMP01584,32,Male,Marketing,15,London,4,No,6,2.0,I feel energized at work.,4,3,2,25
EMP01585,54,M,HR,2,London,3,No,2,5.0,Average experience.,9,1,2,29
EMP01586,27,Male,IT,17,Tokyo,4,No,3,8.0,Management expects too much.,7,5,3,39
EMP01587,36,Male,Marketing,3,London,4,No,1,7.0,Work is okay.,5,5,5,39
EMP01588,53,Male,Operations,3,Tokyo,3,Yes,5,8.0,Terrible work-life balance.,5,2,3,26
EMP01589,32,Male,IT,5,Berlin,5,No,9,9.0,Extremely stressed and burnt out.,4,5,3,33
EMP01590,44,Male,Finance,17,Berlin,2,No,2,5.0,Work is okay.,10,4,2,40
EMP01591,47,Female,Operations,23,New York,5,No,1,9.0,Extremely stressed and burnt out.,9,4,2,38
EMP01592,55,Male,Operations,17,London,2,No,5,3.0,Management is very supportive.,4,5,3,33
EMP01593,55,F,Sales,20,New York,3,No,1,8.0,Terrible work-life balance.,5,3,5,33
EMP01594,50,M,Finance,6,Remote,4,Yes,4,9.0,Management expects too much.,4,5,2,31
EMP01595,25,Male,Sales,1,New York,5,Yes,7,7.0,It pays the bills.,5,3,5,33
EMP01596,38,F,Sales,7,Tokyo,3,No,2,5.0,It pays the bills.,6,4,4,36
EMP01597,56,Male,HR,15,Tokyo,4,No,1,9.0,I need a long break.,4,5,5,37
EMP01598,34,Male,Sales,7,New York,4,Yes,5,8.0,I need a long break.,6,2,2,26
EMP01599,62,Male,IT,19,Berlin,2,No,4,9.0,Management expects too much.,7,4,2,34
EMP01600,60,Male,Operations,20,Remote,3,No,5,8.0,I need a long break.,6,2,4,30
EMP01601,36,Female,Sales,22,New York,3,Yes,6,6.0,Average experience.,5,4,5,36
EMP01602,50,Female,Marketing,11,Berlin,3,No,7,2.0,Management is very supportive.,9,1,3,31
EMP01603,50,Male,IT,23,New York,4,No,6,9.0,Extremely stressed and burnt out.,3,1,3,19
EMP01604,32,Female,Finance,14,London,5,No,6,1.0,Great work-life balance.,7,1,2,25
EMP01605,53,Male,Operations,13,Tokyo,4,No,3,5.0,It pays the bills.,10,2,4,38
EMP01606,23,Female,Marketing,20,London,5,No,4,1.0,I feel energized at work.,10,3,3,39
EMP01607,35,Male,Marketing,9,London,2,No,4,6.0,Standard corporate environment.,5,4,3,32
EMP01608,41,Male,Finance,9,Remote,1,No,1,8.0,Terrible work-life balance.,4,1,2,19
EMP01609,43,Male,Marketing,16,Berlin,4,No,2,5.0,Nothing special to report.,4,2,5,28
EMP01610,32,Male,IT,12,Tokyo,4,No,1,8.0,Average experience.,7,4,2,34
EMP01611,48,Female,Finance,10,London,2,No,2,4.0,Love the culture here.,4,1,3,21
EMP01612,24,M,Marketing,6,Tokyo,3,Yes,3,9.0,Extremely stressed and burnt out.,4,1,5,25
EMP01613,38,Male,Finance,18,Berlin,4,No,4,8.0,Extremely stressed and burnt out.,8,1,3,29
EMP01614,49,Female,Finance,2,New York,2,No,0,4.0,Management is very supportive.,8,2,2,30
EMP01615,50,Female,Sales,20,London,3,No,4,2.0,Love the culture here.,5,3,3,29
EMP01616,42,F,Sales,9,Berlin,4,Yes,3,6.0,It pays the bills.,7,1,2,25
EMP01617,37,Male,Sales,19,Tokyo,5,Yes,3,3.0,I feel energized at work.,10,1,5,37
EMP01618,58,Female,Marketing,6,Berlin,4,No,4,1.0,Great work-life balance.,6,3,4,33
EMP01619,41,male,Operations,2,New York,4,No,4,7.0,It pays the bills.,7,3,5,37
EMP01620,27,Female,IT,15,Berlin,3,No,4,9.0,I need a long break.,7,5,2,37
EMP01621,40,Male,Marketing,17,Tokyo,4,No,2,9.0,Management expects too much.,4,1,3,21
EMP01622,26,Male,Sales,16,London,2,No,1,3.0,Great work-life balance.,10,4,4,44
EMP01623,24,Male,Finance,21,London,5,No,3,1.0,Excellent benefits.,6,5,4,39
EMP01624,22,Female,Marketing,8,Remote,3,Yes,3,2.0,Management is very supportive.,10,4,2,40
EMP01625,59,Female,Finance,10,Tokyo,4,No,3,4.0,Management is very supportive.,8,3,2,33
EMP01626,36,Male,Finance,10,Remote,4,No,0,7.0,Standard corporate environment.,4,5,3,33
EMP01627,55,Female,Finance,18,Remote,1,No,6,8.0,I am exhausted every day.,6,2,4,30
EMP01628,56,Female,HR,10,New York,5,Yes,3,4.0,Love the culture here.,4,5,2,31
EMP01629,46,Female,Operations,9,Tokyo,3,Yes,1,3.0,I feel energized at work.,7,5,5,43
EMP01630,45,Female,IT,24,London,3,No,6,7.0,Average experience.,5,3,2,27
EMP01631,33,M,IT,19,Tokyo,2,No,7,6.0,Standard corporate environment.,3,1,2,17
EMP01632,39,Male,Sales,1,New York,4,No,5,8.0,I am exhausted every day.,10,3,3,39
EMP01633,36,F,HR,4,Tokyo,4,Yes,3,6.0,Average experience.,7,3,2,31
EMP01634,37,Male,Marketing,24,Tokyo,1,No,2,9.0,Extremely stressed and burnt out.,4,3,2,25
EMP01635,48,Male,Marketing,3,Remote,2,No,4,8.0,Management expects too much.,6,4,5,38
EMP01636,29,Male,IT,10,Tokyo,5,No,2,10.0,I am exhausted every day.,7,2,3,30
EMP01637,46,Male,Operations,12,Remote,2,Yes,5,6.0,Work is okay.,6,4,5,38
EMP01638,38,Male,Finance,18,Remote,4,No,3,3.0,Excellent benefits.,9,5,4,45
EMP01639,50,Male,Sales,23,Berlin,4,No,5,6.0,Standard corporate environment.,9,3,4,39
EMP01640,29,M,Operations,20,New York,4,No,3,4.0,Management is very supportive.,7,1,2,25
EMP01641,36,Male,IT,6,Remote,3,No,6,10.0,Extremely stressed and burnt out.,4,3,3,27
EMP01642,48,Female,HR,21,Tokyo,3,No,3,7.0,It pays the bills.,6,4,2,32
EMP01643,28,Male,Sales,2,Remote,5,No,6,7.0,Standard corporate environment.,8,2,4,34
EMP01644,24,female,IT,10,Remote,3,No,5,9.0,Management expects too much.,4,4,2,28
EMP01645,50,Female,Marketing,2,Remote,3,Yes,4,9.0,Management expects too much.,10,3,2,37
EMP01646,45,Male,Sales,9,London,2,Yes,3,9.0,Management expects too much.,8,2,5,36
EMP01647,24,Female,IT,10,London,5,Yes,6,10.0,Terrible work-life balance.,7,1,2,25
EMP01648,41,Female,Marketing,2,London,4,No,4,2.0,Management is very supportive.,10,4,5,46
EMP01649,36,Female,Marketing,8,London,1,Yes,5,8.0,Management expects too much.,6,4,4,36
EMP01650,46,Female,Finance,24,Berlin,4,No,4,3.0,Great work-life balance.,6,5,5,41
EMP01651,51,Female,HR,17,Remote,3,No,4,1.0,Love the culture here.,8,2,2,30
EMP01652,35,Female,Finance,17,Berlin,5,Yes,2,4.0,Management is very supportive.,7,4,2,34
EMP01653,28,Female,IT,4,Tokyo,3,No,8,10.0,Extremely stressed and burnt out.,3,5,1,27
EMP01654,38,Male,Operations,18,New York,4,Yes,5,3.0,I feel energized at work.,8,1,2,27
EMP01655,41,M,Finance,12,Berlin,4,No,1,7.0,Nothing special to report.,8,4,2,36
EMP01656,57,Male,Operations,17,London,1,No,5,5.0,Nothing special to report.,9,4,4,42
EMP01657,30,Female,Marketing,9,London,4,No,3,5.0,Standard corporate environment.,6,3,2,29
EMP01658,59,Male,IT,19,Tokyo,2,No,2,8.0,Average experience.,6,4,2,32
EMP01659,43,Female,HR,14,Remote,4,No,8,6.0,Average experience.,10,1,5,37
EMP01660,23,Other,Operations,14,New York,4,No,3,9.0,I need a long break.,6,5,4,39
EMP01661,45,Male,IT,17,Berlin,4,No,6,8.0,I am exhausted every day.,2,2,2,18
EMP01662,29,Male,Operations,2,Remote,2,No,6,8.0,Terrible work-life balance.,7,1,5,31
EMP01663,32,Female,Finance,8,Remote,5,No,3,7.0,It pays the bills.,10,2,2,34
EMP01664,34,M,IT,5,Berlin,3,No,6,6.0,It pays the bills.,7,1,2,25
EMP01665,38,Female,Finance,7,Berlin,4,No,2,5.0,Nothing special to report.,5,5,2,33
EMP01666,29,Male,Sales,22,Berlin,4,Yes,2,7.0,Standard corporate environment.,4,3,5,31
EMP01667,42,male,IT,16,Berlin,5,No,5,6.0,Work is okay.,7,5,2,37
EMP01668,39,Female,Operations,16,London,4,No,1,8.0,I am exhausted every day.,8,2,5,36
EMP01669,51,Male,Sales,17,Remote,3,No,6,2.0,Great work-life balance.,7,2,4,32
EMP01670,39,Male,Finance,22,Remote,4,No,1,6.0,It pays the bills.,10,4,2,40
EMP01671,52,Female,Finance,7,London,2,Yes,4,4.0,Love the culture here.,10,3,3,39
EMP01672,59,Male,Operations,20,Remote,1,No,3,4.0,Excellent benefits.,4,5,3,33
EMP01673,53,Male,Sales,8,Berlin,5,No,2,9.0,Terrible work-life balance.,6,5,3,37
EMP01674,32,F,Marketing,8,New York,3,Yes,2,7.0,Work is okay.,9,2,3,34
EMP01675,46,Male,HR,23,Remote,2,No,5,6.0,It pays the bills.,9,3,3,37
EMP01676,54,Female,Operations,11,New York,3,No,7,2.0,Love the culture here.,4,5,2,31
EMP01677,59,Male,Finance,15,New York,2,Yes,2,1.0,I feel energized at work.,5,3,5,33
EMP01678,62,Female,IT,18,London,1,No,3,7.0,Standard corporate environment.,7,3,2,31
EMP01679,29,Female,Sales,6,Tokyo,2,No,4,4.0,Great work-life balance.,8,5,4,43
EMP01680,32,Male,Marketing,22,Remote,4,No,3,9.0,Extremely stressed and burnt out.,10,3,2,37
EMP01681,43,Female,HR,12,London,4,No,3,4.0,I feel energized at work.,6,1,2,23
EMP01682,45,Male,IT,15,London,4,Yes,6,7.0,Work is okay.,5,2,2,24
EMP01683,62,F,Sales,23,New York,3,No,6,8.0,Extremely stressed and burnt out.,8,3,4,37
EMP01684,38,F,Marketing,6,Remote,4,No,8,6.0,Average experience.,8,3,3,35
EMP01685,33,Female,Operations,18,London,3,Yes,4,1.0,Love the culture here.,9,1,2,29
EMP01686,53,Female,Marketing,24,Berlin,3,No,2,4.0,I feel energized at work.,5,4,3,32
EMP01687,36,Male,Operations,20,London,4,No,1,5.0,Work is okay.,8,3,3,35
EMP01688,37,Female,Sales,9,Berlin,3,No,3,1.0,I feel energized at work.,7,5,2,37
EMP01689,43,Male,Marketing,8,Tokyo,4,No,6,2.0,Excellent benefits.,9,4,4,42
EMP01690,49,Male,HR,14,Berlin,5,No,1,9.0,Management expects too much.,8,4,5,42
EMP01691,41,Female,Marketing,19,Berlin,3,No,3,1.0,I feel energized at work.,10,1,4,35
EMP01692,54,Male,Sales,19,New York,3,No,3,8.0,Extremely stressed and burnt out.,10,5,5,49
EMP01693,31,Female,IT,8,London,3,No,4,9.0,I need a long break.,5,4,3,32
EMP01694,61,Male,IT,2,Tokyo,3,Yes,2,8.0,I am exhausted every day.,6,3,2,29
EMP01695,53,Female,Marketing,4,London,4,No,9,9.0,Management expects too much.,5,1,2,21
EMP01696,54,Male,Marketing,6,Berlin,4,No,3,5.0,Nothing special to report.,8,1,3,29
EMP01697,23,Male,Operations,3,Berlin,3,No,1,2.0,Great work-life balance.,7,1,2,25
EMP01698,54,Female,Sales,3,London,1,No,5,7.0,Average experience.,6,2,4,30
EMP01699,54,Other,Operations,19,Tokyo,5,No,1,9.0,Terrible work-life balance.,4,4,4,32
EMP01700,62,Female,HR,11,Tokyo,3,Yes,6,9.0,I need a long break.,4,5,2,31
EMP01701,34,Male,IT,10,New York,2,No,4,8.0,I am exhausted every day.,3,5,2,29
EMP01702,51,Male,Finance,12,Berlin,3,No,4,7.0,Standard corporate environment.,10,2,3,36
EMP01703,54,F,Finance,14,Berlin,4,Yes,3,6.0,It pays the bills.,10,3,2,37
EMP01704,34,Female,Sales,18,New York,2,No,1,8.0,I need a long break.,10,4,2,40
EMP01705,47,Male,Sales,24,London,1,No,2,8.0,Terrible work-life balance.,10,1,2,31
EMP01706,43,F,Finance,9,Berlin,4,No,6,8.0,Extremely stressed and burnt out.,9,2,3,34
EMP01707,60,M,Sales,15,London,4,No,5,8.0,Extremely stressed and burnt out.,10,2,5,40
EMP01708,23,Other,IT,24,Tokyo,3,Yes,2,8.0,Extremely stressed and burnt out.,7,4,2,34
EMP01709,59,male,HR,3,Remote,2,Yes,4,6.0,Work is okay.,4,5,3,33
EMP01710,60,F,HR,23,New York,3,No,4,9.0,I am exhausted every day.,8,4,3,38
EMP01711,47,Male,Operations,11,Berlin,3,No,7,5.0,Average experience.,7,5,2,37
EMP01712,36,Male,IT,10,New York,3,No,7,9.0,I am exhausted every day.,6,4,2,32
EMP01713,55,Female,Sales,18,Tokyo,3,No,1,7.0,Standard corporate environment.,7,5,2,37
EMP01714,63,Female,Sales,4,Tokyo,2,No,3,3.0,Management is very supportive.,9,2,3,34
EMP01715,61,Female,Operations,13,Tokyo,3,No,1,8.0,Management expects too much.,9,5,2,41
EMP01716,32,Male,Operations,6,Tokyo,5,Yes,3,8.0,I am exhausted every day.,6,4,2,32
EMP01717,24,Female,Sales,21,Remote,3,No,0,5.0,Work is okay.,10,3,4,41
EMP01718,27,Female,Sales,13,London,3,Yes,3,8.0,Management expects too much.,9,4,3,40
EMP01719,30,Male,IT,20,London,3,No,2,8.0,Management expects too much.,3,2,2,20
EMP01720,27,Male,Operations,5,Remote,3,Yes,6,3.0,Excellent benefits.,5,5,5,39
EMP01721,30,Female,IT,20,London,4,Yes,8,9.0,Management expects too much.,6,5,3,37
EMP01722,60,Female,Marketing,14,Tokyo,3,No,3,5.0,Nothing special to report.,6,5,2,35
EMP01723,52,Male,Sales,13,London,4,No,1,5.0,Work is okay.,8,2,4,34
EMP01724,53,Female,Finance,14,New York,2,Yes,5,6.0,It pays the bills.,5,4,5,36
EMP01725,62,Female,Finance,8,London,4,No,2,4.0,Love the culture here.,10,5,3,45
EMP01726,33,Female,Marketing,16,New York,2,No,7,9.0,I need a long break.,10,3,5,43
EMP01727,29,Male,Sales,13,Berlin,1,No,6,4.0,Love the culture here.,9,3,4,39
EMP01728,29,Female,Operations,24,New York,2,No,5,3.0,Love the culture here.,5,1,4,25
EMP01729,49,Male,Finance,15,New York,2,No,3,2.0,Love the culture here.,8,3,5,39
EMP01730,41,male,Operations,19,Tokyo,3,No,2,3.0,Love the culture here.,6,1,5,29
EMP01731,28,Male,Finance,1,Tokyo,3,Yes,6,1.0,Love the culture here.,8,5,5,45
EMP01732,32,Female,Operations,22,Tokyo,4,No,2,8.0,Management expects too much.,7,2,5,34
EMP01733,41,Male,Finance,2,New York,2,Yes,3,1.0,Great work-life balance.,6,2,2,26
EMP01734,37,Female,Operations,18,Remote,3,No,5,6.0,Nothing special to report.,10,2,4,38
EMP01735,25,Female,Marketing,19,Tokyo,3,No,2,2.0,Excellent benefits.,4,5,2,31
EMP01736,27,Male,IT,8,Tokyo,4,No,5,8.0,Standard corporate environment.,2,5,1,25
EMP01737,43,Female,Operations,3,New York,1,Yes,5,3.0,Excellent benefits.,7,4,3,36
EMP01738,47,Male,IT,23,Berlin,1,No,7,6.0,Work is okay.,3,3,3,25
EMP01739,24,Male,IT,14,Berlin,3,No,4,8.0,Average experience.,6,5,3,37
EMP01740,62,Female,Sales,9,London,4,No,6,9.0,Extremely stressed and burnt out.,9,3,3,37
EMP01741,63,Male,Marketing,8,Berlin,4,No,2,6.0,Average experience.,4,2,2,22
EMP01742,35,F,IT,17,Tokyo,1,No,2,10.0,Management expects too much.,3,3,2,23
EMP01743,32,Female,HR,23,Remote,2,No,4,7.0,Nothing special to report.,8,4,4,40
EMP01744,39,Female,IT,23,London,3,Yes,7,10.0,Management expects too much.,5,2,2,24
EMP01745,33,Male,Operations,24,Remote,3,No,6,3.0,Love the culture here.,6,3,3,31
EMP01746,44,Female,IT,16,Remote,3,Yes,9,7.0,It pays the bills.,6,4,3,34
EMP01747,33,Female,Operations,10,Tokyo,3,No,4,5.0,Standard corporate environment.,6,3,4,33
EMP01748,34,Male,Operations,21,New York,3,Yes,2,8.0,I need a long break.,9,4,5,44
EMP01749,46,M,HR,10,New York,3,No,7,5.0,Average experience.,9,3,5,41
EMP01750,40,Male,IT,24,New York,3,Yes,4,8.0,I am exhausted every day.,2,2,2,18
EMP01751,57,M,IT,6,Berlin,2,Yes,2,7.0,Average experience.,7,2,1,26
EMP01752,29,Male,Finance,22,New York,3,No,1,3.0,I feel energized at work.,5,1,5,27
EMP01753,50,F,Finance,17,Tokyo,3,No,6,5.0,It pays the bills.,5,4,3,32
EMP01754,53,Female,Sales,16,Berlin,4,No,4,9.0,I need a long break.,10,3,2,37
EMP01755,39,Male,Operations,15,New York,4,Yes,5,8.0,I need a long break.,9,3,5,41
EMP01756,27,Male,HR,22,Remote,2,No,2,7.0,Standard corporate environment.,9,3,2,35
EMP01757,39,Female,Finance,14,Tokyo,2,No,4,5.0,It pays the bills.,6,5,3,37
EMP01758,40,Other,IT,4,Tokyo,3,No,1,6.0,Nothing special to report.,5,4,1,28
EMP01759,43,Male,Sales,4,London,3,No,4,2.0,Management is very supportive.,10,3,5,43
EMP01760,58,Male,HR,2,Tokyo,5,No,4,6.0,Average experience.,10,1,5,37
EMP01761,53,Female,Marketing,11,Remote,3,No,5,7.0,It pays the bills.,6,2,3,28
EMP01762,62,Female,IT,4,Tokyo,4,No,7,9.0,Terrible work-life balance.,4,5,2,31
EMP01763,24,Female,IT,21,London,3,No,6,8.0,Terrible work-life balance.,3,5,2,29
EMP01764,49,Female,Marketing,21,Tokyo,4,Yes,2,4.0,Excellent benefits.,5,2,2,24
EMP01765,31,Male,Operations,16,Tokyo,4,No,1,2.0,I feel energized at work.,7,5,4,41
EMP01766,56,male,Operations,21,London,4,No,4,1.0,Management is very supportive.,10,1,2,31
EMP01767,50,Female,Finance,4,Tokyo,3,No,3,1.0,Excellent benefits.,9,1,2,29
EMP01768,36,Male,Finance,1,Berlin,4,No,3,3.0,I feel energized at work.,8,2,3,32
EMP01769,54,Female,IT,24,Tokyo,3,No,5,8.0,I need a long break.,4,4,2,28
EMP01770,28,Female,IT,19,New York,5,No,1,10.0,Terrible work-life balance.,2,5,1,25
EMP01771,33,Male,Finance,2,New York,4,No,4,7.0,Work is okay.,9,3,2,35
EMP01772,51,Female,Marketing,9,Berlin,3,No,5,9.0,Management expects too much.,6,3,5,35
EMP01773,42,Male,Finance,23,Tokyo,5,No,8,8.0,I need a long break.,4,1,3,21
EMP01774,52,Female,IT,13,Remote,4,No,4,6.0,Work is okay.,5,4,3,32
EMP01775,45,F,HR,18,Tokyo,4,No,5,4.0,Love the culture here.,6,4,4,36
EMP01776,41,Male,IT,16,New York,3,No,8,10.0,Terrible work-life balance.,5,5,1,31
EMP01777,58,Male,HR,16,London,5,No,4,7.0,Work is okay.,4,5,2,31
EMP01778,25,M,HR,10,Berlin,4,No,4,8.0,Extremely stressed and burnt out.,5,2,4,28
EMP01779,49,female,IT,9,London,4,No,3,9.0,Terrible work-life balance.,3,1,1,15
EMP01780,41,Female,Sales,11,Remote,5,No,6,7.0,Work is okay.,8,2,4,34
EMP01781,45,Female,Finance,4,Tokyo,2,Yes,4,2.0,Love the culture here.,9,2,4,36
EMP01782,53,Female,Operations,10,Remote,2,No,7,9.0,Management expects too much.,4,4,3,30
EMP01783,62,male,IT,3,London,3,No,5,9.0,Extremely stressed and burnt out.,3,5,2,29
EMP01784,57,F,HR,6,Tokyo,2,No,2,6.0,It pays the bills.,6,3,4,33
EMP01785,55,Male,IT,3,Remote,4,Yes,5,7.0,Work is okay.,5,2,1,22
EMP01786,57,Female,Finance,9,New York,3,No,3,8.0,Terrible work-life balance.,7,1,2,25
EMP01787,23,Female,Marketing,3,New York,2,No,4,4.0,Love the culture here.,6,2,4,30
EMP01788,36,Female,HR,18,Berlin,3,No,5,9.0,I need a long break.,4,3,5,31
EMP01789,55,Female,Operations,8,New York,3,No,4,6.0,Standard corporate environment.,9,3,3,37
EMP01790,57,Female,Operations,22,New York,2,Yes,3,1.0,Management is very supportive.,8,1,5,33
EMP01791,27,Other,Operations,8,London,1,No,4,3.0,I feel energized at work.,6,3,5,35
EMP01792,60,Male,Marketing,15,New York,3,No,4,1.0,Great work-life balance.,5,3,4,31
EMP01793,63,Male,Sales,13,New York,4,Yes,4,6.0,Standard corporate environment.,6,3,2,29
EMP01794,33,Female,HR,7,London,4,Yes,3,6.0,It pays the bills.,7,2,3,30
EMP01795,24,Male,Marketing,19,New York,2,No,2,7.0,Average experience.,4,1,3,21
EMP01796,39,Male,HR,8,New York,3,No,5,1.0,Management is very supportive.,10,2,5,40
EMP01797,61,Male,Marketing,10,Berlin,3,No,6,1.0,Management is very supportive.,10,1,3,33
EMP01798,42,Female,Marketing,17,New York,3,No,3,5.0,It pays the bills.,7,3,3,33
EMP01799,36,F,Sales,1,New York,5,No,4,5.0,Average experience.,10,3,4,41
EMP01800,54,Female,HR,13,Berlin,3,Yes,5,1.0,Great work-life balance.,4,5,4,35
EMP01801,56,Female,Marketing,13,London,3,No,9,7.0,Average experience.,10,3,3,39
EMP01802,47,Male,Sales,24,New York,3,Yes,5,7.0,Average experience.,7,1,2,25
EMP01803,29,Female,IT,16,Remote,5,No,3,10.0,Terrible work-life balance.,6,4,2,32
EMP01804,57,Female,Finance,9,London,3,No,4,7.0,Standard corporate environment.,9,1,2,29
EMP01805,51,Female,Marketing,10,London,3,No,8,6.0,Nothing special to report.,5,3,3,29
EMP01806,44,Male,Operations,6,New York,3,No,4,2.0,I feel energized at work.,4,3,5,31
EMP01807,63,Male,Sales,5,Berlin,3,Yes,2,5.0,Nothing special to report.,9,4,3,40
EMP01808,35,Male,Sales,2,London,4,No,6,5.0,Nothing special to report.,7,3,2,31
EMP01809,35,Female,Marketing,11,Berlin,1,No,3,2.0,Management is very supportive.,8,5,3,41
EMP01810,23,M,Sales,9,Remote,4,No,4,5.0,Standard corporate environment.,7,4,4,38
EMP01811,58,F,IT,6,Berlin,3,Yes,3,8.0,Extremely stressed and burnt out.,3,2,2,20
EMP01812,26,Female,Sales,8,Tokyo,2,No,2,9.0,Management expects too much.,7,5,5,43
EMP01813,59,Female,Finance,9,Berlin,2,No,2,1.0,Love the culture here.,7,1,2,25
EMP01814,62,female,Finance,9,London,4,No,5,7.0,Average experience.,6,5,4,39
EMP01815,35,Male,Operations,8,Berlin,3,No,4,4.0,I feel energized at work.,8,5,3,41
EMP01816,60,Male,IT,12,Berlin,3,No,1,9.0,Extremely stressed and burnt out.,6,3,3,31
EMP01817,46,male,Finance,8,Tokyo,2,No,4,5.0,Work is okay.,5,2,4,28
EMP01818,41,Male,Marketing,3,Tokyo,4,Yes,4,1.0,Excellent benefits.,8,4,3,38
EMP01819,23,male,HR,13,New York,4,No,1,5.0,Standard corporate environment.,8,5,3,41
EMP01820,60,Other,HR,19,London,4,No,4,8.0,Extremely stressed and burnt out.,8,3,5,39
EMP01821,27,Female,HR,2,New York,3,Yes,3,6.0,Standard corporate environment.,8,5,3,41
EMP01822,38,M,Marketing,17,Tokyo,3,No,5,2.0,I feel energized at work.,4,2,3,24
EMP01823,46,Female,Sales,16,Berlin,3,No,7,2.0,Love the culture here.,9,4,2,38
EMP01824,49,Female,Marketing,4,Tokyo,2,Yes,2,9.0,Extremely stressed and burnt out.,6,3,5,35
EMP01825,23,Male,Sales,18,Remote,4,No,5,1.0,Excellent benefits.,4,5,3,33
EMP01826,56,Male,HR,14,Berlin,4,No,4,2.0,I feel energized at work.,5,2,5,30
EMP01827,58,Male,Operations,2,New York,4,No,2,8.0,I am exhausted every day.,9,1,2,29
EMP01828,26,Female,Operations,13,Berlin,3,No,5,6.0,It pays the bills.,6,1,4,27
EMP01829,22,Male,Sales,21,Remote,4,Yes,6,3.0,Love the culture here.,7,2,3,30
EMP01830,61,Male,HR,20,Tokyo,5,No,2,3.0,Love the culture here.,5,4,4,34
EMP01831,33,Male,Marketing,17,London,3,No,9,9.0,Extremely stressed and burnt out.,5,5,5,39
EMP01832,57,Female,Operations,15,London,3,Yes,1,2.0,Love the culture here.,9,5,5,47
EMP01833,44,female,Sales,20,London,3,No,5,5.0,Nothing special to report.,5,2,3,26
EMP01834,52,Other,Marketing,5,Tokyo,2,Yes,5,7.0,Average experience.,6,5,4,39
EMP01835,32,Female,HR,7,London,4,No,2,6.0,Nothing special to report.,6,4,5,38
EMP01836,31,F,IT,18,Remote,3,Yes,3,6.0,Standard corporate environment.,5,2,3,26
EMP01837,24,Female,HR,24,Tokyo,3,Yes,2,5.0,Work is okay.,9,1,2,29
EMP01838,35,Female,HR,11,London,3,Yes,1,5.0,Work is okay.,5,1,5,27
EMP01839,37,Female,Marketing,18,New York,3,No,6,3.0,Management is very supportive.,9,3,2,35
EMP01840,31,Male,Marketing,5,Tokyo,2,No,7,3.0,I feel energized at work.,9,1,3,31
EMP01841,50,male,Finance,13,Tokyo,5,No,4,5.0,Standard corporate environment.,8,5,5,45
EMP01842,31,Male,Finance,18,Berlin,2,No,6,8.0,I need a long break.,6,4,5,38
EMP01843,33,Female,Marketing,2,London,4,No,5,8.0,Extremely stressed and burnt out.,7,4,5,40
EMP01844,51,Female,Marketing,20,New York,4,No,0,8.0,Management expects too much.,9,3,4,39
EMP01845,62,Male,IT,4,Remote,2,No,4,6.0,Average experience.,3,5,3,31
EMP01846,22,Male,IT,13,Tokyo,5,No,5,10.0,Management expects too much.,3,2,2,20
EMP01847,26,Female,HR,24,Remote,3,No,5,7.0,It pays the bills.,6,3,5,35
EMP01848,41,Male,Operations,16,Remote,4,No,2,1.0,I feel energized at work.,7,5,3,39
EMP01849,29,Female,IT,6,Remote,4,No,4,9.0,I need a long break.,4,2,3,24
EMP01850,64,Female,HR,8,Berlin,3,No,5,1.0,Love the culture here.,4,1,4,23
EMP01851,33,Female,Sales,16,Remote,2,No,4,2.0,I feel energized at work.,7,1,2,25
EMP01852,22,Female,Finance,13,London,4,No,5,6.0,Average experience.,6,2,4,30
EMP01853,41,Female,Operations,23,London,3,No,3,1.0,I feel energized at work.,7,3,4,35
EMP01854,49,Female,HR,4,New York,2,No,3,9.0,Extremely stressed and burnt out.,9,2,2,32
EMP01855,64,Female,Marketing,2,New York,4,Yes,3,6.0,Work is okay.,5,5,3,35
EMP01856,58,Female,Sales,9,Remote,4,No,6,8.0,Terrible work-life balance.,8,2,4,34
EMP01857,58,Female,Finance,18,Remote,3,No,4,8.0,I am exhausted every day.,4,5,3,33
EMP01858,33,F,Sales,17,Berlin,2,No,6,2.0,Management is very supportive.,9,5,4,45
EMP01859,58,Male,HR,8,Remote,3,No,3,2.0,I feel energized at work.,7,1,3,27
EMP01860,49,Female,IT,15,Remote,2,Yes,5,8.0,Extremely stressed and burnt out.,3,5,2,29
EMP01861,36,female,Finance,9,Remote,3,No,5,8.0,I need a long break.,5,4,3,32
EMP01862,27,Male,Sales,17,Tokyo,5,No,2,8.0,I am exhausted every day.,5,1,5,27
EMP01863,41,Male,IT,23,Tokyo,1,No,2,10.0,Extremely stressed and burnt out.,7,1,3,27
EMP01864,35,Female,Operations,2,Berlin,3,Yes,3,2.0,Great work-life balance.,10,2,5,40
EMP01865,23,Male,HR,6,Berlin,4,No,5,4.0,Excellent benefits.,10,5,2,43
EMP01866,30,Male,HR,5,London,1,No,4,4.0,Love the culture here.,5,2,5,30
EMP01867,58,Other,Finance,17,Berlin,1,No,10,7.0,Nothing special to report.,8,5,2,39
EMP01868,41,Female,Sales,2,London,4,No,4,4.0,I feel energized at work.,10,1,4,35
EMP01869,47,Male,Operations,18,Remote,4,No,5,6.0,Average experience.,8,4,3,38
EMP01870,50,Other,Marketing,10,Berlin,4,Yes,3,2.0,Great work-life balance.,10,1,3,33
EMP01871,22,female,Finance,10,Berlin,4,No,4,2.0,Love the culture here.,9,3,5,41
EMP01872,56,Female,Marketing,6,Berlin,3,No,2,5.0,Work is okay.,8,2,2,30
EMP01873,27,Male,Finance,12,London,4,No,2,1.0,I feel energized at work.,5,4,5,36
EMP01874,58,M,Sales,17,London,1,No,7,2.0,Management is very supportive.,10,2,4,38
EMP01875,26,Female,Operations,13,New York,3,Yes,5,5.0,Average experience.,10,5,4,47
EMP01876,54,Female,Sales,20,London,3,Yes,6,9.0,I am exhausted every day.,9,2,4,36
EMP01877,35,F,HR,16,London,2,Yes,4,9.0,Extremely stressed and burnt out.,6,1,2,23
EMP01878,33,Female,Marketing,10,Tokyo,3,Yes,2,7.0,Standard corporate environment.,10,1,2,31
EMP01879,63,Male,IT,21,Berlin,3,No,5,10.0,I need a long break.,2,2,3,20
EMP01880,41,Female,HR,2,London,3,Yes,3,5.0,It pays the bills.,7,5,5,43
EMP01881,45,Male,HR,2,Berlin,3,No,4,2.0,Great work-life balance.,4,5,4,35
EMP01882,64,Female,Marketing,23,Berlin,4,No,8,2.0,I feel energized at work.,5,4,3,32
EMP01883,55,Female,Finance,7,Tokyo,4,No,4,8.0,Management expects too much.,9,1,3,31
EMP01884,46,Male,HR,6,Berlin,3,No,2,3.0,Management is very supportive.,6,2,3,28
EMP01885,50,Female,Operations,1,London,3,No,4,7.0,It pays the bills.,10,4,3,42
EMP01886,60,Male,HR,12,Berlin,3,Yes,3,6.0,It pays the bills.,7,3,4,35
EMP01887,52,Male,Operations,13,New York,2,Yes,5,6.0,Work is okay.,9,4,3,40
EMP01888,64,Female,Sales,12,New York,4,No,5,3.0,Great work-life balance.,4,3,3,27
EMP01889,44,Male,Finance,19,Tokyo,1,No,9,6.0,It pays the bills.,7,3,4,35
EMP01890,59,Female,Operations,9,London,2,No,2,4.0,Excellent benefits.,4,4,3,30
EMP01891,41,Male,HR,10,Tokyo,2,No,7,1.0,Love the culture here.,9,1,2,29
EMP01892,44,Female,Finance,17,New York,4,No,2,8.0,Extremely stressed and burnt out.,10,4,5,46
EMP01893,37,M,Finance,18,London,1,No,2,9.0,I am exhausted every day.,8,4,2,36
EMP01894,63,Female,Operations,8,Berlin,4,No,3,3.0,Management is very supportive.,5,1,5,27
EMP01895,29,Female,Operations,7,London,1,Yes,4,1.0,Love the culture here.,10,1,4,35
EMP01896,42,female,IT,9,Remote,4,Yes,2,6.0,Average experience.,6,1,2,23
EMP01897,22,Male,IT,10,London,5,No,7,6.0,Standard corporate environment.,7,1,1,23
EMP01898,29,Male,Finance,12,Berlin,3,No,4,9.0,Terrible work-life balance.,5,1,2,21
EMP01899,50,Female,Marketing,15,Remote,4,No,1,5.0,Nothing special to report.,8,1,5,33
EMP01900,53,Male,Marketing,15,Tokyo,4,No,6,3.0,Excellent benefits.,10,4,2,40
EMP01901,59,female,IT,4,London,4,Yes,3,7.0,Standard corporate environment.,7,2,3,30
EMP01902,26,Male,HR,4,Tokyo,4,No,3,9.0,Extremely stressed and burnt out.,10,2,5,40
EMP01903,43,Female,Sales,23,London,3,No,1,9.0,Management expects too much.,10,2,4,38
EMP01904,55,Female,Finance,1,New York,3,No,3,6.0,Work is okay.,6,4,3,34
EMP01905,22,Male,Sales,12,New York,5,No,2,5.0,It pays the bills.,7,1,4,29
EMP01906,47,Female,IT,2,Berlin,3,No,3,6.0,Average experience.,3,3,3,25
EMP01907,64,Male,Operations,15,New York,5,No,7,6.0,It pays the bills.,9,1,4,33
EMP01908,31,Female,Finance,17,Remote,3,No,3,5.0,Work is okay.,6,5,5,41
EMP01909,51,Male,IT,7,Remote,3,No,3,6.0,Average experience.,3,1,2,17
EMP01910,39,male,HR,6,London,4,No,4,7.0,It pays the bills.,6,2,5,32
EMP01911,38,female,Finance,12,Tokyo,4,No,6,3.0,Excellent benefits.,5,1,2,21
EMP01912,47,Male,Finance,19,Remote,3,Yes,3,5.0,It pays the bills.,8,1,3,29
EMP01913,29,Male,Marketing,1,London,1,No,6,6.0,Standard corporate environment.,5,5,3,35
EMP01914,61,Female,Operations,21,Tokyo,4,No,4,2.0,Great work-life balance.,4,3,3,27
EMP01915,33,Male,Finance,14,New York,5,No,6,7.0,It pays the bills.,10,3,2,37
EMP01916,48,F,Operations,4,London,4,No,4,9.0,Extremely stressed and burnt out.,9,2,2,32
EMP01917,29,Female,IT,5,Tokyo,2,No,5,7.0,Average experience.,6,3,2,29
EMP01918,46,Male,HR,1,Berlin,3,No,2,9.0,I need a long break.,6,2,5,32
EMP01919,25,M,HR,1,Berlin,5,No,3,5.0,Work is okay.,10,4,2,40
EMP01920,54,Female,Finance,21,Remote,1,Yes,6,8.0,I need a long break.,9,5,5,47
EMP01921,22,male,Finance,6,Tokyo,3,Yes,5,9.0,Extremely stressed and burnt out.,4,1,3,21
EMP01922,40,male,IT,5,Berlin,2,Yes,2,9.0,Extremely stressed and burnt out.,3,5,2,29
EMP01923,52,Male,Marketing,2,Remote,3,Yes,2,4.0,Excellent benefits.,9,3,3,37
EMP01924,37,Male,Marketing,21,London,3,Yes,3,4.0,Excellent benefits.,6,1,3,25
EMP01925,35,Other,Marketing,5,London,3,No,5,3.0,Management is very supportive.,10,5,5,49
EMP01926,26,male,Operations,9,Tokyo,4,No,4,9.0,Terrible work-life balance.,8,5,3,41
EMP01927,62,Male,Marketing,19,Tokyo,3,No,9,6.0,Average experience.,10,2,2,34
EMP01928,47,M,HR,21,Tokyo,3,No,0,8.0,Management expects too much.,4,4,4,32
EMP01929,49,Female,Operations,15,Tokyo,3,No,2,2.0,I feel energized at work.,5,5,3,35
EMP01930,23,Male,IT,13,Berlin,5,No,4,9.0,Management expects too much.,7,1,1,23
EMP01931,27,F,HR,12,Berlin,4,Yes,4,2.0,Love the culture here.,6,4,2,32
EMP01932,30,Male,HR,5,Remote,2,No,3,3.0,Love the culture here.,9,4,5,44
EMP01933,54,female,Sales,2,Berlin,1,No,4,5.0,Work is okay.,10,1,4,35
EMP01934,62,Male,IT,4,London,3,No,3,6.0,Work is okay.,7,4,2,34
EMP01935,46,Female,IT,18,Remote,4,No,5,6.0,Standard corporate environment.,4,3,2,25
EMP01936,34,Male,Sales,21,Berlin,3,No,5,6.0,Average experience.,9,4,3,40
EMP01937,30,Female,Operations,10,Tokyo,3,No,8,7.0,Nothing special to report.,9,2,3,34
EMP01938,34,Female,Marketing,13,Berlin,4,No,8,5.0,Standard corporate environment.,4,4,5,34
EMP01939,52,Male,Marketing,12,New York,4,No,1,1.0,Great work-life balance.,6,5,3,37
EMP01940,62,Female,Marketing,2,Remote,3,Yes,2,5.0,Nothing special to report.,8,4,5,42
EMP01941,32,Female,Marketing,15,Berlin,2,No,7,4.0,Great work-life balance.,4,2,4,26
EMP01942,25,Male,Marketing,14,Berlin,2,No,3,8.0,Management expects too much.,4,2,4,26
EMP01943,55,M,Sales,10,London,3,No,2,5.0,Standard corporate environment.,5,4,4,34
EMP01944,59,Male,IT,22,Tokyo,3,No,3,8.0,I need a long break.,3,3,2,23
EMP01945,25,Female,Operations,8,Tokyo,5,Yes,3,1.0,Great work-life balance.,4,4,5,34
EMP01946,59,Female,HR,15,London,1,No,4,1.0,Excellent benefits.,8,1,2,27
EMP01947,40,Female,Marketing,13,London,4,No,3,5.0,Work is okay.,7,2,3,30
EMP01948,27,Male,Sales,8,New York,3,No,4,8.0,Terrible work-life balance.,7,4,2,34
EMP01949,55,Female,Operations,21,Remote,3,No,8,9.0,Management expects too much.,5,3,2,27
EMP01950,39,Female,Operations,21,Tokyo,4,No,4,2.0,Great work-life balance.,5,3,3,29
EMP01951,34,Female,Operations,22,London,4,No,4,5.0,Standard corporate environment.,10,3,3,39
EMP01952,62,M,Sales,14,London,5,No,1,4.0,Great work-life balance.,6,5,4,39
EMP01953,44,Female,HR,1,Remote,2,No,3,3.0,I feel energized at work.,5,5,5,39
EMP01954,40,Male,Marketing,13,London,2,Yes,4,8.0,Terrible work-life balance.,7,5,2,37
EMP01955,32,Male,Operations,8,New York,2,No,5,2.0,Great work-life balance.,4,1,4,23
EMP01956,22,Male,Sales,18,Remote,3,Yes,11,2.0,Love the culture here.,9,1,3,31
EMP01957,45,Male,IT,22,New York,3,No,6,10.0,Extremely stressed and burnt out.,7,4,2,34
EMP01958,28,Male,Sales,9,Berlin,4,No,5,1.0,I feel energized at work.,8,5,5,45
EMP01959,46,Male,Sales,13,Tokyo,3,Yes,3,7.0,It pays the bills.,10,5,5,49
EMP01960,42,Male,Sales,3,London,5,No,6,9.0,I am exhausted every day.,10,1,5,37
EMP01961,36,Male,Operations,18,Remote,3,Yes,2,2.0,Love the culture here.,10,3,5,43
EMP01962,22,Male,Sales,10,New York,4,No,1,5.0,Average experience.,4,3,2,25
EMP01963,33,Male,IT,5,Tokyo,3,No,4,8.0,Nothing special to report.,6,2,2,26
EMP01964,28,Male,Operations,6,Tokyo,2,No,4,2.0,Management is very supportive.,8,4,5,42
EMP01965,36,Female,IT,8,London,4,Yes,4,6.0,Work is okay.,7,4,2,34
EMP01966,42,Female,Finance,24,Tokyo,2,No,0,8.0,I need a long break.,6,5,3,37
EMP01967,40,Male,Sales,7,London,4,No,4,7.0,Work is okay.,7,1,4,29
EMP01968,50,Female,Marketing,21,Berlin,3,Yes,3,1.0,Excellent benefits.,5,4,3,32
EMP01969,46,Male,Marketing,18,London,4,No,0,4.0,Great work-life balance.,6,3,3,31
EMP01970,54,Male,Operations,14,New York,4,Yes,2,7.0,Average experience.,10,1,2,31
EMP01971,53,Male,Marketing,15,Tokyo,3,No,3,6.0,Standard corporate environment.,7,5,5,43
EMP01972,56,Female,Operations,10,Tokyo,3,No,2,1.0,Management is very supportive.,4,5,3,33
EMP01973,59,Female,Sales,21,Tokyo,1,Yes,3,7.0,Standard corporate environment.,9,4,2,38
EMP01974,47,Male,HR,12,London,3,Yes,2,2.0,Great work-life balance.,8,4,3,38
EMP01975,32,Male,HR,7,Remote,2,No,4,8.0,Management expects too much.,4,2,3,24
EMP01976,56,F,IT,7,London,3,Yes,5,7.0,It pays the bills.,2,4,2,24
EMP01977,29,Male,Sales,11,New York,2,Yes,4,4.0,I feel energized at work.,9,4,3,40
EMP01978,35,Male,Marketing,13,London,5,No,5,6.0,Standard corporate environment.,5,3,4,31
EMP01979,31,F,Sales,15,Tokyo,3,No,5,5.0,Average experience.,10,3,3,39
EMP01980,23,M,Finance,18,Berlin,5,No,7,3.0,Management is very supportive.,7,1,5,31
EMP01981,30,Female,HR,7,New York,1,No,4,6.0,Average experience.,6,4,2,32
EMP01982,24,Female,Marketing,6,Berlin,4,No,4,5.0,It pays the bills.,5,4,4,34
EMP01983,42,Male,HR,23,New York,3,No,6,1.0,Great work-life balance.,9,5,2,41
EMP01984,47,Male,Sales,11,New York,3,No,4,6.0,Standard corporate environment.,4,3,5,31
EMP01985,29,Female,Marketing,8,Tokyo,4,No,4,5.0,It pays the bills.,7,5,3,39
EMP01986,23,Male,IT,20,London,5,No,6,6.0,Nothing special to report.,7,4,1,32
EMP01987,27,Female,Sales,1,Tokyo,3,No,3,4.0,I feel energized at work.,9,3,4,39
EMP01988,49,female,IT,8,Tokyo,5,Yes,5,10.0,Terrible work-life balance.,7,4,3,36
EMP01989,50,female,Marketing,8,Tokyo,4,Yes,5,1.0,Love the culture here.,4,2,2,22
EMP01990,47,Male,HR,19,Berlin,5,Yes,4,1.0,Great work-life balance.,8,5,2,39
EMP01991,46,Female,Finance,3,New York,3,No,7,9.0,I am exhausted every day.,6,3,2,29
EMP01992,33,Female,Operations,5,Remote,5,No,2,6.0,Standard corporate environment.,9,3,2,35
EMP01993,26,F,HR,3,London,4,Yes,4,6.0,Nothing special to report.,7,4,5,40
EMP01994,55,Male,IT,15,Tokyo,2,No,5,10.0,Terrible work-life balance.,4,4,3,30
EMP01995,58,Male,Sales,14,New York,3,No,3,6.0,Work is okay.,4,1,2,19
EMP01996,36,Male,Marketing,21,London,3,No,3,8.0,Extremely stressed and burnt out.,5,1,3,23
EMP01997,57,Male,HR,15,Remote,3,No,1,7.0,Nothing special to report.,6,5,2,35
EMP01998,36,Male,Finance,24,Remote,4,No,3,7.0,Standard corporate environment.,4,3,5,31
EMP01999,64,Female,Marketing,17,Tokyo,4,No,3,9.0,Terrible work-life balance.,9,4,2,38
EMP02000,44,Female,IT,18,Remote,4,No,6,6.0,Work is okay.,7,5,2,37
EMP02001,27,Male,Marketing,2,Remote,3,No,3,9.0,I need a long break.,6,3,2,29
EMP02002,64,Female,Marketing,12,London,2,No,5,1.0,I feel energized at work.,4,4,2,28
EMP02003,42,Male,Sales,16,London,3,No,7,6.0,Work is okay.,5,1,3,23
EMP02004,44,F,Operations,4,Tokyo,4,No,0,5.0,Average experience.,6,3,3,31
EMP02005,64,male,IT,2,New York,2,Yes,5,8.0,Terrible work-life balance.,6,4,1,30
EMP02006,37,female,Sales,14,Tokyo,3,No,7,8.0,Terrible work-life balance.,8,5,3,41
EMP02007,36,F,Operations,11,Berlin,3,Yes,6,8.0,I am exhausted every day.,5,5,2,33
EMP02008,46,Male,Sales,13,Remote,2,No,2,5.0,It pays the bills.,4,2,4,26
EMP02009,57,Male,Operations,7,New York,3,Yes,5,1.0,Management is very supportive.,9,3,3,37
EMP02010,32,Female,Operations,10,London,2,No,2,4.0,Love the culture here.,6,5,4,39
EMP02011,36,male,Operations,24,Berlin,5,Yes,4,7.0,Nothing special to report.,7,3,3,33
EMP02012,25,Male,Sales,1,Berlin,2,No,3,2.0,Management is very supportive.,6,5,3,37
EMP02013,42,Male,Marketing,21,Remote,4,No,1,7.0,Work is okay.,9,3,4,39
EMP02014,34,M,Operations,4,London,2,No,7,5.0,Average experience.,7,3,4,35
EMP02015,43,Male,Marketing,18,New York,4,No,8,6.0,Nothing special to report.,6,3,3,31
EMP02016,40,Female,IT,6,London,3,Yes,6,10.0,I am exhausted every day.,4,2,2,22
EMP02017,55,Female,Finance,2,Remote,4,No,9,7.0,Work is okay.,4,1,4,23
EMP02018,35,Male,Marketing,3,Berlin,4,Yes,7,4.0,Great work-life balance.,5,3,3,29
EMP02019,25,Male,Finance,14,Remote,3,No,2,1.0,I feel energized at work.,5,1,5,27
EMP02020,48,Female,Operations,8,Tokyo,5,Yes,4,9.0,Extremely stressed and burnt out.,10,1,4,35
EMP02021,50,Female,Finance,16,Berlin,3,No,3,7.0,It pays the bills.,7,1,5,31
EMP02022,49,Other,Finance,19,Remote,4,Yes,4,9.0,Management expects too much.,8,5,4,43
EMP02023,56,Male,Operations,18,New York,3,No,4,9.0,Extremely stressed and burnt out.,4,4,2,28
EMP02024,29,Male,Marketing,6,New York,5,Yes,3,7.0,Standard corporate environment.,8,1,2,27
EMP02025,37,Female,Operations,14,New York,4,No,4,2.0,I feel energized at work.,6,3,2,29
EMP02026,63,Female,IT,3,Tokyo,2,No,5,8.0,Management expects too much.,4,4,2,28
EMP02027,57,Male,HR,16,London,3,No,3,2.0,I feel energized at work.,7,5,4,41
EMP02028,51,Female,Sales,1,New York,4,No,2,4.0,I feel energized at work.,10,2,4,38
EMP02029,39,Male,Operations,12,Tokyo,4,No,4,9.0,Extremely stressed and burnt out.,9,1,4,33
EMP02030,23,Male,Operations,14,New York,5,Yes,5,7.0,Standard corporate environment.,7,1,4,29
EMP02031,34,Male,Finance,19,Tokyo,3,No,0,9.0,I need a long break.,8,5,5,45
EMP02032,25,Male,IT,22,New York,3,Yes,3,9.0,Management expects too much.,2,3,3,23
EMP02033,47,Female,Finance,19,London,3,No,3,9.0,I am exhausted every day.,4,3,2,25
EMP02034,46,Female,Marketing,9,Remote,3,Yes,6,7.0,Work is okay.,7,4,5,40
EMP02035,51,Female,Operations,7,New York,3,No,5,8.0,Extremely stressed and burnt out.,8,4,4,40
EMP02036,32,male,Operations,14,Remote,3,No,2,1.0,Love the culture here.,7,3,4,35
EMP02037,28,Male,Finance,5,New York,2,No,6,9.0,I am exhausted every day.,4,2,3,24
EMP02038,52,Male,Operations,18,London,3,No,4,8.0,Terrible work-life balance.,9,3,4,39
EMP02039,31,Male,Marketing,9,Remote,2,No,3,1.0,Excellent benefits.,6,2,3,28
EMP02040,60,Male,HR,21,Tokyo,4,Yes,7,8.0,Management expects too much.,9,5,2,41
EMP02041,34,Female,Sales,7,New York,3,No,3,5.0,It pays the bills.,9,2,2,32
EMP02042,52,Female,Sales,9,New York,3,No,5,3.0,Management is very supportive.,10,5,5,49
EMP02043,28,Female,Sales,4,Tokyo,3,No,3,8.0,Management expects too much.,6,1,5,29
EMP02044,63,Male,HR,17,London,2,No,8,3.0,Great work-life balance.,4,3,4,29
EMP02045,63,Male,Operations,12,Berlin,5,No,1,8.0,Extremely stressed and burnt out.,7,4,4,38
EMP02046,57,Female,Finance,6,New York,3,Yes,1,5.0,Average experience.,8,1,3,29
EMP02047,41,Male,IT,18,Tokyo,4,No,4,8.0,Terrible work-life balance.,5,4,3,32
EMP02048,25,Female,Operations,8,Berlin,3,No,3,6.0,It pays the bills.,9,2,4,36
EMP02049,28,Other,HR,21,New York,4,No,4,6.0,Nothing special to report.,9,3,4,39
EMP02050,22,Male,Marketing,15,Remote,3,No,6,4.0,I feel energized at work.,6,3,2,29
EMP02051,63,Female,HR,3,Tokyo,2,Yes,1,5.0,Average experience.,10,3,5,43
EMP02052,34,Female,Sales,2,Remote,4,No,4,7.0,Average experience.,4,1,2,19
EMP02053,43,Male,Operations,24,London,3,No,6,1.0,Great work-life balance.,8,5,2,39
EMP02054,42,Female,Sales,23,Berlin,4,No,4,8.0,Terrible work-life balance.,7,2,5,34
EMP02055,43,Male,IT,9,Tokyo,3,No,2,8.0,I am exhausted every day.,2,1,3,17
EMP02056,49,Male,Marketing,8,New York,4,No,2,3.0,I feel energized at work.,4,1,5,25
EMP02057,30,Female,Sales,4,New York,5,No,0,7.0,Standard corporate environment.,8,5,3,41
EMP02058,47,F,IT,2,Berlin,5,No,4,6.0,Work is okay.,2,4,1,22
EMP02059,30,Male,HR,14,Remote,3,No,4,2.0,Management is very supportive.,9,4,2,38
EMP02060,36,Male,Sales,2,Remote,3,Yes,4,7.0,Work is okay.,6,3,5,35
EMP02061,31,F,Sales,2,Tokyo,5,No,2,1.0,Excellent benefits.,6,1,2,23
EMP02062,45,M,Finance,22,Tokyo,4,No,5,5.0,Nothing special to report.,6,5,5,41
EMP02063,63,Female,Marketing,7,Remote,1,No,5,7.0,Average experience.,4,5,2,31
EMP02064,29,Male,Marketing,12,Tokyo,3,Yes,8,5.0,It pays the bills.,5,4,2,30
EMP02065,45,male,HR,6,Remote,2,No,3,5.0,It pays the bills.,4,5,4,35
EMP02066,37,Male,Finance,18,Berlin,5,Yes,5,6.0,Standard corporate environment.,5,4,3,32
EMP02067,47,Female,IT,4,Tokyo,2,No,3,7.0,Nothing special to report.,6,4,2,32
EMP02068,48,Male,IT,19,Remote,3,Yes,4,7.0,Work is okay.,7,1,3,27
EMP02069,58,Female,HR,13,Tokyo,4,No,5,6.0,Nothing special to report.,6,2,3,28
EMP02070,25,Male,Marketing,20,New York,5,No,2,2.0,Management is very supportive.,4,3,4,29
EMP02071,45,Female,IT,21,New York,4,No,7,9.0,Terrible work-life balance.,6,2,2,26
EMP02072,40,Male,HR,23,London,3,Yes,3,9.0,I am exhausted every day.,5,5,4,37
EMP02073,57,Male,IT,2,Remote,3,Yes,4,8.0,I need a long break.,2,2,3,20
EMP02074,60,Female,Operations,8,London,5,Yes,4,1.0,Great work-life balance.,8,2,4,34
EMP02075,31,F,Sales,19,Remote,4,No,4,1.0,Love the culture here.,8,4,3,38
EMP02076,46,female,Marketing,9,Tokyo,4,No,7,9.0,Management expects too much.,5,1,3,23
EMP02077,39,Male,Operations,4,Remote,4,No,5,6.0,Average experience.,5,5,2,33
EMP02078,40,Female,HR,16,New York,3,No,3,7.0,Standard corporate environment.,9,3,4,39
EMP02079,57,Female,HR,19,Tokyo,4,No,1,2.0,I feel energized at work.,8,4,4,40
EMP02080,31,Male,Operations,10,New York,3,No,4,1.0,I feel energized at work.,9,3,4,39
EMP02081,54,Male,Sales,6,Tokyo,3,No,5,2.0,Love the culture here.,5,1,2,21
EMP02082,26,Female,Sales,16,Remote,4,No,7,3.0,Love the culture here.,10,2,2,34
EMP02083,56,female,Finance,10,Remote,1,Yes,2,3.0,Love the culture here.,5,2,2,24
EMP02084,55,Female,IT,13,New York,3,No,0,9.0,I am exhausted every day.,4,1,1,17
EMP02085,54,Female,Finance,9,Berlin,3,No,6,1.0,Love the culture here.,10,5,5,49
EMP02086,42,Female,Sales,7,Remote,2,No,2,2.0,Great work-life balance.,5,4,4,34
EMP02087,38,Male,Operations,4,Berlin,4,Yes,5,9.0,I am exhausted every day.,10,2,4,38
EMP02088,43,Female,IT,19,Tokyo,4,No,3,7.0,Nothing special to report.,2,1,1,13
EMP02089,58,Female,Operations,4,Berlin,2,No,6,9.0,I am exhausted every day.,5,4,3,32
EMP02090,36,Male,Finance,19,New York,3,No,5,5.0,Nothing special to report.,10,4,5,46
EMP02091,56,F,HR,19,London,3,No,8,4.0,Great work-life balance.,9,1,3,31
EMP02092,49,Male,Operations,12,London,2,No,6,4.0,I feel energized at work.,10,2,4,38
EMP02093,28,Other,Finance,13,New York,4,No,4,3.0,Love the culture here.,6,5,4,39
EMP02094,53,Male,Finance,4,London,3,No,5,2.0,I feel energized at work.,8,2,5,36
EMP02095,32,Male,Finance,10,New York,4,No,7,8.0,Extremely stressed and burnt out.,9,2,4,36
EMP02096,31,Male,HR,21,Remote,2,No,3,6.0,Nothing special to report.,5,2,2,24
EMP02097,30,Female,HR,7,Berlin,3,No,3,9.0,Management expects too much.,10,2,2,34
EMP02098,35,Male,HR,5,London,2,No,3,2.0,Excellent benefits.,5,3,5,33
EMP02099,34,Female,IT,17,Remote,2,No,5,9.0,I need a long break.,6,1,3,25
EMP02100,46,Female,HR,18,London,4,No,6,1.0,Excellent benefits.,5,5,3,35
EMP02101,23,Female,HR,11,Tokyo,2,No,9,8.0,Extremely stressed and burnt out.,5,5,3,35
EMP02102,56,Male,HR,15,New York,2,No,8,8.0,I am exhausted every day.,6,3,4,33
EMP02103,28,Female,Operations,21,New York,5,Yes,2,5.0,It pays the bills.,7,5,2,37
EMP02104,42,Male,HR,22,Remote,4,Yes,4,5.0,It pays the bills.,4,3,4,29
EMP02105,39,Female,IT,7,Tokyo,2,No,7,7.0,Work is okay.,3,3,2,23
EMP02106,24,Male,Finance,18,Berlin,5,No,1,5.0,Nothing special to report.,9,5,2,41
EMP02107,63,male,Operations,6,Tokyo,2,No,8,8.0,Extremely stressed and burnt out.,9,5,3,43
EMP02108,60,Female,Sales,18,Tokyo,4,No,7,4.0,I feel energized at work.,8,2,2,30
EMP02109,62,Female,HR,16,Berlin,1,Yes,4,2.0,I feel energized at work.,10,3,3,39
EMP02110,32,Female,Finance,2,Berlin,4,Yes,2,3.0,Great work-life balance.,4,4,2,28
EMP02111,60,Male,Finance,19,Tokyo,3,No,4,3.0,I feel energized at work.,8,1,2,27
EMP02112,45,Male,Operations,1,London,3,No,2,9.0,Extremely stressed and burnt out.,8,2,2,30
EMP02113,40,F,Sales,11,London,4,No,6,5.0,Work is okay.,6,3,3,31
EMP02114,25,male,Marketing,20,Tokyo,4,No,3,1.0,Excellent benefits.,9,2,5,38
EMP02115,47,Male,IT,5,London,4,No,1,6.0,Average experience.,7,2,2,28
EMP02116,59,Female,Marketing,16,Berlin,4,No,4,6.0,Work is okay.,9,1,5,35
EMP02117,63,Female,Finance,23,Berlin,3,Yes,3,4.0,Excellent benefits.,9,5,4,45
EMP02118,53,Female,Marketing,1,London,3,No,8,7.0,It pays the bills.,4,5,2,31
EMP02119,60,Male,Finance,19,Berlin,4,No,3,7.0,Nothing special to report.,8,1,4,31
EMP02120,57,Male,Marketing,14,New York,4,No,5,7.0,Nothing special to report.,4,2,5,28
EMP02121,61,Male,Finance,3,Berlin,3,No,4,5.0,Standard corporate environment.,7,3,4,35
EMP02122,58,M,Finance,2,Tokyo,3,No,6,7.0,It pays the bills.,10,5,4,47
EMP02123,54,Female,Operations,24,Remote,3,No,0,5.0,Average experience.,10,4,2,40
EMP02124,57,Female,Sales,5,London,5,No,1,3.0,I feel energized at work.,5,3,2,27
EMP02125,24,male,Finance,17,London,3,No,6,5.0,Average experience.,6,2,5,32
EMP02126,30,Female,IT,18,Berlin,3,No,1,7.0,It pays the bills.,4,4,2,28
EMP02127,29,F,IT,1,Berlin,3,No,4,8.0,Nothing special to report.,7,3,2,31
EMP02128,54,Female,HR,15,Remote,4,No,5,9.0,I need a long break.,5,1,4,25
EMP02129,27,Male,Finance,22,Remote,4,No,9,8.0,Management expects too much.,7,4,5,40
EMP02130,62,male,Finance,9,Tokyo,4,No,6,6.0,Average experience.,7,2,3,30
EMP02131,60,Female,Finance,23,New York,4,Yes,5,9.0,I need a long break.,9,4,4,42
EMP02132,25,Male,Marketing,5,Tokyo,3,No,5,5.0,Average experience.,8,1,2,27
EMP02133,34,Male,Finance,13,London,3,No,3,2.0,Love the culture here.,9,5,4,45
EMP02134,23,Male,Finance,19,Berlin,4,No,1,9.0,Terrible work-life balance.,6,5,4,39
EMP02135,26,Female,IT,24,Tokyo,3,Yes,2,10.0,Terrible work-life balance.,6,5,1,33
EMP02136,48,F,Sales,10,Berlin,3,Yes,6,8.0,Management expects too much.,4,1,2,19
EMP02137,53,male,Sales,20,Berlin,4,No,4,8.0,I am exhausted every day.,4,3,4,29
EMP02138,42,male,HR,21,Tokyo,4,No,2,4.0,Great work-life balance.,9,1,5,35
EMP02139,29,Male,IT,14,Tokyo,5,Yes,4,9.0,I need a long break.,4,4,1,26
EMP02140,59,Male,Finance,22,Remote,5,No,4,1.0,Great work-life balance.,8,3,3,35
EMP02141,29,Male,Sales,21,New York,3,No,5,5.0,Nothing special to report.,8,5,2,39
EMP02142,24,F,Operations,12,Remote,5,No,3,9.0,I need a long break.,4,1,3,21
EMP02143,24,Male,Operations,11,New York,2,No,3,5.0,Work is okay.,8,2,4,34
EMP02144,43,Female,Operations,23,Tokyo,4,No,3,5.0,Standard corporate environment.,8,5,2,39
EMP02145,27,Female,Finance,7,New York,3,No,2,6.0,Nothing special to report.,8,2,2,30
EMP02146,23,Female,Finance,17,London,3,No,1,6.0,Average experience.,10,3,4,41
EMP02147,44,Male,HR,18,Remote,5,No,3,8.0,Terrible work-life balance.,6,5,5,41
EMP02148,23,female,HR,7,Remote,3,No,6,1.0,Management is very supportive.,10,1,4,35
EMP02149,59,female,HR,24,Remote,4,No,2,5.0,Work is okay.,9,2,5,38
EMP02150,38,Male,Marketing,20,Berlin,2,No,3,9.0,I need a long break.,10,1,3,33
EMP02151,56,Female,Operations,6,Berlin,2,No,6,3.0,I feel energized at work.,6,5,3,37
EMP02152,55,female,Finance,11,Tokyo,3,No,5,7.0,Work is okay.,4,1,4,23
EMP02153,44,Male,Operations,12,Tokyo,4,No,4,7.0,Work is okay.,9,5,2,41
EMP02154,51,Female,HR,16,Berlin,3,No,4,5.0,It pays the bills.,10,4,3,42
EMP02155,29,Male,Finance,19,Remote,3,No,2,7.0,Work is okay.,8,1,3,29
EMP02156,43,Female,IT,23,Berlin,4,Yes,5,8.0,I am exhausted every day.,4,4,2,28
EMP02157,57,Male,Sales,19,New York,2,Yes,6,6.0,It pays the bills.,8,2,5,36
EMP02158,26,Female,Sales,11,Remote,3,No,5,8.0,Extremely stressed and burnt out.,10,1,2,31
EMP02159,34,Male,HR,16,Berlin,5,No,3,8.0,I am exhausted every day.,5,1,5,27
EMP02160,50,Female,Operations,23,Tokyo,3,Yes,2,6.0,Standard corporate environment.,10,2,2,34
EMP02161,52,Other,IT,12,Berlin,3,No,2,7.0,Average experience.,6,1,3,25
EMP02162,37,M,Finance,8,London,4,No,7,1.0,Excellent benefits.,9,5,5,47
EMP02163,63,M,Operations,3,Berlin,4,No,2,5.0,Average experience.,7,4,5,40
EMP02164,51,Female,HR,2,Remote,4,No,2,3.0,Management is very supportive.,4,3,3,27
EMP02165,37,Male,Operations,6,Berlin,5,No,5,7.0,Standard corporate environment.,7,5,2,37
EMP02166,33,Male,HR,16,Tokyo,2,No,7,4.0,Excellent benefits.,6,3,4,33
EMP02167,38,male,Marketing,20,New York,5,No,2,2.0,Love the culture here.,4,2,2,22
EMP02168,37,Male,Sales,24,London,5,No,4,5.0,Standard corporate environment.,4,2,4,26
EMP02169,33,Male,Sales,15,Remote,4,No,4,7.0,It pays the bills.,6,1,4,27
EMP02170,29,Female,Operations,14,Tokyo,3,No,2,8.0,I am exhausted every day.,4,5,2,31
EMP02171,41,Male,IT,2,London,4,No,1,8.0,I am exhausted every day.,5,3,1,25
EMP02172,24,Male,Finance,20,Berlin,3,No,3,5.0,It pays the bills.,8,4,3,38
EMP02173,37,Other,HR,18,London,4,No,8,5.0,Nothing special to report.,7,5,4,41
EMP02174,51,F,Finance,14,New York,2,No,7,3.0,Great work-life balance.,4,2,3,24
EMP02175,44,Female,Sales,18,London,4,No,5,1.0,Love the culture here.,7,5,3,39
EMP02176,49,Other,IT,2,London,4,No,4,7.0,Average experience.,4,4,2,28
EMP02177,61,Female,IT,1,Berlin,2,No,3,9.0,Extremely stressed and burnt out.,7,5,3,39
EMP02178,26,Female,Finance,20,Berlin,4,No,9,7.0,Work is okay.,6,1,3,25
EMP02179,41,Male,Sales,2,Remote,3,No,1,9.0,Extremely stressed and burnt out.,8,4,5,42
EMP02180,61,Male,Finance,9,Berlin,4,No,1,3.0,Love the culture here.,5,3,3,29
EMP02181,22,Female,Operations,9,London,3,No,7,4.0,Management is very supportive.,5,2,2,24
EMP02182,51,F,IT,16,New York,4,Yes,3,9.0,I need a long break.,6,5,3,37
EMP02183,42,Female,IT,11,Berlin,3,Yes,2,6.0,Standard corporate environment.,4,4,2,28
EMP02184,41,Male,Operations,23,Remote,3,No,8,5.0,Nothing special to report.,6,1,3,25
EMP02185,27,Male,Sales,6,Remote,3,Yes,5,5.0,Average experience.,9,1,2,29
EMP02186,43,M,IT,12,London,4,No,2,7.0,Standard corporate environment.,4,3,2,25
EMP02187,39,Male,Marketing,3,Berlin,4,No,1,9.0,Terrible work-life balance.,6,2,4,30
EMP02188,29,Female,Marketing,12,Berlin,3,No,4,9.0,I need a long break.,9,1,5,35
EMP02189,60,Male,Marketing,23,Remote,3,No,4,1.0,I feel energized at work.,5,2,5,30
EMP02190,53,Male,HR,1,Berlin,3,No,3,3.0,I feel energized at work.,7,4,3,36
EMP02191,54,Female,HR,9,London,5,No,6,4.0,Great work-life balance.,6,5,2,35
EMP02192,37,Female,Sales,20,New York,4,No,2,1.0,Excellent benefits.,6,3,3,31
EMP02193,33,Male,Operations,22,London,3,Yes,3,9.0,Terrible work-life balance.,7,1,5,31
EMP02194,59,Male,Finance,6,Berlin,3,No,5,2.0,Great work-life balance.,10,5,2,43
EMP02195,55,M,Sales,11,London,3,Yes,0,5.0,Average experience.,9,1,5,35
EMP02196,35,Male,Finance,3,Tokyo,4,Yes,1,3.0,I feel energized at work.,9,3,4,39
EMP02197,57,Female,Sales,4,Tokyo,1,Yes,1,4.0,I feel energized at work.,9,1,2,29
EMP02198,54,female,HR,10,Berlin,4,No,1,4.0,Love the culture here.,5,3,4,31
EMP02199,44,Male,Marketing,19,Berlin,3,No,6,2.0,Love the culture here.,9,5,4,45
EMP02200,23,female,Operations,6,New York,3,No,8,2.0,Excellent benefits.,5,4,3,32
EMP02201,62,Male,HR,1,London,1,No,2,8.0,I am exhausted every day.,6,3,5,35
EMP02202,42,Female,Operations,8,New York,4,No,6,5.0,Average experience.,8,4,4,40
EMP02203,23,Male,Finance,8,Berlin,5,Yes,2,7.0,Nothing special to report.,4,2,4,26
EMP02204,48,female,Sales,6,Berlin,2,No,4,1.0,Great work-life balance.,9,5,5,47
EMP02205,30,Male,IT,17,Remote,3,No,1,6.0,Nothing special to report.,2,3,2,21
EMP02206,22,Male,IT,19,New York,2,No,4,7.0,Work is okay.,4,5,1,29
EMP02207,32,Other,Operations,1,Berlin,4,Yes,9,3.0,Management is very supportive.,4,4,2,28
EMP02208,24,Female,Marketing,15,Tokyo,4,No,3,3.0,I feel energized at work.,10,4,2,40
EMP02209,44,Female,Marketing,13,Remote,3,No,3,9.0,Terrible work-life balance.,4,5,3,33
EMP02210,47,Male,Operations,21,London,2,No,4,2.0,Excellent benefits.,5,5,2,33
EMP02211,25,Female,HR,3,Remote,4,No,5,4.0,Great work-life balance.,5,4,3,32
EMP02212,39,Male,IT,2,London,4,No,3,8.0,I need a long break.,7,5,1,35
EMP02213,27,Male,HR,3,Tokyo,1,Yes,4,7.0,It pays the bills.,10,4,3,42
EMP02214,56,Female,Finance,9,London,4,Yes,1,6.0,Work is okay.,10,2,4,38
EMP02215,43,Male,IT,16,New York,4,Yes,6,6.0,Work is okay.,3,4,1,24
EMP02216,64,female,Finance,24,London,3,Yes,2,8.0,Management expects too much.,6,1,4,27
EMP02217,36,male,Sales,13,London,3,Yes,6,2.0,Management is very supportive.,6,4,3,34
EMP02218,43,Female,HR,19,Remote,3,No,3,3.0,Excellent benefits.,5,2,5,30
EMP02219,58,M,Operations,18,Tokyo,4,No,1,1.0,Management is very supportive.,6,4,3,34
EMP02220,63,Female,IT,21,London,4,Yes,5,10.0,Terrible work-life balance.,2,5,2,27
EMP02221,33,Male,HR,12,New York,5,No,2,2.0,Excellent benefits.,8,2,5,36
EMP02222,63,Female,Operations,12,Remote,2,No,5,5.0,Work is okay.,5,3,4,31
EMP02223,59,Male,Sales,1,Tokyo,4,No,9,2.0,Great work-life balance.,7,4,3,36
EMP02224,39,Male,IT,20,Tokyo,2,No,4,7.0,Nothing special to report.,5,5,3,35
EMP02225,56,M,Finance,8,Berlin,3,Yes,4,3.0,Love the culture here.,6,3,4,33
EMP02226,51,Female,Sales,17,New York,4,No,5,5.0,Work is okay.,4,3,5,31
EMP02227,45,F,Marketing,21,Remote,5,No,4,8.0,I need a long break.,5,3,3,29
EMP02228,63,Male,Operations,20,Remote,2,No,6,2.0,Love the culture here.,5,1,3,23
EMP02229,51,Female,IT,22,New York,5,No,3,10.0,Terrible work-life balance.,4,5,2,31
EMP02230,35,Male,IT,7,Tokyo,3,No,3,10.0,I am exhausted every day.,2,1,2,15
EMP02231,27,Female,Sales,9,London,3,No,5,5.0,Standard corporate environment.,4,5,3,33
EMP02232,24,Female,IT,17,New York,2,Yes,6,9.0,Extremely stressed and burnt out.,4,5,3,33
EMP02233,37,Female,Operations,10,Remote,4,No,4,3.0,Management is very supportive.,5,2,4,28
EMP02234,28,Male,Sales,4,New York,3,No,5,6.0,Nothing special to report.,8,3,2,33
EMP02235,35,Male,Finance,22,Tokyo,3,No,7,9.0,I am exhausted every day.,4,4,5,34
EMP02236,30,Male,Sales,7,Berlin,3,Yes,2,8.0,Extremely stressed and burnt out.,5,2,5,30
EMP02237,36,Female,Sales,7,Berlin,4,No,8,2.0,Management is very supportive.,4,4,4,32
EMP02238,42,male,Finance,8,London,3,Yes,3,1.0,Love the culture here.,5,3,4,31
EMP02239,56,Male,Marketing,24,London,3,No,4,8.0,I need a long break.,9,5,5,47
EMP02240,23,Female,Operations,24,Tokyo,4,No,4,5.0,Work is okay.,7,2,2,28
EMP02241,48,F,Marketing,8,London,4,No,8,2.0,I feel energized at work.,7,1,5,31
EMP02242,23,Female,Marketing,16,Berlin,3,No,6,1.0,Excellent benefits.,10,5,2,43
EMP02243,56,Female,Marketing,12,Tokyo,3,No,3,8.0,I need a long break.,6,1,5,29
EMP02244,39,M,HR,15,Tokyo,4,No,2,8.0,I need a long break.,7,5,2,37
EMP02245,35,Male,Marketing,8,Tokyo,2,No,5,6.0,Average experience.,4,5,4,35
EMP02246,41,Male,HR,22,New York,4,No,4,5.0,Standard corporate environment.,7,3,3,33
EMP02247,39,Male,Finance,9,London,3,No,2,5.0,It pays the bills.,10,2,3,36
EMP02248,31,female,Operations,3,Remote,3,No,6,6.0,It pays the bills.,6,4,5,38
EMP02249,46,male,Marketing,22,Berlin,3,No,2,5.0,Standard corporate environment.,6,3,4,33
EMP02250,23,Female,IT,21,London,5,No,2,7.0,Work is okay.,7,4,1,32
EMP02251,46,Male,Finance,16,Berlin,5,No,2,7.0,Work is okay.,9,5,2,41
EMP02252,54,Female,HR,15,London,5,Yes,7,4.0,Excellent benefits.,4,1,4,23
EMP02253,57,Male,Operations,24,Remote,2,Yes,5,7.0,Nothing special to report.,6,4,2,32
EMP02254,52,Male,Sales,4,Berlin,4,No,3,1.0,I feel energized at work.,5,1,4,25
EMP02255,35,Female,Operations,20,Remote,3,No,4,6.0,It pays the bills.,4,4,4,32
EMP02256,22,female,Operations,16,Berlin,4,No,2,2.0,Management is very supportive.,5,1,4,25
EMP02257,37,male,Marketing,10,New York,3,No,8,3.0,I feel energized at work.,4,3,2,25
EMP02258,24,Female,Marketing,11,New York,4,Yes,2,3.0,Excellent benefits.,6,4,5,38
EMP02259,56,Male,HR,5,Berlin,5,Yes,6,1.0,Love the culture here.,5,3,5,33
EMP02260,62,Male,HR,11,Berlin,3,Yes,2,5.0,Nothing special to report.,5,3,5,33
EMP02261,27,Male,Marketing,13,Remote,3,No,7,8.0,Management expects too much.,7,1,2,25
EMP02262,46,Female,Marketing,15,Tokyo,2,Yes,3,8.0,Terrible work-life balance.,10,4,2,40
EMP02263,34,M,IT,6,Berlin,3,No,4,7.0,Average experience.,3,4,3,28
EMP02264,55,Male,IT,16,London,3,No,3,9.0,I need a long break.,3,2,2,20
EMP02265,29,Female,Finance,15,London,4,No,10,7.0,Work is okay.,7,1,4,29
EMP02266,42,Male,Marketing,11,London,3,Yes,3,7.0,Standard corporate environment.,9,4,4,42
EMP02267,55,Male,Sales,20,New York,4,No,4,8.0,Extremely stressed and burnt out.,10,5,3,45
EMP02268,25,Female,IT,2,Remote,3,No,3,10.0,Management expects too much.,2,2,2,18
EMP02269,46,Male,HR,2,New York,3,No,6,8.0,I need a long break.,10,4,4,44
EMP02270,36,Female,Operations,12,London,3,No,8,5.0,It pays the bills.,5,1,3,23
EMP02271,25,F,Finance,16,Berlin,2,No,1,7.0,Work is okay.,4,5,5,37
EMP02272,33,Female,IT,19,London,4,No,2,9.0,Terrible work-life balance.,4,4,2,28
EMP02273,53,Male,Operations,2,Berlin,2,Yes,2,2.0,Great work-life balance.,10,3,5,43
EMP02274,53,Male,Operations,17,Remote,4,No,4,4.0,Great work-life balance.,4,3,5,31
EMP02275,49,Female,IT,14,Tokyo,2,No,1,8.0,I am exhausted every day.,3,5,3,31
EMP02276,34,Male,Sales,24,Berlin,5,No,7,3.0,Love the culture here.,9,5,2,41
EMP02277,52,Male,Sales,16,New York,4,Yes,2,2.0,Great work-life balance.,4,5,3,33
EMP02278,35,Female,Finance,5,London,3,No,3,1.0,Great work-life balance.,10,5,3,45
EMP02279,41,Female,Sales,10,London,3,Yes,2,4.0,Great work-life balance.,6,1,2,23
EMP02280,39,Female,Finance,17,London,3,No,2,2.0,I feel energized at work.,4,3,3,27
EMP02281,50,Male,HR,13,Berlin,4,Yes,2,3.0,Great work-life balance.,8,4,2,36
EMP02282,27,M,IT,16,Remote,3,No,6,9.0,Management expects too much.,5,4,2,30
EMP02283,53,Male,Operations,9,Berlin,4,No,5,6.0,Nothing special to report.,6,3,5,35
EMP02284,50,Male,Finance,24,New York,1,No,5,3.0,Excellent benefits.,5,4,5,36
EMP02285,64,Female,Sales,4,London,2,No,5,3.0,Management is very supportive.,6,3,5,35
EMP02286,23,Female,Finance,24,Berlin,3,Yes,1,4.0,Great work-life balance.,5,2,5,30
EMP02287,44,male,Marketing,16,London,2,Yes,3,3.0,Excellent benefits.,4,3,5,31
EMP02288,40,Female,Finance,23,New York,4,No,3,6.0,Standard corporate environment.,7,4,2,34
EMP02289,52,male,Sales,11,Tokyo,2,No,4,9.0,Extremely stressed and burnt out.,9,2,3,34
EMP02290,26,male,Marketing,7,Tokyo,4,No,5,8.0,Extremely stressed and burnt out.,7,4,3,36
EMP02291,40,Female,Marketing,17,Tokyo,4,No,5,2.0,Great work-life balance.,4,1,5,25
EMP02292,55,Female,Sales,22,London,3,No,2,3.0,Love the culture here.,7,4,4,38
EMP02293,31,Female,Marketing,13,Berlin,3,No,3,8.0,I am exhausted every day.,4,2,2,22
EMP02294,46,female,IT,4,London,3,No,5,8.0,Terrible work-life balance.,5,3,1,25
EMP02295,23,Female,Operations,14,Remote,4,No,12,5.0,Average experience.,5,4,2,30
EMP02296,32,Male,IT,10,Berlin,3,No,3,9.0,Management expects too much.,4,3,2,25
EMP02297,52,Female,IT,10,New York,1,No,4,8.0,I am exhausted every day.,6,4,2,32
EMP02298,36,Male,Sales,10,Tokyo,3,No,5,9.0,I am exhausted every day.,7,5,2,37
EMP02299,30,Female,Sales,12,Berlin,3,No,2,2.0,Management is very supportive.,5,4,5,36
EMP02300,44,Male,Operations,2,Berlin,5,No,2,9.0,Management expects too much.,9,5,3,43
EMP02301,40,Female,Finance,23,Tokyo,4,No,3,5.0,Nothing special to report.,9,4,3,40
EMP02302,30,F,IT,9,New York,2,No,4,6.0,Work is okay.,6,4,2,32
EMP02303,56,Male,Marketing,5,London,4,No,4,4.0,Excellent benefits.,7,5,2,37
EMP02304,42,Male,Operations,8,London,5,Yes,4,8.0,I am exhausted every day.,6,1,4,27
EMP02305,30,Male,IT,21,Berlin,1,Yes,6,8.0,Terrible work-life balance.,2,3,1,19
EMP02306,49,Female,Finance,14,Tokyo,4,No,4,5.0,Work is okay.,5,2,5,30
EMP02307,28,Male,Marketing,7,Remote,3,No,3,1.0,Excellent benefits.,10,4,4,44
EMP02308,37,Male,IT,7,New York,4,No,3,10.0,Management expects too much.,2,2,3,20
EMP02309,37,Male,HR,9,London,4,Yes,3,6.0,Work is okay.,4,1,4,23
EMP02310,54,Female,Operations,3,New York,5,No,4,9.0,Terrible work-life balance.,4,4,2,28
EMP02311,25,Male,Sales,14,New York,3,Yes,5,1.0,Management is very supportive.,4,5,5,37
EMP02312,25,Female,IT,17,New York,4,No,7,7.0,Work is okay.,6,5,3,37
EMP02313,60,Male,Marketing,18,Tokyo,3,No,7,7.0,Standard corporate environment.,10,4,4,44
EMP02314,61,Female,Marketing,12,Tokyo,3,No,6,6.0,Work is okay.,8,5,4,43
EMP02315,38,Male,Operations,22,Tokyo,5,No,3,3.0,Love the culture here.,10,1,3,33
EMP02316,58,Female,Operations,14,Berlin,4,Yes,4,2.0,Management is very supportive.,9,3,5,41
EMP02317,60,Male,Marketing,13,Tokyo,3,No,6,7.0,It pays the bills.,5,3,3,29
EMP02318,50,Female,Marketing,14,Berlin,4,Yes,4,5.0,Standard corporate environment.,5,1,2,21
EMP02319,57,female,Marketing,9,London,1,Yes,2,6.0,Nothing special to report.,6,5,3,37
EMP02320,59,male,IT,19,London,3,Yes,6,6.0,Standard corporate environment.,5,3,3,29
EMP02321,60,Female,Marketing,2,London,4,No,4,7.0,Standard corporate environment.,6,5,2,35
EMP02322,58,Female,Sales,11,London,3,No,2,4.0,Management is very supportive.,7,5,4,41
EMP02323,56,M,Marketing,17,London,3,No,5,9.0,Extremely stressed and burnt out.,9,2,5,38
EMP02324,28,Female,Sales,2,Tokyo,4,Yes,4,5.0,It pays the bills.,4,3,5,31
EMP02325,48,Male,IT,19,Remote,3,No,4,9.0,Management expects too much.,5,5,2,33
EMP02326,49,M,Operations,7,Tokyo,1,No,2,3.0,Love the culture here.,4,2,4,26
EMP02327,43,Female,Sales,18,Remote,3,Yes,5,3.0,Management is very supportive.,10,1,5,37
EMP02328,35,Male,IT,13,Tokyo,5,No,3,9.0,I need a long break.,7,3,3,33
EMP02329,28,Male,Marketing,5,London,4,No,5,1.0,Love the culture here.,4,1,2,19
EMP02330,58,Male,IT,18,New York,3,No,4,10.0,Extremely stressed and burnt out.,6,1,2,23
EMP02331,43,Female,Marketing,23,Remote,1,No,6,5.0,Average experience.,8,4,5,42
EMP02332,26,Male,IT,24,New York,4,No,5,8.0,Terrible work-life balance.,2,3,3,23
EMP02333,23,Male,Operations,24,London,4,No,2,9.0,Terrible work-life balance.,6,1,3,25
EMP02334,48,Male,Sales,16,Remote,3,No,4,4.0,Excellent benefits.,4,1,3,21
EMP02335,42,Female,Operations,15,New York,3,Yes,3,3.0,Love the culture here.,6,1,5,29
EMP02336,59,Female,HR,8,Tokyo,5,No,7,6.0,Work is okay.,5,5,3,35
EMP02337,36,Male,Marketing,15,London,3,No,5,5.0,Work is okay.,8,3,3,35
EMP02338,42,Male,Sales,1,Tokyo,3,No,4,4.0,Management is very supportive.,9,3,3,37
EMP02339,31,Male,Operations,17,Tokyo,4,No,4,1.0,Management is very supportive.,6,3,2,29
EMP02340,44,male,Sales,15,London,2,No,4,3.0,Excellent benefits.,4,3,2,25
EMP02341,60,Female,HR,14,Remote,2,Yes,6,4.0,I feel energized at work.,8,3,4,37
EMP02342,26,Female,Finance,14,Berlin,5,No,4,8.0,I am exhausted every day.,8,1,3,29
EMP02343,22,Male,Marketing,10,Berlin,3,No,3,5.0,Work is okay.,10,2,3,36
EMP02344,34,Female,Marketing,2,London,3,No,2,8.0,I need a long break.,6,4,2,32
EMP02345,42,Female,IT,6,Berlin,3,No,4,6.0,Nothing special to report.,2,3,1,19
EMP02346,47,Male,Marketing,17,New York,4,Yes,6,1.0,Excellent benefits.,10,5,2,43
EMP02347,42,Male,Marketing,5,Remote,4,No,6,1.0,Great work-life balance.,6,2,5,32
EMP02348,39,Male,Operations,5,Tokyo,1,No,3,3.0,I feel energized at work.,4,5,2,31
EMP02349,58,M,Marketing,15,Tokyo,4,No,6,4.0,I feel energized at work.,10,1,3,33
EMP02350,53,F,Marketing,15,London,3,No,2,2.0,I feel energized at work.,8,4,5,42
EMP02351,57,Female,HR,20,Tokyo,3,No,3,7.0,It pays the bills.,6,1,2,23
EMP02352,38,Female,HR,11,New York,4,Yes,1,9.0,Terrible work-life balance.,4,1,3,21
EMP02353,56,Male,Sales,5,New York,2,Yes,8,6.0,Standard corporate environment.,7,3,4,35
EMP02354,32,Female,Sales,1,London,5,No,3,4.0,Love the culture here.,9,5,2,41
EMP02355,42,Female,Marketing,11,Tokyo,4,No,2,6.0,Nothing special to report.,6,3,3,31
EMP02356,47,Male,Marketing,11,Berlin,3,No,4,1.0,Excellent benefits.,6,1,2,23
EMP02357,25,F,IT,6,Berlin,4,No,2,9.0,I am exhausted every day.,2,4,2,24
EMP02358,55,Male,Sales,23,Remote,3,Yes,4,3.0,Great work-life balance.,7,2,5,34
EMP02359,39,Male,Operations,8,London,4,No,4,6.0,Nothing special to report.,7,1,4,29
EMP02360,61,Female,Marketing,2,Remote,1,No,3,9.0,Extremely stressed and burnt out.,4,1,5,25
EMP02361,56,Female,Operations,15,Berlin,3,No,3,8.0,Extremely stressed and burnt out.,5,1,2,21
EMP02362,62,Female,Marketing,23,Berlin,4,Yes,4,8.0,Extremely stressed and burnt out.,9,5,3,43
EMP02363,50,Male,Operations,22,Berlin,4,No,3,9.0,I am exhausted every day.,5,2,3,26
EMP02364,50,M,Finance,9,Remote,3,Yes,5,6.0,Standard corporate environment.,10,4,3,42
EMP02365,59,Female,Operations,15,London,3,No,3,8.0,Terrible work-life balance.,7,1,4,29
EMP02366,63,Female,Sales,8,New York,3,No,3,7.0,Work is okay.,7,2,5,34
EMP02367,42,Other,Marketing,16,New York,3,No,3,1.0,Great work-life balance.,10,1,4,35
EMP02368,63,Female,Sales,14,Berlin,3,No,4,6.0,Average experience.,8,2,3,32
EMP02369,34,Male,Operations,15,London,4,No,3,4.0,Great work-life balance.,9,2,2,32
EMP02370,62,Female,HR,20,London,3,No,2,3.0,Love the culture here.,5,5,2,33
EMP02371,38,Male,HR,13,Tokyo,5,Yes,4,3.0,Love the culture here.,5,5,5,39
EMP02372,30,Male,HR,9,Tokyo,3,No,1,8.0,Terrible work-life balance.,6,2,4,30
EMP02373,62,Female,Marketing,1,Remote,4,Yes,2,1.0,Excellent benefits.,6,3,3,31
EMP02374,22,Other,IT,6,Tokyo,3,No,3,8.0,I need a long break.,4,1,2,19
EMP02375,23,Male,Finance,8,Remote,4,No,5,4.0,Love the culture here.,9,5,5,47
EMP02376,50,Female,Operations,20,New York,2,No,1,5.0,Average experience.,5,2,4,28
EMP02377,54,Male,IT,18,Berlin,4,Yes,5,7.0,It pays the bills.,4,3,2,25
EMP02378,31,Female,HR,18,London,3,No,4,7.0,Standard corporate environment.,9,2,2,32
EMP02379,61,Female,Operations,17,New York,3,No,1,1.0,Great work-life balance.,9,4,4,42
EMP02380,42,Female,IT,21,New York,2,No,3,9.0,Terrible work-life balance.,5,2,1,22
EMP02381,49,Male,Sales,16,Remote,1,No,1,3.0,Great work-life balance.,10,4,4,44
EMP02382,32,Female,HR,13,Berlin,4,No,3,7.0,Average experience.,7,5,4,41
EMP02383,55,Other,IT,22,Remote,3,Yes,5,6.0,It pays the bills.,3,5,3,31
EMP02384,29,Female,Marketing,4,New York,4,No,4,5.0,Work is okay.,9,2,3,34
EMP02385,43,Female,Sales,4,London,3,No,3,6.0,Standard corporate environment.,10,5,5,49
EMP02386,29,male,HR,21,Tokyo,3,No,5,7.0,Standard corporate environment.,7,2,4,32
EMP02387,36,Male,Finance,14,Remote,4,No,4,6.0,Average experience.,4,2,5,28
EMP02388,38,Female,HR,5,New York,4,No,5,6.0,Nothing special to report.,5,4,2,30
EMP02389,44,F,Marketing,16,Tokyo,3,Yes,5,3.0,Excellent benefits.,7,1,2,25
EMP02390,45,Male,Finance,14,Tokyo,4,No,2,3.0,Great work-life balance.,9,2,2,32
EMP02391,40,Female,Finance,14,New York,4,No,5,5.0,Nothing special to report.,7,1,3,27
EMP02392,26,Male,Finance,14,Berlin,4,No,8,7.0,Work is okay.,5,3,2,27
EMP02393,53,Female,Operations,24,New York,1,No,6,6.0,Nothing special to report.,4,5,3,33
EMP02394,22,Female,Operations,14,London,4,No,4,2.0,Excellent benefits.,6,3,4,33
EMP02395,44,Male,Finance,19,Tokyo,3,No,10,3.0,Management is very supportive.,7,3,3,33
EMP02396,58,Female,Sales,3,London,4,No,3,5.0,Average experience.,6,2,5,32
EMP02397,29,Male,Finance,17,Remote,3,Yes,1,7.0,It pays the bills.,7,3,5,37
EMP02398,34,Male,IT,14,Tokyo,4,No,7,10.0,I am exhausted every day.,2,2,2,18
EMP02399,29,Male,Finance,10,Berlin,4,No,8,6.0,Average experience.,6,5,5,41
EMP02400,44,F,Operations,13,New York,3,No,9,3.0,Great work-life balance.,7,5,4,41
EMP02401,64,Male,Operations,22,Remote,3,No,3,7.0,Average experience.,5,3,5,33
EMP02402,22,F,IT,4,London,4,No,4,10.0,Extremely stressed and burnt out.,2,2,2,18
EMP02403,45,Female,IT,11,Remote,3,Yes,3,7.0,Work is okay.,4,4,2,28
EMP02404,56,Male,HR,15,Berlin,1,No,6,4.0,Management is very supportive.,7,4,2,34
EMP02405,45,Female,Sales,15,New York,1,No,4,6.0,Standard corporate environment.,9,1,2,29
EMP02406,38,Female,Sales,24,Remote,4,Yes,4,2.0,Excellent benefits.,5,1,4,25
EMP02407,26,Female,Sales,2,London,4,No,2,7.0,Standard corporate environment.,10,1,3,33
EMP02408,41,Male,Marketing,11,Remote,4,No,3,2.0,Great work-life balance.,6,3,2,29
EMP02409,42,Male,Operations,2,New York,3,Yes,6,7.0,Average experience.,7,2,3,30
EMP02410,61,Male,Sales,23,Remote,3,Yes,1,8.0,I need a long break.,7,1,5,31
EMP02411,52,Male,HR,5,London,3,No,5,2.0,Excellent benefits.,6,2,4,30
EMP02412,57,Male,HR,13,New York,5,No,6,8.0,Terrible work-life balance.,6,3,5,35
EMP02413,32,Male,Sales,1,Berlin,3,Yes,5,7.0,Work is okay.,9,2,2,32
EMP02414,36,Male,IT,7,Berlin,3,No,4,8.0,Extremely stressed and burnt out.,2,2,2,18
EMP02415,40,Male,HR,7,Tokyo,4,No,2,7.0,Average experience.,5,3,3,29
EMP02416,28,Male,IT,10,Remote,4,No,3,6.0,Average experience.,5,4,2,30
EMP02417,49,Male,Operations,6,London,2,No,4,2.0,Management is very supportive.,10,2,5,40
EMP02418,64,Other,Marketing,20,Remote,3,No,5,5.0,Work is okay.,8,2,5,36
EMP02419,26,Male,HR,12,New York,3,No,3,9.0,I need a long break.,5,5,2,33
EMP02420,26,Female,IT,13,Tokyo,4,No,3,6.0,It pays the bills.,7,5,3,39
EMP02421,51,Male,Sales,24,London,2,No,4,5.0,Standard corporate environment.,5,1,2,21
EMP02422,53,male,Operations,11,Remote,4,No,4,6.0,Standard corporate environment.,9,1,2,29
EMP02423,29,Male,Finance,18,London,3,No,7,3.0,Management is very supportive.,6,3,3,31
EMP02424,31,female,Finance,2,New York,4,No,7,5.0,Work is okay.,9,3,2,35
EMP02425,59,Female,Sales,16,Tokyo,3,Yes,6,2.0,I feel energized at work.,8,5,2,39
EMP02426,53,Male,Operations,2,London,2,No,5,8.0,Management expects too much.,4,5,5,37
EMP02427,49,F,Operations,19,New York,4,No,3,5.0,It pays the bills.,7,1,4,29
EMP02428,38,Female,Operations,6,Berlin,4,No,6,5.0,Nothing special to report.,5,5,5,39
EMP02429,52,Male,Operations,1,London,4,No,3,1.0,Management is very supportive.,7,2,3,30
EMP02430,29,Female,Finance,11,Tokyo,4,No,2,5.0,Work is okay.,5,2,4,28
EMP02431,61,male,IT,18,London,2,No,4,6.0,Work is okay.,2,5,2,27
EMP02432,46,Female,Operations,10,London,3,Yes,3,9.0,I need a long break.,5,3,5,33
EMP02433,30,Male,IT,18,New York,3,Yes,4,7.0,It pays the bills.,2,1,3,17
EMP02434,23,Female,Operations,1,Remote,5,Yes,5,6.0,Standard corporate environment.,6,2,3,28
EMP02435,36,Female,HR,19,Remote,3,Yes,5,9.0,Extremely stressed and burnt out.,10,3,3,39
EMP02436,24,F,Marketing,16,London,2,No,3,3.0,I feel energized at work.,8,5,2,39
EMP02437,57,Female,HR,7,Tokyo,3,No,7,6.0,Standard corporate environment.,5,1,2,21
EMP02438,25,Male,Marketing,15,Tokyo,4,No,7,5.0,Standard corporate environment.,9,1,5,35
EMP02439,35,male,HR,1,New York,4,No,7,7.0,Nothing special to report.,4,3,2,25
EMP02440,62,Male,Operations,23,London,5,No,9,2.0,Management is very supportive.,10,3,2,37
EMP02441,62,Male,IT,21,London,3,No,3,10.0,Terrible work-life balance.,3,3,2,23
EMP02442,46,Female,Marketing,9,Remote,4,No,4,5.0,Work is okay.,10,5,5,49
EMP02443,31,Female,Finance,2,New York,3,No,1,1.0,Love the culture here.,9,5,4,45
EMP02444,42,Male,Sales,17,Berlin,2,Yes,2,7.0,Standard corporate environment.,10,3,2,37
EMP02445,57,Female,Marketing,24,Tokyo,1,No,4,4.0,Love the culture here.,4,5,5,37
EMP02446,33,Male,Marketing,10,Tokyo,3,No,0,4.0,Great work-life balance.,6,1,3,25
EMP02447,48,Female,Finance,6,London,4,No,4,7.0,Average experience.,10,4,2,40
EMP02448,61,M,Operations,5,New York,5,No,5,1.0,Love the culture here.,10,5,3,45
EMP02449,23,Male,HR,8,Berlin,2,No,4,6.0,Nothing special to report.,10,1,5,37
EMP02450,34,Male,HR,8,Tokyo,5,Yes,6,1.0,Excellent benefits.,7,4,2,34
EMP02451,53,Male,IT,5,New York,3,No,5,10.0,I need a long break.,4,4,2,28
EMP02452,52,female,Operations,12,Berlin,3,Yes,5,6.0,Standard corporate environment.,5,3,2,27
EMP02453,37,Male,Finance,7,London,3,No,6,2.0,Management is very supportive.,4,3,2,25
EMP02454,53,Male,Operations,13,Remote,3,No,4,5.0,Average experience.,8,1,5,33
EMP02455,53,Female,Operations,13,Tokyo,3,Yes,7,8.0,Management expects too much.,6,3,2,29
EMP02456,55,Female,HR,17,Tokyo,4,No,8,7.0,Standard corporate environment.,9,4,2,38
EMP02457,32,Male,Finance,4,Berlin,4,No,6,2.0,Excellent benefits.,10,1,4,35
EMP02458,31,Female,Sales,18,Remote,4,No,3,2.0,I feel energized at work.,6,1,5,29
EMP02459,36,Male,Marketing,10,New York,3,Yes,7,5.0,Nothing special to report.,6,1,5,29
EMP02460,38,female,HR,3,London,4,No,2,4.0,Excellent benefits.,9,3,5,41
EMP02461,61,Male,Finance,12,New York,4,Yes,4,4.0,I feel energized at work.,8,3,2,33
EMP02462,39,Male,IT,1,Berlin,5,No,6,6.0,Nothing special to report.,2,3,3,23
EMP02463,30,Female,Marketing,11,Tokyo,3,No,2,1.0,Love the culture here.,7,5,2,37
EMP02464,46,Male,Marketing,18,Tokyo,5,Yes,5,9.0,Extremely stressed and burnt out.,4,5,2,31
EMP02465,61,Female,HR,13,New York,4,No,7,3.0,Management is very supportive.,6,5,4,39
EMP02466,35,Male,IT,17,London,4,Yes,2,10.0,Extremely stressed and burnt out.,3,1,1,15
EMP02467,46,Male,HR,8,Berlin,1,No,3,3.0,Management is very supportive.,7,3,5,37
EMP02468,43,Female,Operations,20,London,3,Yes,5,9.0,I need a long break.,5,5,2,33
EMP02469,51,Female,Finance,19,Berlin,3,No,3,9.0,Extremely stressed and burnt out.,7,1,2,25
EMP02470,41,Female,IT,17,London,1,Yes,5,8.0,Management expects too much.,4,4,2,28
EMP02471,42,Male,Marketing,2,New York,3,No,1,3.0,Love the culture here.,4,5,4,35
EMP02472,53,Male,HR,3,Remote,5,No,5,3.0,Love the culture here.,4,1,4,23
EMP02473,42,Male,Marketing,3,Berlin,3,No,1,6.0,Average experience.,4,2,5,28
EMP02474,56,Male,IT,6,New York,2,No,1,9.0,Management expects too much.,4,5,2,31
EMP02475,53,Female,Marketing,10,Tokyo,3,No,2,2.0,Excellent benefits.,4,4,2,28
EMP02476,51,F,HR,24,Tokyo,1,No,2,9.0,I need a long break.,7,1,5,31
EMP02477,60,Male,HR,22,London,3,No,3,2.0,Love the culture here.,10,5,3,45
EMP02478,33,Male,Sales,18,Tokyo,3,No,3,8.0,I am exhausted every day.,9,5,3,43
EMP02479,62,Male,Marketing,18,Remote,3,No,6,4.0,Great work-life balance.,5,2,2,24
EMP02480,39,Male,Sales,14,Berlin,4,No,5,4.0,Great work-life balance.,7,1,3,27
EMP02481,42,Male,Sales,16,London,2,No,1,5.0,It pays the bills.,5,1,5,27
EMP02482,34,male,Marketing,7,Berlin,4,No,4,1.0,I feel energized at work.,10,1,4,35
EMP02483,42,Female,IT,1,Berlin,5,Yes,2,9.0,Terrible work-life balance.,6,3,2,29
EMP02484,29,Other,Operations,17,New York,1,No,1,6.0,Work is okay.,5,2,5,30
EMP02485,61,F,HR,23,Tokyo,4,No,5,2.0,Love the culture here.,4,1,2,19
EMP02486,28,Female,Finance,5,Berlin,3,No,2,3.0,Great work-life balance.,9,2,4,36
EMP02487,44,Female,Sales,1,Remote,3,No,3,4.0,Management is very supportive.,10,3,2,37
EMP02488,53,Male,IT,21,Remote,3,No,2,8.0,Terrible work-life balance.,5,1,2,21
EMP02489,32,Female,Marketing,17,Tokyo,3,Yes,7,9.0,Terrible work-life balance.,8,2,3,32
EMP02490,43,male,IT,10,Tokyo,5,No,4,8.0,Extremely stressed and burnt out.,4,2,3,24
EMP02491,43,Male,IT,12,London,3,No,2,10.0,I am exhausted every day.,7,3,1,29
EMP02492,64,F,Marketing,20,London,2,No,5,5.0,Average experience.,5,2,5,30
EMP02493,46,Male,Finance,2,London,3,No,5,2.0,Great work-life balance.,10,3,5,43
EMP02494,43,F,Marketing,23,Tokyo,3,Yes,4,9.0,I need a long break.,5,5,4,37
EMP02495,49,female,Finance,16,Berlin,5,Yes,5,2.0,Excellent benefits.,8,2,4,34
EMP02496,50,Female,Marketing,15,New York,3,No,3,5.0,Average experience.,9,3,5,41
EMP02497,34,Female,Sales,13,London,3,No,7,7.0,Nothing special to report.,10,4,3,42
EMP02498,39,Female,Finance,18,New York,3,No,4,3.0,Excellent benefits.,5,1,4,25
EMP02499,23,M,Sales,20,Remote,3,No,4,8.0,I need a long break.,9,1,5,35
EMP02500,50,female,Finance,22,Tokyo,1,No,6,5.0,Standard corporate environment.,9,1,5,35
EMP02501,42,Female,Finance,14,Remote,3,No,0,3.0,Management is very supportive.,4,3,2,25
EMP02502,36,Female,Marketing,18,London,2,No,5,3.0,Excellent benefits.,8,3,3,35
EMP02503,48,Female,Finance,2,Berlin,4,No,2,3.0,Excellent benefits.,6,1,4,27
EMP02504,52,M,Sales,2,London,3,No,3,3.0,I feel energized at work.,8,3,3,35
EMP02505,36,Female,Marketing,3,New York,4,No,5,4.0,Great work-life balance.,4,2,2,22
EMP02506,44,M,HR,5,London,5,Yes,3,1.0,I feel energized at work.,7,2,3,30
EMP02507,45,Female,Sales,16,Berlin,5,No,5,3.0,I feel energized at work.,8,2,5,36
EMP02508,34,Male,HR,22,Berlin,2,No,4,5.0,Nothing special to report.,9,5,2,41
EMP02509,43,Male,IT,15,Tokyo,5,No,3,10.0,I am exhausted every day.,2,1,3,17
EMP02510,64,Female,Marketing,12,Tokyo,4,Yes,4,8.0,I need a long break.,8,4,5,42
EMP02511,58,Male,IT,9,Berlin,4,Yes,2,6.0,Average experience.,2,1,2,15
EMP02512,54,Male,Marketing,14,Berlin,2,No,3,9.0,I am exhausted every day.,4,2,3,24
EMP02513,24,Female,Marketing,21,New York,2,No,8,6.0,Nothing special to report.,6,1,3,25
EMP02514,40,Male,Sales,16,London,5,No,1,7.0,Nothing special to report.,5,5,4,37
EMP02515,44,Male,HR,11,Tokyo,3,No,3,4.0,Excellent benefits.,8,2,3,32
EMP02516,50,Female,Marketing,6,New York,2,No,6,3.0,I feel energized at work.,7,5,2,37
EMP02517,51,female,HR,10,London,3,No,2,5.0,Standard corporate environment.,5,5,4,37
EMP02518,60,Female,Marketing,8,Tokyo,5,No,6,2.0,Excellent benefits.,10,5,3,45
EMP02519,46,Other,HR,16,New York,3,No,5,8.0,Management expects too much.,7,2,5,34
EMP02520,58,Female,IT,3,Remote,5,No,4,10.0,Terrible work-life balance.,3,5,2,29
EMP02521,29,Male,Sales,2,Remote,3,Yes,7,6.0,Standard corporate environment.,5,5,3,35
EMP02522,63,Female,Marketing,16,Tokyo,3,No,2,5.0,Standard corporate environment.,9,4,4,42
EMP02523,37,Female,Operations,19,New York,3,No,2,1.0,Management is very supportive.,10,1,5,37
EMP02524,29,Male,HR,9,London,4,Yes,4,8.0,I am exhausted every day.,6,4,5,38
EMP02525,22,Male,HR,16,London,3,No,4,2.0,Management is very supportive.,5,1,4,25
EMP02526,26,Female,Operations,22,New York,3,No,10,1.0,I feel energized at work.,7,2,4,32
EMP02527,24,Male,Sales,4,Remote,3,No,3,9.0,Extremely stressed and burnt out.,10,4,4,44
EMP02528,22,Female,HR,10,New York,3,No,7,8.0,Terrible work-life balance.,10,3,3,39
EMP02529,25,Male,Sales,19,Remote,4,Yes,2,9.0,I am exhausted every day.,9,2,5,38
EMP02530,61,Female,HR,13,Remote,3,No,2,5.0,Standard corporate environment.,6,2,4,30
EMP02531,56,Female,Finance,18,London,2,No,4,3.0,Excellent benefits.,9,1,5,35
EMP02532,53,Male,HR,15,Tokyo,2,No,3,8.0,Extremely stressed and burnt out.,9,1,4,33
EMP02533,63,Male,Finance,4,Berlin,3,No,3,4.0,I feel energized at work.,8,5,5,45
EMP02534,55,Female,Marketing,9,New York,5,Yes,4,1.0,Great work-life balance.,6,3,2,29
EMP02535,64,M,Sales,4,Remote,3,No,6,9.0,Extremely stressed and burnt out.,10,2,5,40
EMP02536,46,F,HR,16,New York,2,No,3,4.0,Excellent benefits.,7,2,5,34
EMP02537,31,Female,IT,21,Tokyo,3,No,5,8.0,Standard corporate environment.,2,4,2,24
EMP02538,42,Female,IT,15,Tokyo,4,No,2,7.0,Average experience.,7,1,2,25
EMP02539,60,Male,Operations,24,Berlin,3,No,3,3.0,Great work-life balance.,5,4,3,32
EMP02540,48,Male,IT,2,Berlin,3,No,3,6.0,Nothing special to report.,4,1,3,21
EMP02541,48,Male,Finance,14,Remote,4,No,4,6.0,Standard corporate environment.,10,1,5,37
EMP02542,23,Female,IT,3,Berlin,4,No,5,9.0,Extremely stressed and burnt out.,4,4,2,28
EMP02543,62,Male,IT,22,Remote,2,Yes,5,9.0,I am exhausted every day.,3,4,3,28
EMP02544,34,Male,IT,23,London,2,Yes,3,8.0,Work is okay.,4,4,3,30
EMP02545,30,Female,HR,4,Remote,3,No,4,1.0,Management is very supportive.,10,1,2,31
EMP02546,57,Female,Operations,1,Berlin,4,Yes,5,2.0,Great work-life balance.,10,3,3,39
EMP02547,43,Male,Sales,23,New York,5,No,3,7.0,Work is okay.,10,4,3,42
EMP02548,63,Male,Operations,9,Berlin,3,No,3,3.0,Love the culture here.,7,1,3,27
EMP02549,47,Female,Finance,17,Tokyo,4,No,4,2.0,Management is very supportive.,6,4,4,36
EMP02550,33,Female,HR,14,Berlin,2,Yes,4,6.0,Average experience.,5,3,2,27
EMP02551,38,Female,Marketing,17,London,4,No,2,4.0,Excellent benefits.,6,3,3,31
EMP02552,35,Male,HR,1,Remote,4,No,3,1.0,Management is very supportive.,8,5,2,39
EMP02553,35,Female,IT,10,Tokyo,4,No,1,6.0,Nothing special to report.,3,5,1,27
EMP02554,55,F,IT,23,Remote,2,No,5,6.0,It pays the bills.,2,3,2,21
EMP02555,41,Male,Finance,16,Remote,1,No,4,5.0,Work is okay.,5,4,5,36
EMP02556,32,female,Marketing,19,Berlin,4,No,7,8.0,Extremely stressed and burnt out.,8,5,2,39
EMP02557,37,Male,HR,24,New York,2,Yes,4,6.0,Standard corporate environment.,9,1,2,29
EMP02558,52,Male,Marketing,3,Tokyo,2,No,1,7.0,Standard corporate environment.,5,3,2,27
EMP02559,27,Female,Sales,12,London,2,No,6,6.0,It pays the bills.,9,4,3,40
EMP02560,40,Male,Operations,3,London,2,No,1,7.0,Nothing special to report.,6,1,4,27
EMP02561,58,Male,HR,15,New York,4,No,9,3.0,Excellent benefits.,9,3,3,37
EMP02562,25,Female,Marketing,17,New York,3,Yes,4,3.0,Great work-life balance.,4,3,2,25
EMP02563,25,Female,Sales,18,Berlin,3,No,7,3.0,Management is very supportive.,10,4,2,40
EMP02564,41,male,Sales,7,London,3,No,3,5.0,Average experience.,5,4,5,36
EMP02565,31,Female,Operations,19,Tokyo,4,No,5,1.0,Great work-life balance.,9,2,3,34
EMP02566,45,Male,Sales,7,New York,5,No,2,9.0,Management expects too much.,8,4,2,36
EMP02567,56,Female,Finance,5,New York,3,No,4,9.0,Terrible work-life balance.,9,1,2,29
EMP02568,47,Female,Sales,8,New York,3,No,2,4.0,Management is very supportive.,9,5,3,43
EMP02569,58,M,Marketing,21,Tokyo,3,No,4,5.0,Average experience.,5,4,3,32
EMP02570,59,M,Finance,16,London,3,No,6,7.0,Average experience.,6,4,2,32
EMP02571,42,F,Sales,16,Tokyo,4,No,5,7.0,Work is okay.,9,5,3,43
EMP02572,61,Female,IT,19,Tokyo,3,No,3,8.0,Extremely stressed and burnt out.,3,5,1,27
EMP02573,60,Female,Sales,15,Berlin,3,No,4,2.0,Excellent benefits.,10,3,5,43
EMP02574,42,Male,Finance,7,New York,3,Yes,7,1.0,I feel energized at work.,6,3,3,31
EMP02575,31,Other,Sales,5,London,5,Yes,4,3.0,Love the culture here.,10,5,2,43
EMP02576,59,Male,Sales,23,Berlin,4,No,4,8.0,Management expects too much.,9,5,2,41
EMP02577,25,Male,Sales,11,Berlin,4,No,2,8.0,I need a long break.,10,5,5,49
EMP02578,41,Male,Finance,10,Remote,3,No,4,7.0,Work is okay.,9,1,3,31
EMP02579,38,Female,Sales,21,New York,3,Yes,9,2.0,Great work-life balance.,9,2,2,32
EMP02580,28,Female,Operations,23,London,4,No,6,3.0,Excellent benefits.,8,1,4,31
EMP02581,25,Female,Marketing,9,London,2,No,7,7.0,Standard corporate environment.,4,2,4,26
EMP02582,50,female,Operations,1,London,4,No,3,8.0,Management expects too much.,9,3,2,35
EMP02583,35,male,Finance,20,New York,3,No,3,9.0,Terrible work-life balance.,4,5,2,31
EMP02584,24,Male,IT,1,London,3,No,5,7.0,Average experience.,6,1,3,25
EMP02585,45,Male,Operations,8,Tokyo,3,No,6,3.0,Excellent benefits.,5,5,5,39
EMP02586,58,M,Marketing,3,Tokyo,4,No,5,9.0,I need a long break.,9,5,3,43
EMP02587,37,male,HR,2,New York,2,No,2,5.0,Standard corporate environment.,10,5,5,49
EMP02588,25,Female,Marketing,4,London,4,No,3,5.0,Average experience.,6,1,4,27
EMP02589,45,Female,Operations,19,Remote,4,No,7,9.0,I am exhausted every day.,10,5,4,47
EMP02590,55,Male,HR,11,Remote,5,No,3,2.0,I feel energized at work.,5,3,5,33
EMP02591,51,M,Finance,5,Remote,3,No,1,4.0,Love the culture here.,6,2,5,32
EMP02592,39,Female,Marketing,24,Tokyo,3,Yes,3,6.0,Nothing special to report.,5,4,5,36
EMP02593,40,Female,IT,10,Remote,5,No,4,8.0,Terrible work-life balance.,7,3,3,33
EMP02594,52,Male,HR,24,London,3,Yes,8,6.0,Standard corporate environment.,10,2,3,36
EMP02595,40,male,HR,23,London,3,No,4,5.0,Nothing special to report.,7,4,3,36
EMP02596,40,Female,Marketing,8,Remote,3,Yes,6,7.0,Standard corporate environment.,8,5,5,45
EMP02597,43,Male,Operations,13,Berlin,1,No,2,5.0,Average experience.,8,3,3,35
EMP02598,45,Female,HR,5,Remote,3,No,7,6.0,It pays the bills.,9,4,3,40
EMP02599,33,Female,Finance,12,Berlin,4,No,2,1.0,Excellent benefits.,4,4,4,32
EMP02600,51,Female,Marketing,13,New York,4,No,7,8.0,I need a long break.,8,4,2,36
EMP02601,59,Female,Finance,22,New York,1,No,6,5.0,Standard corporate environment.,4,5,3,33
EMP02602,52,Female,Marketing,8,London,4,No,6,5.0,Nothing special to report.,8,2,4,34
EMP02603,57,female,Finance,15,Tokyo,3,No,2,6.0,Work is okay.,4,2,4,26
EMP02604,40,Male,Operations,13,London,3,No,5,6.0,Nothing special to report.,7,3,4,35
EMP02605,57,Male,Marketing,1,London,5,No,4,8.0,Management expects too much.,5,5,5,39
EMP02606,51,Male,IT,22,Tokyo,3,No,6,9.0,I am exhausted every day.,7,2,3,30
EMP02607,54,Female,Operations,6,London,4,No,4,4.0,Management is very supportive.,10,3,3,39
EMP02608,39,Female,Finance,11,Tokyo,3,No,2,3.0,I feel energized at work.,6,2,3,28
EMP02609,49,F,Marketing,13,London,4,No,2,9.0,Extremely stressed and burnt out.,5,1,5,27
EMP02610,32,Female,Operations,21,New York,3,No,7,8.0,Management expects too much.,6,5,5,41
EMP02611,54,Female,Finance,20,Berlin,3,No,2,5.0,Work is okay.,9,1,2,29
EMP02612,38,Other,Sales,1,London,3,No,9,8.0,Terrible work-life balance.,8,2,2,30
EMP02613,27,Male,Sales,11,Berlin,3,No,4,6.0,Nothing special to report.,8,2,4,34
EMP02614,25,M,HR,11,Remote,3,No,1,5.0,Work is okay.,5,1,2,21
EMP02615,41,Female,IT,8,London,4,No,8,10.0,Management expects too much.,4,5,2,31
EMP02616,48,Female,Sales,22,New York,3,Yes,7,9.0,Terrible work-life balance.,4,3,2,25
EMP02617,36,Female,Finance,3,Tokyo,4,Yes,3,9.0,I am exhausted every day.,6,4,4,36
EMP02618,27,Female,Operations,19,New York,3,No,2,8.0,Extremely stressed and burnt out.,4,1,3,21
EMP02619,35,Male,Marketing,12,Berlin,3,Yes,5,3.0,Excellent benefits.,6,5,4,39
EMP02620,32,Female,Operations,6,Tokyo,5,No,3,9.0,I need a long break.,7,5,3,39
EMP02621,60,Female,HR,23,New York,5,Yes,2,6.0,Standard corporate environment.,9,4,4,42
EMP02622,30,M,Operations,8,New York,3,No,1,9.0,I am exhausted every day.,7,3,4,35
EMP02623,47,Female,Sales,5,New York,4,Yes,3,1.0,Management is very supportive.,4,3,4,29
EMP02624,37,male,Operations,10,Tokyo,3,Yes,8,1.0,I feel energized at work.,10,2,4,38
EMP02625,26,Female,Sales,22,New York,2,Yes,4,6.0,Standard corporate environment.,8,2,5,36
EMP02626,31,Female,Sales,16,New York,3,No,3,4.0,Management is very supportive.,7,1,3,27
EMP02627,24,Female,IT,12,Berlin,5,No,3,10.0,I am exhausted every day.,3,3,2,23
EMP02628,34,Female,HR,17,New York,5,No,1,5.0,Average experience.,6,1,3,25
EMP02629,64,female,Finance,6,New York,2,No,3,3.0,Great work-life balance.,8,2,4,34
EMP02630,51,Female,Sales,9,Remote,4,No,2,9.0,I need a long break.,4,1,2,19
EMP02631,27,Female,Marketing,10,Tokyo,4,No,8,1.0,Excellent benefits.,6,4,3,34
EMP02632,38,Male,HR,20,Remote,3,No,3,6.0,Nothing special to report.,7,1,5,31
EMP02633,40,Female,Finance,14,Berlin,4,No,5,2.0,Excellent benefits.,4,2,3,24
EMP02634,63,Male,Marketing,14,Remote,3,Yes,6,2.0,Management is very supportive.,10,2,2,34
EMP02635,56,Female,Operations,17,London,3,No,2,9.0,I am exhausted every day.,6,4,4,36
EMP02636,47,Male,HR,16,Tokyo,4,No,7,2.0,Management is very supportive.,8,4,2,36
EMP02637,26,Male,Marketing,4,New York,3,Yes,7,9.0,I need a long break.,9,3,2,35
EMP02638,50,Male,HR,2,Remote,3,No,4,5.0,Standard corporate environment.,6,4,3,34
EMP02639,58,Male,HR,16,Remote,2,No,3,7.0,Nothing special to report.,10,4,3,42
EMP02640,41,Male,Operations,1,New York,4,No,5,8.0,Extremely stressed and burnt out.,6,3,3,31
EMP02641,42,F,Operations,3,New York,3,No,1,5.0,Nothing special to report.,4,4,5,34
EMP02642,31,Female,HR,23,Berlin,3,No,2,9.0,Management expects too much.,10,5,4,47
EMP02643,26,Female,Marketing,11,Remote,4,No,4,3.0,Great work-life balance.,5,5,2,33
EMP02644,57,Female,IT,16,Remote,2,No,6,7.0,Nothing special to report.,6,5,1,33
EMP02645,27,Male,Sales,18,London,4,No,3,1.0,I feel energized at work.,4,4,3,30
EMP02646,47,F,Operations,15,London,3,Yes,6,8.0,Management expects too much.,6,2,3,28
EMP02647,25,Male,IT,9,Remote,3,No,5,10.0,Extremely stressed and burnt out.,7,2,2,28
EMP02648,60,Male,Operations,12,London,2,No,5,4.0,Excellent benefits.,10,3,5,43
EMP02649,60,Female,HR,18,Remote,2,Yes,4,5.0,It pays the bills.,8,2,2,30
EMP02650,56,Male,IT,5,Tokyo,5,No,7,8.0,Terrible work-life balance.,2,2,3,20
EMP02651,22,Female,Marketing,24,Berlin,3,No,6,6.0,Standard corporate environment.,9,3,5,41
EMP02652,45,Male,Marketing,8,London,4,No,1,6.0,Nothing special to report.,6,5,3,37
EMP02653,57,Female,Finance,3,Remote,2,No,6,7.0,Work is okay.,10,3,5,43
EMP02654,27,Female,Sales,2,London,4,No,4,3.0,I feel energized at work.,4,2,3,24
EMP02655,62,Male,Sales,19,Berlin,5,No,8,2.0,I feel energized at work.,7,2,4,32
EMP02656,52,Female,Operations,8,Tokyo,3,Yes,3,9.0,Terrible work-life balance.,10,3,4,41
EMP02657,41,Male,Sales,2,New York,3,No,5,2.0,Love the culture here.,6,4,3,34
EMP02658,45,Female,Finance,19,New York,5,No,2,9.0,I am exhausted every day.,8,2,3,32
EMP02659,46,Male,Marketing,1,London,4,No,3,4.0,I feel energized at work.,9,2,4,36
EMP02660,57,Female,IT,22,Remote,2,No,1,8.0,I need a long break.,5,3,3,29
EMP02661,42,Female,IT,13,Berlin,3,No,7,6.0,Nothing special to report.,7,2,3,30
EMP02662,51,Male,Marketing,23,Tokyo,2,Yes,3,3.0,Great work-life balance.,7,4,2,34
EMP02663,45,female,HR,20,Tokyo,4,No,2,2.0,Great work-life balance.,7,4,2,34
EMP02664,63,F,Marketing,17,Tokyo,4,Yes,4,4.0,Love the culture here.,6,3,4,33
EMP02665,51,Female,IT,3,New York,5,No,5,7.0,Nothing special to report.,3,1,2,17
EMP02666,43,Female,Operations,9,Berlin,1,Yes,4,6.0,Work is okay.,6,5,4,39
EMP02667,49,Male,Finance,5,New York,3,No,5,1.0,Love the culture here.,6,4,2,32
EMP02668,28,Female,Marketing,6,London,2,Yes,4,5.0,Average experience.,8,4,3,38
EMP02669,56,Male,HR,4,Tokyo,3,No,6,9.0,I need a long break.,6,5,5,41
EMP02670,49,Male,Operations,17,Berlin,2,No,5,1.0,I feel energized at work.,4,3,2,25
EMP02671,35,Other,Marketing,21,Tokyo,3,No,3,4.0,Excellent benefits.,9,2,4,36
EMP02672,31,Female,Operations,21,New York,4,Yes,7,2.0,Excellent benefits.,5,3,4,31
EMP02673,37,Female,Marketing,21,New York,2,No,1,2.0,Excellent benefits.,7,1,5,31
EMP02674,37,Male,Operations,16,New York,3,No,6,5.0,It pays the bills.,4,1,5,25
EMP02675,52,Female,Sales,16,Tokyo,5,No,7,2.0,Excellent benefits.,7,5,2,37
EMP02676,63,Male,Operations,22,Berlin,5,No,1,5.0,Average experience.,7,1,4,29
EMP02677,46,Male,Sales,11,Berlin,3,No,8,1.0,Great work-life balance.,10,1,2,31
EMP02678,34,Male,IT,2,London,5,Yes,2,10.0,I am exhausted every day.,6,5,3,37
EMP02679,27,Female,Sales,17,Tokyo,3,Yes,0,3.0,Love the culture here.,5,5,5,39
EMP02680,30,Female,Operations,15,London,3,No,4,2.0,Great work-life balance.,9,5,3,43
EMP02681,57,Male,Finance,18,London,4,No,4,4.0,I feel energized at work.,10,5,4,47
EMP02682,64,Female,Finance,10,London,4,No,11,1.0,Love the culture here.,8,5,4,43
EMP02683,41,Male,IT,6,London,4,No,2,8.0,Extremely stressed and burnt out.,7,4,3,36
EMP02684,39,Female,Operations,21,New York,4,No,2,1.0,I feel energized at work.,4,2,3,24
EMP02685,64,Other,Sales,16,London,3,Yes,3,8.0,Management expects too much.,8,5,2,39
EMP02686,42,Female,Finance,5,Berlin,3,Yes,8,5.0,Average experience.,5,2,3,26
EMP02687,25,F,Marketing,12,London,3,No,1,1.0,Love the culture here.,5,1,2,21
EMP02688,54,female,HR,6,New York,3,No,3,5.0,Nothing special to report.,4,4,3,30
EMP02689,48,Female,Operations,14,Remote,2,No,3,9.0,I am exhausted every day.,4,5,5,37
EMP02690,28,Female,Marketing,23,Remote,3,No,4,7.0,Work is okay.,7,4,5,40
EMP02691,27,F,Marketing,16,Remote,4,Yes,3,3.0,Management is very supportive.,6,3,2,29
EMP02692,36,Male,Operations,7,Tokyo,4,Yes,2,1.0,Management is very supportive.,9,2,2,32
EMP02693,39,Male,HR,2,Berlin,4,No,4,2.0,Management is very supportive.,8,5,3,41
EMP02694,53,female,Finance,6,New York,3,No,4,7.0,Standard corporate environment.,10,2,5,40
EMP02695,32,Female,HR,9,Remote,4,No,2,8.0,Extremely stressed and burnt out.,9,2,5,38
EMP02696,41,Male,IT,7,New York,4,No,4,10.0,I am exhausted every day.,2,3,2,21
EMP02697,45,Female,Sales,2,New York,5,Yes,6,4.0,I feel energized at work.,6,2,5,32
EMP02698,36,Female,Sales,19,Tokyo,2,No,7,4.0,Management is very supportive.,4,1,5,25
EMP02699,28,Female,Marketing,8,Remote,3,No,3,5.0,It pays the bills.,5,2,4,28
EMP02700,42,Female,Finance,11,London,5,Yes,5,7.0,Nothing special to report.,5,3,2,27
EMP02701,63,Female,HR,4,New York,5,No,3,7.0,Nothing special to report.,9,3,3,37
EMP02702,47,Female,Marketing,16,Remote,3,No,3,4.0,Excellent benefits.,9,5,4,45
EMP02703,35,Female,Operations,18,New York,2,No,2,1.0,Management is very supportive.,8,1,5,33
EMP02704,58,Female,Marketing,13,Tokyo,4,No,1,5.0,Work is okay.,10,2,4,38
EMP02705,42,Female,Operations,5,Tokyo,3,No,6,7.0,It pays the bills.,8,3,4,37
EMP02706,39,Female,Operations,2,London,4,No,6,5.0,Work is okay.,7,3,4,35
EMP02707,26,Male,IT,11,Tokyo,3,Yes,2,7.0,It pays the bills.,3,2,3,22
EMP02708,24,Female,IT,1,Remote,3,No,5,7.0,Nothing special to report.,2,2,2,18
EMP02709,44,female,Operations,13,Tokyo,1,No,0,5.0,Work is okay.,9,5,4,45
EMP02710,47,Male,Finance,5,London,3,Yes,6,3.0,Excellent benefits.,7,5,3,39
EMP02711,58,Male,IT,18,Berlin,2,No,4,9.0,Management expects too much.,3,1,2,17
EMP02712,45,Female,IT,14,New York,2,No,4,6.0,It pays the bills.,5,5,3,35
EMP02713,40,M,Sales,13,New York,3,No,3,4.0,Management is very supportive.,6,5,2,35
EMP02714,46,Male,Marketing,7,Remote,3,Yes,2,4.0,Great work-life balance.,6,4,2,32
EMP02715,42,Male,Sales,8,London,3,No,2,4.0,Management is very supportive.,9,2,3,34
EMP02716,33,Male,Finance,18,London,2,No,9,3.0,Management is very supportive.,10,5,5,49
EMP02717,62,Female,IT,7,London,5,No,11,7.0,Nothing special to report.,2,4,3,26
EMP02718,54,Male,IT,20,New York,2,No,5,9.0,Extremely stressed and burnt out.,7,4,2,34
EMP02719,25,Male,HR,17,Tokyo,3,Yes,2,8.0,Terrible work-life balance.,7,5,3,39
EMP02720,63,Female,Finance,16,New York,3,Yes,7,3.0,Love the culture here.,7,3,4,35
EMP02721,28,F,Marketing,11,New York,4,No,4,6.0,It pays the bills.,6,5,3,37
EMP02722,43,Female,Marketing,19,New York,3,No,7,2.0,Management is very supportive.,10,5,4,47
EMP02723,54,Male,Marketing,1,Tokyo,2,Yes,2,1.0,Love the culture here.,7,2,5,34
EMP02724,38,Female,Finance,21,Berlin,1,Yes,6,7.0,Nothing special to report.,9,3,3,37
EMP02725,45,female,HR,8,Remote,4,No,4,6.0,Standard corporate environment.,8,1,2,27
EMP02726,55,Female,HR,1,Berlin,4,No,7,4.0,I feel energized at work.,10,5,4,47
EMP02727,49,Other,Sales,9,Berlin,3,No,1,7.0,It pays the bills.,7,5,3,39
EMP02728,64,M,Finance,19,New York,2,No,6,6.0,Average experience.,4,2,2,22
EMP02729,62,Male,Finance,21,Berlin,3,No,4,2.0,Excellent benefits.,9,1,3,31
EMP02730,60,Female,HR,9,New York,3,No,6,4.0,Management is very supportive.,9,4,2,38
EMP02731,43,Male,Operations,21,New York,4,Yes,6,9.0,I am exhausted every day.,7,3,3,33
EMP02732,38,Female,Operations,10,Remote,2,Yes,0,8.0,Management expects too much.,10,1,2,31
EMP02733,55,Male,Sales,24,London,3,No,6,6.0,Nothing special to report.,7,5,3,39
EMP02734,27,Male,Operations,23,New York,3,Yes,1,1.0,Management is very supportive.,10,4,2,40
EMP02735,27,male,Operations,11,Berlin,4,No,2,7.0,Nothing special to report.,9,2,4,36
EMP02736,55,Male,Operations,1,Remote,4,Yes,4,5.0,Work is okay.,5,5,4,37
EMP02737,22,F,IT,20,Berlin,5,Yes,9,8.0,Extremely stressed and burnt out.,5,2,2,24
EMP02738,31,Male,Sales,8,London,3,Yes,5,9.0,Extremely stressed and burnt out.,8,3,2,33
EMP02739,42,Male,HR,20,Tokyo,3,No,6,5.0,Standard corporate environment.,9,2,5,38
EMP02740,26,F,Operations,12,London,3,No,1,6.0,Work is okay.,4,1,4,23
EMP02741,23,Female,Marketing,1,Remote,3,Yes,3,4.0,Love the culture here.,9,1,4,33
EMP02742,43,Female,IT,10,London,1,No,3,6.0,Average experience.,4,3,1,23
EMP02743,23,Male,Operations,4,London,3,No,2,7.0,Nothing special to report.,7,3,4,35
EMP02744,31,Female,IT,15,Remote,2,No,6,7.0,Work is okay.,4,3,3,27
EMP02745,55,Female,Sales,19,Remote,5,Yes,3,6.0,Average experience.,7,1,2,25
EMP02746,37,Female,Marketing,6,Berlin,4,No,4,9.0,Terrible work-life balance.,10,5,4,47
EMP02747,60,Female,Marketing,5,New York,2,No,4,8.0,I am exhausted every day.,5,1,4,25
EMP02748,43,female,Marketing,5,Tokyo,2,No,6,1.0,I feel energized at work.,9,2,4,36
EMP02749,33,Female,Operations,18,Tokyo,3,No,8,5.0,Average experience.,6,3,2,29
EMP02750,45,male,IT,3,Tokyo,3,No,4,6.0,It pays the bills.,5,4,2,30
EMP02751,61,Female,Marketing,22,London,3,No,7,4.0,I feel energized at work.,4,1,4,23
EMP02752,59,Female,Finance,2,Remote,3,Yes,4,1.0,Excellent benefits.,4,4,3,30
EMP02753,31,Male,Finance,4,Remote,5,No,6,6.0,Average experience.,8,5,5,45
EMP02754,56,Male,IT,18,Remote,3,Yes,4,6.0,Work is okay.,3,1,2,17
EMP02755,53,F,Operations,9,New York,3,No,6,6.0,Work is okay.,4,5,2,31
EMP02756,28,Male,Operations,19,Remote,4,No,1,5.0,Nothing special to report.,6,5,5,41
EMP02757,42,Male,Sales,10,Remote,1,No,7,4.0,Great work-life balance.,10,1,4,35
EMP02758,41,Male,Sales,22,London,2,Yes,3,2.0,Great work-life balance.,6,1,5,29
EMP02759,47,Male,Marketing,15,Berlin,3,Yes,2,3.0,Love the culture here.,9,5,2,41
EMP02760,25,male,HR,1,Tokyo,4,No,4,1.0,Excellent benefits.,10,3,5,43
EMP02761,43,F,Sales,11,London,3,No,6,2.0,Great work-life balance.,4,1,4,23
EMP02762,36,Female,Operations,14,London,2,No,4,7.0,Work is okay.,5,5,2,33
EMP02763,61,Male,HR,10,London,5,Yes,4,9.0,Terrible work-life balance.,5,2,4,28
EMP02764,42,Female,Sales,19,Tokyo,3,No,3,9.0,Management expects too much.,8,4,4,40
EMP02765,36,Female,IT,24,London,4,Yes,5,6.0,It pays the bills.,4,2,2,22
EMP02766,43,female,Finance,21,Berlin,4,No,5,1.0,Love the culture here.,9,1,2,29
EMP02767,49,Female,Sales,16,Remote,3,No,3,7.0,It pays the bills.,10,1,2,31
EMP02768,35,Male,Sales,8,Berlin,4,No,4,7.0,Average experience.,4,1,4,23
EMP02769,48,Female,IT,2,Remote,4,Yes,6,6.0,It pays the bills.,3,1,2,17
EMP02770,62,female,Operations,23,Remote,5,No,5,9.0,Terrible work-life balance.,4,2,4,26
EMP02771,61,Female,Marketing,7,London,3,No,10,1.0,Management is very supportive.,4,3,3,27
EMP02772,49,Female,IT,19,London,5,Yes,3,7.0,It pays the bills.,3,5,2,29
EMP02773,47,Male,Marketing,7,Tokyo,2,No,5,5.0,Nothing special to report.,6,5,4,39
EMP02774,23,Female,Sales,15,New York,4,Yes,3,2.0,I feel energized at work.,7,5,4,41
EMP02775,46,Female,Operations,8,Berlin,3,No,2,6.0,Average experience.,5,4,5,36
EMP02776,24,Male,HR,14,Tokyo,2,No,3,2.0,Excellent benefits.,6,1,2,23
EMP02777,29,Female,Sales,1,Tokyo,2,No,6,6.0,Work is okay.,9,2,5,38
EMP02778,54,Male,IT,13,Berlin,3,No,6,9.0,I am exhausted every day.,4,2,3,24
EMP02779,63,Male,HR,3,Berlin,3,Yes,6,1.0,Great work-life balance.,10,2,2,34
EMP02780,56,Male,Finance,21,Remote,3,Yes,3,4.0,Love the culture here.,9,3,3,37
EMP02781,27,Male,HR,6,New York,3,No,5,3.0,Management is very supportive.,7,1,5,31
EMP02782,60,Female,IT,19,London,3,No,2,10.0,Extremely stressed and burnt out.,6,5,2,35
EMP02783,44,Male,HR,15,New York,3,Yes,2,7.0,Nothing special to report.,8,5,2,39
EMP02784,46,Male,IT,4,New York,3,No,7,9.0,I need a long break.,2,1,3,17
EMP02785,64,F,Sales,21,London,4,Yes,1,3.0,I feel energized at work.,5,5,2,33
EMP02786,40,Female,Operations,3,New York,4,No,4,1.0,Management is very supportive.,7,5,2,37
EMP02787,26,Female,Finance,4,Tokyo,1,Yes,1,9.0,Extremely stressed and burnt out.,9,1,2,29
EMP02788,32,Female,Operations,5,Tokyo,3,No,3,6.0,Average experience.,8,2,3,32
EMP02789,33,Female,Operations,18,London,4,No,8,6.0,Average experience.,8,4,5,42
EMP02790,31,Male,Operations,10,London,2,Yes,4,4.0,Excellent benefits.,8,1,3,29
EMP02791,29,M,IT,8,Berlin,3,No,3,8.0,Terrible work-life balance.,2,5,2,27
EMP02792,45,Male,IT,12,Berlin,3,No,5,6.0,Work is okay.,4,5,2,31
EMP02793,49,Female,Finance,22,New York,5,No,5,9.0,I am exhausted every day.,7,4,3,36
EMP02794,62,Male,IT,3,New York,3,Yes,4,7.0,Nothing special to report.,7,4,2,34
EMP02795,57,Female,Marketing,18,London,4,No,2,7.0,Standard corporate environment.,8,4,5,42
EMP02796,58,Female,IT,23,New York,3,Yes,7,9.0,Extremely stressed and burnt out.,5,1,2,21
EMP02797,42,Female,IT,8,Remote,4,No,5,7.0,Average experience.,3,2,2,20
EMP02798,29,Male,IT,1,Tokyo,3,No,3,8.0,I need a long break.,7,4,2,34
EMP02799,30,Female,Sales,14,New York,3,No,2,7.0,Standard corporate environment.,9,3,3,37
EMP02800,36,female,Finance,22,New York,3,Yes,7,7.0,Work is okay.,6,2,3,28
EMP02801,61,M,Marketing,23,Berlin,5,No,4,8.0,Management expects too much.,9,4,2,38
EMP02802,39,Male,IT,13,Remote,2,No,0,8.0,I am exhausted every day.,7,5,2,37
EMP02803,63,Male,Finance,12,New York,2,No,2,8.0,Management expects too much.,7,1,2,25
EMP02804,41,male,HR,3,Tokyo,4,No,6,3.0,Excellent benefits.,5,5,5,39
EMP02805,27,Female,Sales,18,New York,3,No,3,8.0,Management expects too much.,4,5,2,31
EMP02806,33,Female,IT,21,London,3,No,5,9.0,Terrible work-life balance.,7,1,2,25
EMP02807,23,male,Marketing,13,Remote,3,Yes,3,7.0,Work is okay.,8,2,3,32
EMP02808,28,F,Sales,15,New York,3,No,3,5.0,Work is okay.,8,5,4,43
EMP02809,37,Female,Marketing,10,Remote,3,No,4,4.0,Excellent benefits.,10,2,3,36
EMP02810,24,Female,Sales,1,New York,4,No,3,4.0,Love the culture here.,6,1,5,29
EMP02811,24,Male,HR,6,Tokyo,1,No,1,6.0,Nothing special to report.,9,4,3,40
EMP02812,48,Female,Finance,9,Tokyo,4,No,2,2.0,Excellent benefits.,8,5,3,41
EMP02813,64,Male,Sales,10,Remote,3,No,0,5.0,Standard corporate environment.,4,5,5,37
EMP02814,61,Male,Operations,15,Berlin,3,No,2,8.0,Extremely stressed and burnt out.,8,1,2,27
EMP02815,59,Male,HR,9,Berlin,3,Yes,3,2.0,Excellent benefits.,4,1,3,21
EMP02816,54,Male,Operations,23,London,4,No,3,5.0,It pays the bills.,6,4,3,34
EMP02817,49,Female,HR,14,Berlin,1,No,3,7.0,Standard corporate environment.,10,1,3,33
EMP02818,22,Female,Operations,11,Remote,4,Yes,3,5.0,Standard corporate environment.,8,3,2,33
EMP02819,29,Female,Operations,7,Berlin,4,No,8,9.0,Terrible work-life balance.,9,3,5,41
EMP02820,58,Male,Marketing,24,London,2,No,4,9.0,I need a long break.,10,1,3,33
EMP02821,53,male,Sales,2,New York,2,No,4,8.0,Terrible work-life balance.,9,4,4,42
EMP02822,64,Male,Sales,14,Berlin,3,No,6,9.0,Terrible work-life balance.,8,3,2,33
EMP02823,58,Female,HR,6,Remote,4,Yes,5,2.0,Love the culture here.,4,5,5,37
EMP02824,25,male,Finance,5,Remote,3,No,3,3.0,I feel energized at work.,10,4,2,40
EMP02825,51,Female,Marketing,5,London,4,No,2,4.0,I feel energized at work.,4,1,5,25
EMP02826,27,Female,Sales,19,London,3,No,4,5.0,Average experience.,8,3,5,39
EMP02827,40,female,Sales,19,Tokyo,4,No,2,2.0,I feel energized at work.,10,4,4,44
EMP02828,53,Male,Marketing,6,Tokyo,3,Yes,2,4.0,Love the culture here.,8,5,3,41
EMP02829,30,Female,IT,10,Tokyo,3,No,5,9.0,I need a long break.,5,1,2,21
EMP02830,33,Female,Marketing,23,New York,5,No,6,5.0,Standard corporate environment.,10,2,2,34
EMP02831,32,Male,Sales,14,Remote,4,No,4,6.0,Average experience.,8,3,5,39
EMP02832,37,M,Finance,17,Tokyo,3,No,6,1.0,Management is very supportive.,9,5,3,43
EMP02833,22,F,IT,3,Remote,4,No,2,10.0,Terrible work-life balance.,2,4,3,26
EMP02834,42,Female,Operations,1,London,4,No,5,6.0,Standard corporate environment.,6,3,5,35
EMP02835,51,Male,Marketing,10,New York,3,No,5,9.0,Extremely stressed and burnt out.,9,3,2,35
EMP02836,34,Male,Operations,3,London,3,No,7,3.0,Excellent benefits.,7,1,3,27
EMP02837,55,Female,IT,5,Remote,3,No,2,8.0,It pays the bills.,7,5,3,39
EMP02838,25,Male,IT,19,Tokyo,5,No,3,9.0,Extremely stressed and burnt out.,2,3,3,23
EMP02839,49,Female,IT,10,London,3,Yes,1,7.0,Nothing special to report.,4,3,1,23
EMP02840,59,Female,HR,16,Berlin,2,No,6,8.0,I need a long break.,10,5,3,45
EMP02841,52,Female,Marketing,1,New York,3,No,2,4.0,Great work-life balance.,10,4,2,40
EMP02842,48,Female,Finance,6,Remote,1,No,2,9.0,Terrible work-life balance.,5,1,4,25
EMP02843,26,Female,Finance,9,Tokyo,3,No,3,4.0,Excellent benefits.,4,3,2,25
EMP02844,46,Male,Operations,5,London,3,No,8,1.0,I feel energized at work.,5,5,3,35
EMP02845,24,Male,Operations,14,New York,3,No,3,5.0,It pays the bills.,10,2,2,34
EMP02846,54,Female,Operations,10,Tokyo,5,Yes,5,1.0,Love the culture here.,8,4,3,38
EMP02847,25,Female,Marketing,2,London,5,Yes,2,5.0,Nothing special to report.,8,1,5,33
EMP02848,46,Female,Sales,5,Remote,2,No,3,7.0,Work is okay.,6,2,2,26
EMP02849,41,Female,Operations,1,Berlin,3,Yes,1,3.0,Excellent benefits.,8,4,2,36
EMP02850,55,female,IT,10,Berlin,4,Yes,2,10.0,I need a long break.,4,3,2,25
EMP02851,47,Male,Operations,22,Remote,3,Yes,2,5.0,It pays the bills.,5,1,2,21
EMP02852,26,Male,IT,9,New York,4,Yes,6,10.0,Terrible work-life balance.,5,4,3,32
EMP02853,56,Male,HR,3,Remote,4,No,6,2.0,Management is very supportive.,6,4,4,36
EMP02854,49,Female,Sales,15,London,4,No,2,4.0,Great work-life balance.,8,4,3,38
EMP02855,50,Female,Sales,4,New York,3,No,4,7.0,Average experience.,5,4,2,30
EMP02856,30,M,Marketing,13,Berlin,5,No,6,6.0,Work is okay.,8,2,5,36
EMP02857,59,Female,Marketing,6,London,4,No,1,6.0,Work is okay.,6,1,3,25
EMP02858,27,male,Finance,20,Tokyo,4,No,5,5.0,It pays the bills.,9,3,5,41
EMP02859,40,female,HR,17,Tokyo,3,No,5,2.0,I feel energized at work.,7,1,2,25
EMP02860,32,Male,Marketing,23,Tokyo,4,No,5,1.0,Love the culture here.,4,2,2,22
EMP02861,23,Female,IT,5,Berlin,3,No,2,7.0,It pays the bills.,3,1,3,19
EMP02862,30,Female,HR,15,Remote,3,No,6,3.0,Excellent benefits.,8,2,4,34
EMP02863,42,Male,Sales,8,New York,3,No,5,9.0,I am exhausted every day.,9,2,2,32
EMP02864,45,Female,IT,5,Berlin,5,No,2,9.0,Extremely stressed and burnt out.,6,2,3,28
EMP02865,55,Female,HR,24,London,4,No,6,9.0,I need a long break.,6,2,5,32
EMP02866,43,Male,Sales,13,London,4,No,3,5.0,Standard corporate environment.,7,4,5,40
EMP02867,24,Female,Marketing,1,Tokyo,3,No,4,7.0,Standard corporate environment.,10,1,5,37
EMP02868,33,Female,IT,1,New York,3,No,2,8.0,Management expects too much.,6,5,3,37
EMP02869,49,Male,IT,7,Tokyo,4,No,6,7.0,It pays the bills.,2,2,3,20
EMP02870,51,Female,Sales,22,London,3,Yes,2,2.0,I feel energized at work.,9,2,4,36
EMP02871,47,Male,IT,5,London,4,Yes,3,10.0,I am exhausted every day.,6,1,3,25
EMP02872,42,Female,Marketing,14,Remote,3,Yes,10,1.0,Management is very supportive.,7,4,3,36
EMP02873,49,Male,Marketing,15,Remote,4,No,3,2.0,Management is very supportive.,6,3,3,31
EMP02874,47,F,Marketing,21,Remote,4,Yes,4,7.0,It pays the bills.,7,2,4,32
EMP02875,54,Female,Sales,17,Tokyo,3,Yes,4,2.0,Great work-life balance.,5,4,4,34
EMP02876,42,Male,Operations,24,New York,1,Yes,0,5.0,Work is okay.,10,4,2,40
EMP02877,56,Female,Operations,18,Remote,3,No,4,4.0,I feel energized at work.,8,5,4,43
EMP02878,55,Female,IT,7,Berlin,5,No,3,7.0,Work is okay.,5,2,2,24
EMP02879,62,Female,Marketing,22,Remote,4,Yes,5,1.0,Great work-life balance.,6,4,2,32
EMP02880,39,Female,IT,18,Tokyo,4,No,2,10.0,I am exhausted every day.,5,5,1,31
EMP02881,32,Female,Sales,19,New York,3,Yes,1,1.0,Love the culture here.,5,4,4,34
EMP02882,44,Male,IT,20,Remote,4,No,4,8.0,I am exhausted every day.,7,5,2,37
EMP02883,43,Male,Finance,7,New York,4,No,2,9.0,I am exhausted every day.,10,5,3,45
EMP02884,38,Female,Operations,8,Berlin,2,No,6,7.0,Average experience.,9,5,4,45
EMP02885,26,Female,IT,13,London,5,No,6,7.0,Nothing special to report.,3,4,2,26
EMP02886,32,Male,IT,18,New York,3,No,2,10.0,Terrible work-life balance.,2,3,1,19
EMP02887,51,M,HR,24,Remote,3,No,6,4.0,Excellent benefits.,10,1,5,37
EMP02888,36,Male,IT,11,Tokyo,3,No,7,10.0,Extremely stressed and burnt out.,2,5,2,27
EMP02889,48,Female,Finance,9,Tokyo,2,No,5,7.0,Work is okay.,8,2,5,36
EMP02890,56,Male,Operations,23,Tokyo,4,No,7,4.0,Great work-life balance.,9,1,3,31
EMP02891,54,Male,HR,1,Tokyo,3,Yes,3,9.0,Extremely stressed and burnt out.,10,3,4,41
EMP02892,41,male,Sales,22,New York,4,No,4,3.0,Great work-life balance.,9,1,4,33
EMP02893,37,Male,Sales,8,Tokyo,3,No,6,6.0,Standard corporate environment.,9,1,2,29
EMP02894,55,Female,Operations,21,London,3,No,6,5.0,Average experience.,8,3,3,35
EMP02895,23,Male,Sales,12,Berlin,4,No,4,8.0,Extremely stressed and burnt out.,10,2,2,34
EMP02896,56,Female,Finance,2,New York,4,No,6,1.0,I feel energized at work.,5,5,3,35
EMP02897,61,F,IT,15,New York,3,No,5,7.0,Nothing special to report.,4,4,2,28
EMP02898,49,Male,Operations,21,Tokyo,5,No,5,2.0,I feel energized at work.,6,2,2,26
EMP02899,60,M,HR,24,Tokyo,4,No,9,7.0,It pays the bills.,4,2,2,22
EMP02900,27,Female,IT,18,New York,1,No,1,6.0,Nothing special to report.,7,5,3,39
EMP02901,30,Female,Sales,17,Tokyo,3,Yes,5,5.0,Average experience.,8,2,5,36
EMP02902,41,Female,Sales,15,Tokyo,3,No,8,8.0,I need a long break.,9,2,5,38
EMP02903,22,F,HR,20,Tokyo,4,Yes,9,5.0,Standard corporate environment.,9,1,2,29
EMP02904,29,Male,Finance,20,Tokyo,3,No,6,5.0,Standard corporate environment.,7,1,3,27
EMP02905,44,Male,HR,9,Tokyo,3,No,3,9.0,I am exhausted every day.,4,3,3,27
EMP02906,24,F,Operations,3,Remote,2,No,6,5.0,Standard corporate environment.,10,3,2,37
EMP02907,25,Female,HR,20,Remote,3,No,5,1.0,Management is very supportive.,9,3,5,41
EMP02908,46,Male,Sales,19,Remote,4,No,4,3.0,Love the culture here.,5,4,5,36
EMP02909,59,Female,Finance,18,New York,4,No,4,5.0,Average experience.,6,5,4,39
EMP02910,36,Female,Finance,20,Berlin,2,Yes,5,5.0,Work is okay.,7,4,3,36
EMP02911,42,Female,Marketing,8,New York,2,No,2,2.0,I feel energized at work.,7,4,4,38
EMP02912,56,Male,HR,1,Remote,3,Yes,7,4.0,Love the culture here.,10,3,4,41
EMP02913,35,Female,Operations,24,New York,4,No,3,4.0,I feel energized at work.,7,5,4,41
EMP02914,57,Male,Sales,24,Berlin,4,Yes,6,3.0,Love the culture here.,5,4,5,36
EMP02915,33,Female,IT,15,Tokyo,1,No,5,7.0,It pays the bills.,2,1,3,17
EMP02916,38,M,Finance,19,London,3,No,5,2.0,I feel energized at work.,4,4,5,34
EMP02917,60,Female,HR,10,Remote,3,No,3,3.0,Management is very supportive.,10,1,2,31
EMP02918,30,Male,Marketing,12,Remote,5,No,2,2.0,Great work-life balance.,8,4,3,38
EMP02919,56,Male,Operations,6,Berlin,3,No,7,8.0,I am exhausted every day.,5,5,4,37
EMP02920,34,Female,Operations,13,Tokyo,3,No,5,2.0,Excellent benefits.,8,1,2,27
EMP02921,36,Female,Sales,4,Tokyo,3,Yes,3,5.0,Standard corporate environment.,7,1,2,25
EMP02922,39,Male,Finance,13,London,3,No,10,4.0,Love the culture here.,5,3,3,29
EMP02923,54,Female,Sales,17,Tokyo,4,No,3,1.0,Excellent benefits.,5,1,3,23
EMP02924,27,Male,Marketing,1,Berlin,1,No,3,7.0,It pays the bills.,10,4,5,46
EMP02925,48,Male,IT,5,Tokyo,3,Yes,3,8.0,It pays the bills.,5,4,3,32
EMP02926,44,Male,IT,24,Berlin,4,Yes,2,9.0,Management expects too much.,4,3,2,25
EMP02927,48,Male,IT,17,Remote,3,No,4,6.0,Work is okay.,3,2,2,20
EMP02928,55,Male,Operations,18,Remote,3,No,3,9.0,Management expects too much.,6,1,4,27
EMP02929,59,Female,Finance,7,Remote,3,No,3,4.0,Great work-life balance.,10,1,2,31
EMP02930,35,F,Sales,16,New York,4,No,4,1.0,I feel energized at work.,4,1,3,21
EMP02931,57,Female,Sales,8,Remote,2,No,5,8.0,Extremely stressed and burnt out.,10,4,5,46
EMP02932,29,Male,Marketing,12,Berlin,5,No,7,1.0,Love the culture here.,9,5,4,45
EMP02933,56,Male,IT,14,London,2,Yes,6,8.0,Work is okay.,4,5,3,33
EMP02934,40,Male,Finance,19,Tokyo,2,No,1,5.0,Nothing special to report.,6,5,3,37
EMP02935,51,Male,Finance,11,Remote,4,No,6,1.0,Management is very supportive.,6,3,2,29
EMP02936,35,Female,Marketing,12,New York,4,No,2,1.0,I feel energized at work.,5,3,2,27
EMP02937,41,Female,HR,13,New York,2,No,0,6.0,Average experience.,6,4,5,38
EMP02938,46,Male,Finance,8,Berlin,5,No,2,1.0,Great work-life balance.,4,5,5,37
EMP02939,61,Male,Finance,1,London,3,No,2,5.0,Work is okay.,10,2,4,38
EMP02940,45,Male,Sales,9,Remote,4,No,6,5.0,Average experience.,6,1,3,25
EMP02941,35,Male,Marketing,2,Remote,2,No,4,2.0,Great work-life balance.,8,5,2,39
EMP02942,47,Female,Finance,14,New York,3,No,5,3.0,Management is very supportive.,9,2,3,34
EMP02943,59,Male,Finance,13,Berlin,3,No,3,3.0,I feel energized at work.,4,1,4,23
EMP02944,44,Female,Sales,16,New York,3,No,4,3.0,Great work-life balance.,8,1,4,31
EMP02945,43,Female,Finance,2,New York,3,No,9,3.0,Great work-life balance.,7,3,5,37
EMP02946,40,F,Sales,4,London,3,No,6,4.0,Great work-life balance.,6,2,2,26
EMP02947,24,F,HR,12,Berlin,5,No,4,1.0,I feel energized at work.,9,5,3,43
EMP02948,63,Female,Operations,16,London,2,No,3,4.0,Management is very supportive.,10,5,2,43
EMP02949,40,Male,Sales,10,Berlin,2,Yes,2,4.0,Love the culture here.,7,4,2,34
EMP02950,30,Female,Sales,3,Remote,4,No,2,8.0,I am exhausted every day.,9,2,2,32
EMP02951,49,Female,Finance,4,Tokyo,2,No,5,4.0,Management is very supportive.,9,1,4,33
EMP02952,41,Male,Sales,6,Tokyo,3,No,7,5.0,Average experience.,8,3,2,33
EMP02953,28,Female,Marketing,23,Berlin,3,No,7,4.0,Love the culture here.,5,4,5,36
EMP02954,35,F,IT,5,Tokyo,3,No,4,10.0,I need a long break.,4,3,1,23
EMP02955,30,Female,IT,18,New York,5,No,5,8.0,Management expects too much.,7,1,2,25
EMP02956,40,Male,HR,3,Remote,3,No,4,3.0,Excellent benefits.,4,1,3,21
EMP02957,35,Male,Sales,10,Remote,3,No,1,8.0,I am exhausted every day.,6,3,5,35
EMP02958,59,Female,Marketing,11,Tokyo,3,No,6,1.0,I feel energized at work.,6,4,2,32
EMP02959,57,Male,Finance,19,Berlin,2,No,5,3.0,Great work-life balance.,9,1,5,35
EMP02960,61,Female,Finance,14,New York,3,No,1,2.0,I feel energized at work.,9,5,5,47
EMP02961,38,Female,Operations,21,Berlin,4,No,2,6.0,Nothing special to report.,7,5,2,37
EMP02962,51,Male,HR,11,Tokyo,4,No,4,8.0,I am exhausted every day.,8,5,5,45
EMP02963,30,F,Marketing,21,Remote,4,Yes,4,6.0,Work is okay.,6,4,5,38
EMP02964,54,Female,Marketing,4,Remote,2,No,3,4.0,Great work-life balance.,7,4,5,40
EMP02965,46,Male,Finance,24,Berlin,1,Yes,2,3.0,Great work-life balance.,5,2,2,24
EMP02966,35,Female,Operations,22,London,5,Yes,2,4.0,Great work-life balance.,7,2,3,30
EMP02967,32,Female,Finance,6,Berlin,1,No,3,8.0,Extremely stressed and burnt out.,5,5,4,37
EMP02968,56,Female,Operations,17,London,5,No,4,5.0,Average experience.,8,3,4,37
EMP02969,62,F,IT,22,Berlin,4,No,8,6.0,It pays the bills.,5,3,2,27
EMP02970,35,Female,Marketing,19,London,5,No,4,8.0,I am exhausted every day.,4,5,3,33
EMP02971,51,F,IT,13,London,3,No,3,10.0,I need a long break.,2,2,1,16
EMP02972,62,Female,Finance,22,London,2,Yes,4,5.0,Standard corporate environment.,4,4,3,30
EMP02973,25,Female,HR,10,London,4,No,2,5.0,It pays the bills.,6,3,3,31
EMP02974,25,Other,Sales,11,New York,4,Yes,7,1.0,Love the culture here.,4,4,5,34
EMP02975,49,Female,HR,6,London,2,No,2,8.0,I need a long break.,10,5,5,49
EMP02976,29,Male,HR,2,London,4,Yes,3,2.0,Excellent benefits.,8,4,4,40
EMP02977,23,Female,Sales,1,Remote,3,No,4,6.0,Average experience.,6,3,2,29
EMP02978,62,Female,Marketing,11,New York,3,Yes,0,6.0,Nothing special to report.,4,2,4,26
EMP02979,43,Male,IT,16,London,4,No,3,9.0,I need a long break.,4,3,2,25
EMP02980,62,female,IT,3,Tokyo,2,No,4,7.0,Average experience.,5,1,2,21
EMP02981,37,Male,Marketing,5,New York,3,No,7,4.0,I feel energized at work.,5,4,2,30
EMP02982,50,Male,Sales,15,Remote,2,No,4,9.0,Management expects too much.,5,4,5,36
EMP02983,51,male,Operations,15,Berlin,2,No,2,3.0,Great work-life balance.,4,4,3,30
EMP02984,33,Female,HR,4,Remote,2,No,3,8.0,I need a long break.,7,5,5,43
EMP02985,56,Male,Finance,23,Remote,3,No,3,2.0,Love the culture here.,4,5,5,37
EMP02986,32,Female,IT,4,New York,3,No,1,10.0,Extremely stressed and burnt out.,5,3,2,27
EMP02987,42,Female,Marketing,8,New York,4,No,4,6.0,Work is okay.,4,2,3,24
EMP02988,42,Male,Finance,7,Tokyo,5,No,4,2.0,Great work-life balance.,7,1,5,31
EMP02989,26,female,Sales,17,Tokyo,3,Yes,3,7.0,Nothing special to report.,9,2,3,34
EMP02990,41,Female,Finance,15,New York,2,Yes,5,5.0,Nothing special to report.,9,2,2,32
EMP02991,58,Female,Finance,5,New York,3,Yes,4,5.0,It pays the bills.,5,1,2,21
EMP02992,24,Female,HR,13,New York,4,No,5,4.0,Excellent benefits.,7,5,3,39
EMP02993,54,Female,Sales,4,Berlin,4,No,1,2.0,Management is very supportive.,10,4,2,40
EMP02994,30,Male,Finance,22,Remote,5,No,2,9.0,I am exhausted every day.,4,5,2,31
EMP02995,30,Male,IT,17,Tokyo,1,No,6,6.0,It pays the bills.,6,4,3,34
EMP02996,25,Female,Sales,22,Tokyo,4,No,5,1.0,Love the culture here.,10,4,5,46
EMP02997,56,M,IT,17,London,3,No,4,9.0,Management expects too much.,5,5,1,31
EMP02998,38,Male,Marketing,14,Berlin,5,No,0,3.0,Love the culture here.,4,2,5,28
EMP02999,55,Female,Marketing,14,New York,3,No,6,9.0,Terrible work-life balance.,6,4,4,36
EMP03000,45,M,Operations,17,New York,3,No,4,7.0,Work is okay.,10,5,5,49
EMP03001,53,Male,Marketing,8,Berlin,4,No,5,2.0,I feel energized at work.,4,2,2,22
EMP03002,22,Male,Finance,2,Tokyo,4,No,1,4.0,Love the culture here.,5,1,5,27
EMP03003,29,Male,Sales,13,New York,3,No,6,5.0,Nothing special to report.,9,4,4,42
EMP03004,44,Female,Marketing,22,London,2,Yes,11,4.0,Management is very supportive.,8,2,5,36
EMP03005,61,Male,IT,16,Tokyo,3,No,5,10.0,I am exhausted every day.,6,4,2,32
EMP03006,33,Female,Finance,16,Remote,3,No,2,4.0,Excellent benefits.,4,2,3,24
EMP03007,33,Female,Marketing,6,Berlin,3,No,3,4.0,Great work-life balance.,9,1,5,35
EMP03008,36,Female,HR,22,Tokyo,5,Yes,2,8.0,I need a long break.,10,4,4,44
EMP03009,62,Male,IT,24,Remote,3,No,7,9.0,Management expects too much.,6,5,2,35
EMP03010,40,Female,IT,4,London,4,No,4,8.0,I need a long break.,6,2,1,24
EMP03011,47,Female,Operations,3,Berlin,4,No,5,1.0,Excellent benefits.,8,1,2,27
EMP03012,50,female,HR,6,New York,4,No,4,6.0,It pays the bills.,8,4,5,42
EMP03013,43,F,Operations,4,New York,5,No,4,5.0,Standard corporate environment.,10,1,2,31
EMP03014,61,Female,Marketing,18,Remote,4,No,2,5.0,Nothing special to report.,4,1,5,25
EMP03015,42,Female,HR,6,Tokyo,3,Yes,2,6.0,Work is okay.,6,4,4,36
EMP03016,59,Male,IT,5,London,3,No,5,9.0,I need a long break.,5,4,2,30
EMP03017,41,Male,Operations,9,Remote,3,No,8,8.0,Management expects too much.,10,2,3,36
EMP03018,50,Male,Finance,11,London,3,No,2,6.0,Standard corporate environment.,5,5,5,39
EMP03019,25,Female,HR,6,London,3,No,3,6.0,Average experience.,10,1,3,33
EMP03020,28,Male,IT,16,London,4,Yes,4,8.0,Standard corporate environment.,3,4,1,24
EMP03021,49,Male,Sales,19,Berlin,3,Yes,4,8.0,Extremely stressed and burnt out.,5,1,4,25
EMP03022,49,Other,HR,11,Remote,3,Yes,5,4.0,Love the culture here.,9,2,2,32
EMP03023,25,Male,HR,21,Berlin,5,No,3,7.0,Work is okay.,4,2,4,26
EMP03024,43,Male,Marketing,15,Tokyo,3,No,2,8.0,Management expects too much.,10,2,3,36
EMP03025,33,Male,Finance,24,Tokyo,3,No,2,6.0,Standard corporate environment.,10,5,3,45
EMP03026,24,Female,Marketing,9,New York,4,No,3,9.0,Extremely stressed and burnt out.,10,3,4,41
EMP03027,43,Female,HR,24,New York,4,No,2,6.0,Nothing special to report.,7,3,4,35
EMP03028,23,Male,HR,19,New York,3,No,2,4.0,Love the culture here.,4,3,2,25
EMP03029,45,Female,Finance,19,Tokyo,4,No,4,6.0,It pays the bills.,7,5,5,43
EMP03030,55,Female,Finance,24,London,2,Yes,2,2.0,I feel energized at work.,7,5,5,43
EMP03031,48,M,Operations,9,London,3,No,4,8.0,I am exhausted every day.,5,1,4,25
EMP03032,62,female,IT,23,Remote,3,No,6,8.0,Terrible work-life balance.,4,1,3,21
EMP03033,22,M,IT,4,Tokyo,4,No,4,9.0,I am exhausted every day.,2,2,1,16
EMP03034,29,Female,Operations,10,New York,3,No,9,5.0,Average experience.,7,5,3,39
EMP03035,44,Male,IT,9,Tokyo,4,No,2,8.0,I am exhausted every day.,2,3,1,19
EMP03036,59,Male,HR,19,London,3,No,4,3.0,Love the culture here.,5,3,2,27
EMP03037,27,Male,Operations,15,London,4,No,8,3.0,Great work-life balance.,10,1,5,37
EMP03038,43,Female,Operations,19,Berlin,4,No,7,3.0,I feel energized at work.,6,2,4,30
EMP03039,46,M,IT,2,Berlin,3,Yes,6,7.0,Work is okay.,2,2,2,18
EMP03040,39,Female,Sales,10,Remote,3,No,4,5.0,Standard corporate environment.,4,4,2,28
EMP03041,38,Male,IT,19,Tokyo,4,Yes,6,6.0,Standard corporate environment.,2,5,1,25
EMP03042,33,Female,Marketing,17,Berlin,2,No,3,6.0,Standard corporate environment.,9,3,5,41
EMP03043,27,male,Sales,20,Berlin,2,No,3,7.0,Work is okay.,7,3,5,37
EMP03044,47,Female,Operations,24,Tokyo,2,Yes,5,5.0,Standard corporate environment.,10,1,2,31
EMP03045,48,M,Sales,21,London,3,Yes,9,1.0,Great work-life balance.,4,1,3,21
EMP03046,29,M,HR,2,Remote,2,No,6,7.0,Average experience.,5,5,4,37
EMP03047,40,male,Finance,19,Remote,3,No,3,6.0,Work is okay.,10,1,5,37
EMP03048,63,Female,Sales,17,Remote,4,No,3,3.0,I feel energized at work.,9,1,5,35
EMP03049,22,Female,Marketing,18,Berlin,1,No,5,2.0,Management is very supportive.,7,3,4,35
EMP03050,50,Male,Finance,17,London,2,No,3,2.0,Management is very supportive.,10,5,2,43
EMP03051,56,Male,HR,2,Remote,5,Yes,2,2.0,Excellent benefits.,5,3,4,31
EMP03052,61,Female,Marketing,19,Tokyo,4,No,3,8.0,I need a long break.,5,3,3,29
EMP03053,35,Male,Finance,1,Remote,3,No,6,1.0,Management is very supportive.,7,1,2,25
EMP03054,56,female,HR,11,New York,1,Yes,2,3.0,Excellent benefits.,5,3,3,29
EMP03055,41,Male,Finance,10,London,3,No,6,8.0,I am exhausted every day.,5,5,3,35
EMP03056,34,F,Finance,5,New York,3,No,7,6.0,Average experience.,7,1,3,27
EMP03057,59,Male,IT,16,London,5,No,7,7.0,Standard corporate environment.,2,5,2,27
EMP03058,29,Male,Marketing,24,Tokyo,4,No,2,9.0,Management expects too much.,8,2,3,32
EMP03059,64,male,Marketing,5,Berlin,5,No,3,7.0,Nothing special to report.,7,5,2,37
EMP03060,41,Male,Sales,24,Berlin,4,Yes,1,3.0,Excellent benefits.,10,5,2,43
EMP03061,54,Male,Marketing,23,London,3,No,3,9.0,Management expects too much.,5,4,5,36
EMP03062,47,Male,Marketing,12,Remote,4,Yes,6,3.0,Love the culture here.,10,5,2,43
EMP03063,60,Female,Finance,4,New York,4,No,4,8.0,I am exhausted every day.,9,3,4,39
EMP03064,42,Male,Operations,23,Tokyo,3,No,2,7.0,Average experience.,5,3,3,29
EMP03065,63,Female,IT,6,Remote,2,No,2,10.0,Management expects too much.,3,1,2,17
EMP03066,64,Female,Sales,19,Berlin,3,Yes,3,3.0,Great work-life balance.,10,2,4,38
EMP03067,62,Female,IT,9,Remote,2,Yes,4,10.0,Management expects too much.,5,1,3,23
EMP03068,30,Female,Sales,12,New York,4,No,3,7.0,It pays the bills.,4,5,2,31
EMP03069,45,Female,HR,15,Berlin,4,Yes,1,3.0,Love the culture here.,9,5,4,45
EMP03070,58,Male,Finance,16,London,5,No,4,2.0,Great work-life balance.,5,3,5,33
EMP03071,62,M,Marketing,13,Tokyo,4,No,3,9.0,I need a long break.,5,5,5,39
EMP03072,38,Male,Marketing,21,Tokyo,4,No,3,2.0,Excellent benefits.,6,5,5,41
EMP03073,45,Female,Operations,24,Berlin,3,Yes,7,3.0,Great work-life balance.,9,3,4,39
EMP03074,42,Female,IT,7,London,3,Yes,4,9.0,Extremely stressed and burnt out.,3,2,2,20
EMP03075,60,F,IT,23,New York,5,Yes,4,6.0,Standard corporate environment.,2,5,2,27
EMP03076,62,Female,IT,20,Tokyo,4,No,2,10.0,Extremely stressed and burnt out.,7,4,3,36
EMP03077,60,Male,Marketing,4,Berlin,4,No,1,1.0,Great work-life balance.,8,2,2,30
EMP03078,34,Female,IT,11,Tokyo,3,No,3,6.0,Standard corporate environment.,3,2,1,18
EMP03079,32,Female,Finance,8,London,4,Yes,5,3.0,Great work-life balance.,5,3,4,31
EMP03080,40,Male,Sales,6,New York,4,No,6,6.0,Average experience.,9,1,3,31
EMP03081,32,Female,Marketing,10,London,3,No,7,3.0,Love the culture here.,5,5,2,33
EMP03082,34,Female,Finance,7,Remote,4,No,3,4.0,Great work-life balance.,5,5,5,39
EMP03083,22,Other,HR,7,London,3,No,8,2.0,Love the culture here.,6,1,3,25
EMP03084,61,Female,Finance,4,London,2,Yes,11,7.0,Nothing special to report.,6,5,3,37
EMP03085,40,Male,Finance,3,Tokyo,4,Yes,3,4.0,Excellent benefits.,10,4,4,44
EMP03086,33,Male,HR,24,London,2,No,6,1.0,Management is very supportive.,4,1,4,23
EMP03087,29,F,Finance,7,Berlin,3,Yes,4,4.0,Management is very supportive.,9,3,4,39
EMP03088,29,M,Sales,4,Tokyo,4,No,8,4.0,Love the culture here.,10,1,4,35
EMP03089,33,Male,Marketing,13,Tokyo,4,No,6,3.0,I feel energized at work.,7,2,2,28
EMP03090,54,Male,Operations,20,Remote,3,No,3,8.0,Extremely stressed and burnt out.,9,3,4,39
EMP03091,47,Female,HR,17,Berlin,5,No,4,7.0,Work is okay.,9,2,3,34
EMP03092,60,Male,Marketing,7,London,3,No,5,3.0,Management is very supportive.,6,3,2,29
EMP03093,49,Male,IT,17,Remote,5,No,4,9.0,Extremely stressed and burnt out.,6,1,2,23
EMP03094,26,Male,Sales,4,Berlin,4,Yes,6,8.0,Extremely stressed and burnt out.,8,2,4,34
EMP03095,29,Male,Operations,11,Remote,3,No,4,3.0,Excellent benefits.,8,3,4,37
EMP03096,46,Female,Sales,3,New York,2,No,2,5.0,It pays the bills.,4,5,5,37
EMP03097,48,Female,Sales,11,London,3,No,2,5.0,Average experience.,6,2,5,32
EMP03098,44,Male,IT,3,Remote,2,No,6,10.0,Terrible work-life balance.,3,4,2,26
EMP03099,51,Male,Operations,12,New York,4,No,3,5.0,It pays the bills.,8,3,4,37
EMP03100,44,Male,Sales,1,London,3,Yes,6,9.0,Management expects too much.,4,5,2,31
EMP03101,41,Female,IT,4,Remote,3,No,5,7.0,It pays the bills.,3,5,2,29
EMP03102,39,Male,HR,14,Remote,4,No,3,5.0,Work is okay.,10,1,5,37
EMP03103,39,Female,IT,1,Remote,3,Yes,5,8.0,I am exhausted every day.,6,1,3,25
EMP03104,23,Female,Finance,14,Remote,3,No,2,9.0,Management expects too much.,5,2,2,24
EMP03105,25,Male,Marketing,13,Tokyo,2,No,3,9.0,I am exhausted every day.,10,2,2,34
EMP03106,51,Male,IT,13,Remote,4,No,1,8.0,I am exhausted every day.,6,4,3,34
EMP03107,54,Male,IT,24,Tokyo,4,No,6,7.0,Standard corporate environment.,2,5,2,27
EMP03108,57,Female,IT,15,Tokyo,4,No,6,9.0,Extremely stressed and burnt out.,4,3,3,27
EMP03109,39,F,Sales,17,New York,2,No,6,4.0,Great work-life balance.,8,4,4,40
EMP03110,58,Male,Operations,12,London,3,No,1,9.0,Extremely stressed and burnt out.,8,4,2,36
EMP03111,40,male,IT,22,Tokyo,2,No,2,8.0,Management expects too much.,4,4,3,30
EMP03112,49,Male,IT,23,Berlin,2,No,4,9.0,Extremely stressed and burnt out.,3,3,1,21
EMP03113,61,M,Finance,14,Tokyo,2,No,4,2.0,Great work-life balance.,5,4,4,34
EMP03114,41,Female,Finance,12,Berlin,3,No,5,3.0,Excellent benefits.,7,1,2,25
EMP03115,54,Female,HR,18,New York,3,Yes,3,1.0,Great work-life balance.,6,1,2,23
EMP03116,33,Female,HR,4,Berlin,4,Yes,1,7.0,It pays the bills.,9,1,3,31
EMP03117,36,Female,Finance,14,New York,3,Yes,7,9.0,I need a long break.,6,4,5,38
EMP03118,62,M,Operations,19,New York,3,No,4,3.0,Love the culture here.,10,4,2,40
EMP03119,60,Female,HR,13,New York,5,No,4,8.0,Terrible work-life balance.,4,5,5,37
EMP03120,23,Female,Marketing,23,Berlin,3,Yes,1,1.0,Management is very supportive.,4,2,2,22
EMP03121,50,Male,Marketing,18,Berlin,3,No,3,6.0,Average experience.,6,5,3,37
EMP03122,62,Male,Operations,11,New York,5,No,4,6.0,Average experience.,6,1,4,27
EMP03123,31,M,Finance,6,New York,5,No,5,5.0,It pays the bills.,7,2,5,34
EMP03124,23,Female,HR,9,London,3,No,5,4.0,I feel energized at work.,9,5,4,45
EMP03125,32,Female,IT,12,New York,4,Yes,4,8.0,I am exhausted every day.,4,3,2,25
EMP03126,34,Female,Finance,19,Remote,3,Yes,1,4.0,Great work-life balance.,7,3,5,37
EMP03127,31,F,HR,14,London,4,No,4,7.0,Average experience.,10,3,4,41
EMP03128,35,Female,Operations,15,London,5,Yes,7,7.0,Average experience.,10,1,4,35
EMP03129,39,Female,Marketing,11,London,3,No,8,3.0,Great work-life balance.,8,2,5,36
EMP03130,30,Female,Operations,6,Remote,4,No,7,5.0,Nothing special to report.,4,1,5,25
EMP03131,60,Male,HR,14,London,4,No,2,3.0,Love the culture here.,9,3,5,41
EMP03132,49,Male,Operations,3,London,3,No,5,5.0,Average experience.,10,4,4,44
EMP03133,24,M,HR,19,Berlin,4,No,5,1.0,I feel energized at work.,8,1,3,29
EMP03134,41,Male,HR,20,Berlin,3,No,3,7.0,Nothing special to report.,10,2,2,34
EMP03135,27,male,Operations,11,New York,2,No,6,5.0,Work is okay.,4,1,4,23
EMP03136,48,Male,Sales,24,New York,5,No,4,7.0,Average experience.,10,2,5,40
EMP03137,23,Male,IT,17,Tokyo,3,Yes,3,6.0,Nothing special to report.,3,4,1,24
EMP03138,50,male,Finance,17,Remote,3,No,2,4.0,Love the culture here.,10,5,4,47
EMP03139,59,Female,Marketing,23,Berlin,4,No,4,3.0,Great work-life balance.,4,2,3,24
EMP03140,24,Male,IT,3,New York,5,Yes,5,9.0,Management expects too much.,6,2,2,26
EMP03141,37,Female,Finance,14,Remote,4,No,6,9.0,Management expects too much.,7,3,3,33
EMP03142,51,Female,Finance,7,London,3,No,10,5.0,Nothing special to report.,9,3,2,35
EMP03143,61,Female,Marketing,19,Remote,3,No,3,8.0,Terrible work-life balance.,6,4,4,36
EMP03144,23,Male,IT,3,Berlin,3,No,8,10.0,Terrible work-life balance.,5,1,1,19
EMP03145,38,M,Marketing,2,Tokyo,3,No,3,3.0,Love the culture here.,8,5,4,43
EMP03146,62,F,HR,17,Berlin,5,No,5,6.0,Standard corporate environment.,5,5,2,33
EMP03147,33,Male,Marketing,9,New York,4,No,8,2.0,Management is very supportive.,7,4,2,34
EMP03148,56,F,Operations,22,New York,1,No,3,6.0,It pays the bills.,8,5,3,41
EMP03149,64,F,Sales,6,Remote,2,Yes,5,5.0,Average experience.,9,1,5,35
EMP03150,22,Female,Sales,24,Berlin,5,Yes,5,4.0,Great work-life balance.,7,3,2,31
EMP03151,36,Female,Sales,21,New York,4,No,5,3.0,I feel energized at work.,10,4,4,44
EMP03152,47,Male,IT,9,London,3,No,4,7.0,Nothing special to report.,7,5,3,39
EMP03153,58,Male,IT,5,London,4,No,1,6.0,Nothing special to report.,6,4,2,32
EMP03154,42,Female,HR,2,Tokyo,3,No,6,3.0,Love the culture here.,8,4,3,38
EMP03155,52,F,Sales,22,Remote,4,No,2,5.0,It pays the bills.,8,2,4,34
EMP03156,46,Female,HR,15,New York,4,No,2,4.0,Management is very supportive.,8,2,2,30
EMP03157,44,Female,Sales,9,Tokyo,4,No,4,6.0,Work is okay.,6,4,5,38
EMP03158,45,Male,IT,19,London,3,Yes,5,7.0,Average experience.,7,2,2,28
EMP03159,59,Male,Operations,10,Tokyo,3,No,4,6.0,Nothing special to report.,4,5,4,35
EMP03160,49,Female,Operations,4,Tokyo,3,No,4,3.0,Love the culture here.,9,4,3,40
EMP03161,42,Male,Operations,10,New York,5,No,3,8.0,I need a long break.,7,2,2,28
EMP03162,64,Female,Marketing,8,New York,5,No,2,6.0,It pays the bills.,10,5,2,43
EMP03163,39,Male,Operations,22,New York,4,No,5,8.0,Terrible work-life balance.,5,3,3,29
EMP03164,57,Female,Finance,13,Remote,5,No,6,7.0,Work is okay.,4,3,2,25
EMP03165,56,Male,Sales,7,Tokyo,4,Yes,6,6.0,Standard corporate environment.,5,4,4,34
EMP03166,30,Female,Operations,7,Tokyo,3,Yes,2,9.0,Management expects too much.,9,1,2,29
EMP03167,59,Female,Finance,4,Remote,4,No,6,9.0,I need a long break.,6,5,5,41
EMP03168,51,Male,Finance,15,London,3,No,6,4.0,Excellent benefits.,4,4,2,28
EMP03169,55,Male,Finance,12,Berlin,3,No,3,8.0,I am exhausted every day.,7,2,4,32
EMP03170,53,Male,HR,16,London,3,No,5,3.0,I feel energized at work.,5,3,5,33
EMP03171,24,F,HR,6,Remote,3,No,8,5.0,Work is okay.,8,2,2,30
EMP03172,24,Male,Finance,9,Tokyo,4,No,2,3.0,Excellent benefits.,5,5,3,35
EMP03173,49,Female,Marketing,3,Tokyo,2,No,5,4.0,Excellent benefits.,10,4,3,42
EMP03174,36,female,Operations,8,New York,2,No,2,5.0,Work is okay.,5,3,2,27
EMP03175,62,Female,Sales,7,New York,4,No,5,8.0,Management expects too much.,4,5,3,33
EMP03176,44,Male,Marketing,4,Tokyo,4,No,4,8.0,Extremely stressed and burnt out.,6,3,5,35
EMP03177,61,male,IT,13,Tokyo,3,No,4,8.0,I need a long break.,5,3,3,29
EMP03178,32,Male,HR,19,New York,2,No,3,8.0,I need a long break.,10,4,5,46
EMP03179,53,Female,Operations,7,New York,3,No,3,4.0,Great work-life balance.,10,4,2,40
EMP03180,57,F,Operations,10,London,4,No,2,2.0,Great work-life balance.,9,1,3,31
EMP03181,54,Female,IT,12,Tokyo,4,No,3,8.0,I am exhausted every day.,2,1,3,17
EMP03182,45,Female,IT,3,Tokyo,2,Yes,4,9.0,Terrible work-life balance.,3,1,1,15
EMP03183,60,Male,Operations,24,Remote,5,Yes,4,5.0,Work is okay.,9,1,2,29
EMP03184,55,Male,IT,12,London,3,No,2,8.0,Nothing special to report.,4,2,2,22
EMP03185,49,Female,Operations,19,Berlin,3,No,4,7.0,Nothing special to report.,6,1,5,29
EMP03186,58,Male,Marketing,15,Berlin,3,No,3,5.0,Average experience.,6,2,2,26
EMP03187,28,female,IT,8,Berlin,3,No,1,7.0,It pays the bills.,3,3,3,25
EMP03188,25,male,Marketing,12,New York,5,No,5,7.0,Work is okay.,6,2,5,32
EMP03189,58,F,Marketing,20,Berlin,2,No,5,1.0,I feel energized at work.,8,3,3,35
EMP03190,22,Female,IT,6,Remote,3,No,6,7.0,Standard corporate environment.,7,1,2,25
EMP03191,22,Female,Operations,10,New York,3,No,2,5.0,Work is okay.,7,2,5,34
EMP03192,41,male,Finance,2,New York,3,Yes,0,9.0,I need a long break.,7,3,2,31
EMP03193,40,F,Operations,24,Berlin,1,No,6,7.0,Average experience.,5,1,2,21
EMP03194,50,Female,Sales,13,New York,2,No,4,9.0,Terrible work-life balance.,4,3,4,29
EMP03195,31,Male,IT,7,London,3,No,5,6.0,Average experience.,2,4,1,22
EMP03196,39,Male,HR,8,London,3,No,2,1.0,Excellent benefits.,9,3,2,35
EMP03197,49,Female,IT,23,Berlin,4,No,9,9.0,I am exhausted every day.,4,1,2,19
EMP03198,56,Female,Sales,16,Remote,4,No,2,7.0,Standard corporate environment.,10,5,3,45
EMP03199,64,M,Marketing,11,New York,3,No,3,2.0,Great work-life balance.,7,4,4,38
EMP03200,52,Male,HR,4,Tokyo,3,No,3,3.0,Excellent benefits.,7,2,2,28
EMP03201,48,Male,HR,17,Berlin,4,No,3,6.0,Work is okay.,9,4,2,38
EMP03202,32,Male,Operations,16,New York,3,No,1,3.0,Excellent benefits.,7,1,2,25
EMP03203,59,Male,Finance,19,Berlin,3,No,4,8.0,Terrible work-life balance.,6,3,2,29
EMP03204,26,Male,Operations,23,Berlin,4,No,1,4.0,I feel energized at work.,8,5,5,45
EMP03205,29,Female,HR,11,Remote,4,No,6,5.0,Standard corporate environment.,8,1,2,27
EMP03206,55,Female,HR,7,Tokyo,3,No,6,4.0,Management is very supportive.,10,3,4,41
EMP03207,33,Female,Finance,13,New York,1,No,6,2.0,Love the culture here.,4,1,3,21
EMP03208,59,Male,IT,19,Berlin,2,No,2,8.0,Standard corporate environment.,6,5,2,35
EMP03209,22,Male,Finance,17,Berlin,4,Yes,4,5.0,Work is okay.,9,3,3,37
EMP03210,52,Female,Marketing,22,New York,2,No,3,8.0,Management expects too much.,4,5,4,35
EMP03211,25,F,Operations,13,Berlin,3,Yes,4,1.0,Love the culture here.,6,3,3,31
EMP03212,26,Male,IT,12,Berlin,2,No,3,8.0,It pays the bills.,5,4,2,30
EMP03213,51,M,Operations,7,Berlin,3,No,1,3.0,Love the culture here.,4,1,5,25
EMP03214,45,Male,Finance,1,London,3,No,7,2.0,Love the culture here.,4,2,2,22
EMP03215,24,F,IT,1,London,1,No,4,8.0,I am exhausted every day.,7,2,3,30
EMP03216,32,M,Finance,20,Tokyo,2,Yes,4,3.0,Management is very supportive.,9,1,2,29
EMP03217,25,Male,Marketing,23,Remote,4,No,3,3.0,Great work-life balance.,5,2,2,24
EMP03218,47,Female,Sales,14,New York,3,No,2,1.0,Love the culture here.,7,5,3,39
EMP03219,48,Male,HR,15,Remote,4,Yes,2,3.0,Great work-life balance.,4,2,4,26
EMP03220,64,F,IT,11,Remote,2,No,3,7.0,Nothing special to report.,6,1,2,23
EMP03221,48,Female,HR,24,London,4,No,7,9.0,Terrible work-life balance.,4,4,2,28
EMP03222,63,Female,Sales,9,Tokyo,5,No,3,8.0,Extremely stressed and burnt out.,10,1,2,31
EMP03223,27,Female,IT,17,Remote,1,No,3,10.0,Terrible work-life balance.,7,1,2,25
EMP03224,36,M,HR,4,Remote,5,No,4,6.0,Nothing special to report.,6,3,3,31
EMP03225,51,Male,HR,20,Berlin,3,No,5,7.0,Work is okay.,6,2,2,26
EMP03226,63,Female,IT,19,New York,4,Yes,3,6.0,It pays the bills.,6,2,2,26
EMP03227,58,Male,HR,7,Tokyo,3,Yes,2,7.0,Average experience.,9,3,3,37
EMP03228,58,Male,HR,1,New York,3,Yes,3,8.0,I need a long break.,5,5,2,33
EMP03229,63,Female,IT,9,London,3,No,3,8.0,Terrible work-life balance.,3,5,3,31
EMP03230,58,Male,HR,13,Remote,3,No,6,2.0,Management is very supportive.,9,3,4,39
EMP03231,56,Male,HR,24,Remote,4,Yes,2,4.0,Excellent benefits.,10,2,2,34
EMP03232,44,M,Operations,2,New York,3,No,3,8.0,Extremely stressed and burnt out.,10,5,3,45
EMP03233,27,Male,Marketing,2,London,3,No,6,4.0,Excellent benefits.,7,5,3,39
EMP03234,25,Female,Operations,24,Berlin,5,Yes,5,8.0,I am exhausted every day.,8,4,3,38
EMP03235,39,Male,Sales,15,Berlin,5,Yes,9,4.0,I feel energized at work.,6,5,5,41
EMP03236,30,Male,Operations,17,Remote,5,Yes,1,9.0,Extremely stressed and burnt out.,9,2,4,36
EMP03237,50,Male,Operations,13,Remote,4,No,7,1.0,Love the culture here.,5,4,5,36
EMP03238,34,Female,Sales,7,Tokyo,3,No,4,6.0,It pays the bills.,9,4,3,40
EMP03239,38,Female,HR,9,New York,3,No,3,1.0,Management is very supportive.,10,2,5,40
EMP03240,53,Male,HR,12,Remote,3,No,3,6.0,It pays the bills.,10,3,2,37
EMP03241,43,Male,Operations,3,London,5,No,3,4.0,Great work-life balance.,10,1,5,37
EMP03242,25,male,Sales,23,New York,2,No,1,8.0,I need a long break.,10,5,3,45
EMP03243,26,Male,HR,22,Tokyo,3,No,5,8.0,Extremely stressed and burnt out.,7,3,5,37
EMP03244,58,F,Finance,15,Berlin,2,No,4,9.0,Management expects too much.,5,1,2,21
EMP03245,62,Male,IT,7,Tokyo,3,No,3,10.0,Terrible work-life balance.,6,2,1,24
EMP03246,34,Female,IT,23,New York,3,No,0,8.0,Management expects too much.,2,5,3,29
EMP03247,55,Male,Marketing,1,Berlin,4,No,6,8.0,Management expects too much.,9,3,2,35
EMP03248,43,F,IT,14,London,2,No,5,10.0,Extremely stressed and burnt out.,6,1,2,23
EMP03249,44,Female,Operations,19,Berlin,3,No,8,3.0,Excellent benefits.,7,2,2,28
EMP03250,24,Female,IT,16,Berlin,4,No,5,7.0,Work is okay.,7,4,3,36
EMP03251,63,Male,IT,10,London,4,Yes,2,9.0,I need a long break.,3,4,2,26
EMP03252,55,Female,Finance,1,Remote,2,Yes,6,4.0,Love the culture here.,6,4,4,36
EMP03253,53,Female,HR,5,Remote,5,No,2,6.0,Work is okay.,6,2,2,26
EMP03254,42,Male,Finance,3,Berlin,4,Yes,5,7.0,Standard corporate environment.,7,1,2,25
EMP03255,42,Male,Operations,17,Berlin,1,No,4,9.0,I am exhausted every day.,4,2,2,22
EMP03256,32,M,IT,18,Tokyo,4,No,4,7.0,Standard corporate environment.,5,4,1,28
EMP03257,60,Male,HR,21,Remote,4,No,6,5.0,Work is okay.,7,2,3,30
EMP03258,25,Female,Marketing,19,London,3,No,4,2.0,Excellent benefits.,4,5,4,35
EMP03259,22,Female,Marketing,22,Berlin,1,No,7,7.0,Average experience.,6,1,3,25
EMP03260,49,F,IT,22,Berlin,3,No,5,10.0,Management expects too much.,6,5,3,37
EMP03261,45,male,IT,18,Tokyo,4,No,3,7.0,Average experience.,4,4,2,28
EMP03262,56,Other,Marketing,16,Tokyo,3,No,4,9.0,Terrible work-life balance.,5,1,3,23
EMP03263,34,Male,Marketing,2,Tokyo,4,No,4,8.0,Extremely stressed and burnt out.,9,5,2,41
EMP03264,55,F,Operations,15,New York,3,No,5,4.0,Excellent benefits.,7,2,4,32
EMP03265,32,Male,IT,13,London,3,No,4,7.0,Work is okay.,6,3,3,31
EMP03266,57,Female,Marketing,13,New York,3,No,4,8.0,Management expects too much.,8,2,2,30
EMP03267,38,Female,Sales,16,Berlin,3,No,6,6.0,It pays the bills.,5,4,5,36
EMP03268,56,Male,Marketing,8,Tokyo,4,No,4,8.0,Extremely stressed and burnt out.,5,3,4,31
EMP03269,39,male,HR,11,Tokyo,4,Yes,5,9.0,Management expects too much.,4,1,2,19
EMP03270,61,Male,HR,8,Tokyo,3,No,3,3.0,Management is very supportive.,6,3,5,35
EMP03271,43,Female,Sales,22,Remote,3,No,4,8.0,Extremely stressed and burnt out.,4,1,2,19
EMP03272,45,Female,Operations,10,London,4,No,2,8.0,I am exhausted every day.,10,5,4,47
EMP03273,40,Female,IT,23,New York,4,Yes,5,10.0,Terrible work-life balance.,5,5,2,33
EMP03274,58,Male,IT,1,London,4,Yes,6,10.0,I need a long break.,2,5,2,27
EMP03275,60,Female,Marketing,12,Tokyo,3,Yes,4,6.0,Nothing special to report.,9,5,3,43
EMP03276,42,M,HR,9,Berlin,5,Yes,3,1.0,Love the culture here.,10,5,5,49
EMP03277,29,Male,Operations,5,Remote,4,No,5,2.0,I feel energized at work.,10,3,5,43
EMP03278,49,Female,Operations,9,London,2,No,10,8.0,I need a long break.,5,1,5,27
EMP03279,26,Male,Operations,16,Berlin,3,No,4,1.0,Love the culture here.,10,5,3,45
EMP03280,38,Female,Marketing,18,Tokyo,3,Yes,3,9.0,Management expects too much.,9,5,3,43
EMP03281,58,F,IT,8,Tokyo,4,No,5,6.0,Work is okay.,6,1,2,23
EMP03282,57,Female,Operations,23,Tokyo,1,Yes,1,5.0,Standard corporate environment.,7,3,4,35
EMP03283,40,Female,Marketing,11,Tokyo,3,No,6,2.0,Great work-life balance.,6,5,3,37
EMP03284,48,Female,Marketing,20,Remote,3,Yes,5,1.0,Excellent benefits.,8,3,4,37
EMP03285,55,Female,Sales,19,Remote,2,No,3,1.0,Excellent benefits.,7,5,5,43
EMP03286,32,Male,Finance,4,London,3,No,2,5.0,Standard corporate environment.,5,3,4,31
EMP03287,33,Male,Operations,20,Tokyo,4,Yes,2,4.0,Excellent benefits.,7,4,3,36
EMP03288,42,Female,Finance,10,Remote,3,No,0,5.0,Nothing special to report.,10,5,2,43
EMP03289,32,Female,IT,24,Berlin,3,No,4,6.0,Work is okay.,6,5,2,35
EMP03290,60,Female,Marketing,13,Remote,3,No,5,2.0,Management is very supportive.,10,2,4,38
EMP03291,49,Male,Operations,20,Remote,3,No,4,2.0,Management is very supportive.,8,2,5,36
EMP03292,26,Male,HR,14,London,3,No,1,5.0,Standard corporate environment.,10,3,3,39
EMP03293,38,Male,IT,21,Remote,2,No,8,9.0,I am exhausted every day.,5,2,3,26
EMP03294,41,male,Sales,2,Berlin,3,Yes,2,9.0,Terrible work-life balance.,8,3,5,39
EMP03295,62,Female,Sales,4,Tokyo,4,No,6,7.0,Standard corporate environment.,10,5,5,49
EMP03296,33,Male,Finance,7,New York,3,No,4,4.0,Management is very supportive.,7,5,3,39
EMP03297,27,Male,Marketing,19,London,4,No,3,5.0,It pays the bills.,9,4,4,42
EMP03298,38,female,Finance,17,Berlin,3,No,4,7.0,Average experience.,8,4,3,38
EMP03299,40,Male,HR,16,London,1,No,6,9.0,I need a long break.,8,2,4,34
EMP03300,47,M,HR,13,Tokyo,4,No,5,7.0,Work is okay.,6,5,5,41
EMP03301,53,Male,Sales,24,Remote,2,No,3,2.0,Management is very supportive.,10,3,5,43
EMP03302,27,male,Operations,24,Remote,5,No,1,4.0,Great work-life balance.,4,2,2,22
EMP03303,57,F,Sales,22,Berlin,3,No,3,4.0,Management is very supportive.,5,4,3,32
EMP03304,59,Female,Sales,23,Tokyo,3,Yes,3,9.0,Management expects too much.,7,1,2,25
EMP03305,32,Male,HR,18,New York,2,No,3,8.0,Terrible work-life balance.,10,3,2,37
EMP03306,54,Male,Finance,21,New York,4,No,3,6.0,Work is okay.,9,1,4,33
EMP03307,45,Female,HR,12,Remote,5,No,3,8.0,I need a long break.,9,2,4,36
EMP03308,44,Female,Marketing,23,Tokyo,2,No,8,7.0,Work is okay.,8,2,3,32
EMP03309,36,Male,HR,1,Tokyo,3,No,7,8.0,I am exhausted every day.,6,1,3,25
EMP03310,48,Male,HR,15,Berlin,1,No,7,7.0,It pays the bills.,8,2,3,32
EMP03311,32,Female,Sales,3,New York,4,No,5,2.0,Great work-life balance.,9,2,5,38
EMP03312,38,Female,Operations,6,Berlin,3,No,4,6.0,Standard corporate environment.,6,5,5,41
EMP03313,35,Male,Sales,14,London,3,Yes,5,4.0,I feel energized at work.,6,3,5,35
EMP03314,48,Male,IT,23,Tokyo,1,No,6,8.0,Nothing special to report.,2,4,3,26
EMP03315,39,Other,HR,6,New York,4,No,2,6.0,Work is okay.,6,5,5,41
EMP03316,49,Female,HR,1,Berlin,3,No,6,8.0,Management expects too much.,6,2,3,28
EMP03317,25,Female,IT,20,Remote,4,No,5,10.0,Management expects too much.,2,4,3,26
EMP03318,28,Female,HR,6,London,4,No,8,3.0,Great work-life balance.,5,2,2,24
EMP03319,56,Male,HR,8,Berlin,2,Yes,5,1.0,I feel energized at work.,8,3,3,35
EMP03320,30,Male,Marketing,15,Remote,3,No,4,5.0,Average experience.,7,2,4,32
EMP03321,29,Male,HR,14,New York,4,No,7,3.0,Love the culture here.,6,1,5,29
EMP03322,38,M,IT,16,New York,3,No,5,8.0,I am exhausted every day.,7,1,2,25
EMP03323,38,Female,Sales,20,London,2,Yes,2,4.0,Great work-life balance.,7,1,3,27
EMP03324,54,Male,HR,23,Remote,4,No,3,9.0,Management expects too much.,10,1,2,31
EMP03325,53,female,Operations,16,Tokyo,5,No,2,4.0,I feel energized at work.,9,4,5,44
EMP03326,29,Male,IT,19,New York,5,No,8,10.0,I am exhausted every day.,3,1,3,19
EMP03327,40,Other,Finance,24,Tokyo,4,No,3,5.0,It pays the bills.,10,2,3,36
EMP03328,59,Other,Marketing,1,Tokyo,3,Yes,3,1.0,I feel energized at work.,7,5,2,37
EMP03329,24,Male,IT,4,Berlin,3,No,1,7.0,Standard corporate environment.,7,2,1,26
EMP03330,26,Male,Sales,24,Berlin,2,No,7,5.0,Nothing special to report.,10,2,2,34
EMP03331,34,Female,IT,10,New York,3,No,3,8.0,Terrible work-life balance.,4,2,2,22
EMP03332,52,Female,Finance,20,Tokyo,2,No,4,4.0,Management is very supportive.,8,2,3,32
EMP03333,37,Female,Marketing,18,Berlin,3,No,5,5.0,It pays the bills.,8,5,3,41
EMP03334,53,female,Operations,2,Remote,4,No,5,5.0,Standard corporate environment.,4,1,4,23
EMP03335,43,Female,Finance,4,Remote,5,No,3,4.0,Love the culture here.,4,3,5,31
EMP03336,50,Male,IT,15,Remote,5,Yes,5,7.0,Work is okay.,2,4,3,26
EMP03337,43,Male,Finance,4,Remote,2,No,2,8.0,I am exhausted every day.,7,5,4,41
EMP03338,64,Female,IT,16,Tokyo,5,Yes,2,6.0,It pays the bills.,5,5,2,33
EMP03339,24,Male,Operations,15,Remote,2,Yes,2,9.0,I am exhausted every day.,7,5,5,43
EMP03340,31,Female,Operations,18,Tokyo,3,Yes,3,6.0,It pays the bills.,4,4,4,32
EMP03341,63,Male,Sales,7,New York,4,Yes,2,4.0,Excellent benefits.,9,2,4,36
EMP03342,42,Male,Operations,15,New York,3,Yes,7,6.0,Average experience.,7,4,3,36
EMP03343,37,Male,HR,22,Remote,5,No,4,9.0,I am exhausted every day.,7,5,2,37
EMP03344,33,Female,Finance,11,Remote,3,Yes,4,9.0,Management expects too much.,5,2,4,28
EMP03345,23,Male,Finance,19,Remote,3,No,5,3.0,Love the culture here.,9,5,5,47
EMP03346,62,Female,IT,8,New York,2,No,3,10.0,Extremely stressed and burnt out.,6,3,2,29
EMP03347,45,Female,Operations,24,Berlin,4,Yes,5,8.0,I need a long break.,10,1,5,37
EMP03348,56,Female,Sales,1,New York,3,No,8,1.0,Love the culture here.,5,1,2,21
EMP03349,51,Female,Sales,3,Remote,4,No,6,9.0,I am exhausted every day.,4,5,5,37
EMP03350,51,Male,Sales,5,Berlin,4,No,3,7.0,It pays the bills.,9,2,3,34
EMP03351,56,Female,Marketing,18,Berlin,4,No,5,7.0,Work is okay.,6,3,4,33
EMP03352,40,Male,HR,12,London,3,No,5,6.0,Standard corporate environment.,5,3,5,33
EMP03353,29,Female,Operations,12,Tokyo,3,No,1,1.0,Excellent benefits.,5,2,3,26
EMP03354,47,Male,Sales,21,Remote,4,No,7,2.0,I feel energized at work.,4,2,5,28
EMP03355,61,Female,HR,19,Tokyo,5,No,5,3.0,Management is very supportive.,6,3,4,33
EMP03356,28,male,Finance,9,London,4,No,9,1.0,Love the culture here.,8,1,4,31
EMP03357,51,Female,IT,11,Tokyo,2,No,4,10.0,Management expects too much.,5,1,3,23
EMP03358,28,Female,Operations,17,Remote,1,Yes,3,5.0,It pays the bills.,5,3,4,31
EMP03359,24,Female,Operations,16,London,3,No,2,6.0,Work is okay.,8,4,4,40
EMP03360,22,Male,Marketing,4,Tokyo,4,Yes,2,7.0,Nothing special to report.,5,3,3,29
EMP03361,57,male,Finance,10,New York,3,No,3,9.0,Terrible work-life balance.,7,5,4,41
EMP03362,46,Male,Operations,22,Berlin,4,No,0,7.0,Average experience.,4,4,2,28
EMP03363,58,Other,Marketing,15,London,5,No,5,6.0,Nothing special to report.,4,2,3,24
EMP03364,22,Female,Marketing,19,New York,3,No,5,9.0,Terrible work-life balance.,10,3,2,37
EMP03365,36,Female,Marketing,3,Remote,3,No,4,2.0,Great work-life balance.,8,3,2,33
EMP03366,58,Female,Operations,21,Berlin,5,No,4,5.0,Nothing special to report.,4,4,2,28
EMP03367,34,Female,Operations,23,London,3,No,6,5.0,Nothing special to report.,6,3,3,31
EMP03368,61,Female,Operations,5,Berlin,3,No,0,6.0,Work is okay.,6,5,3,37
EMP03369,29,Male,HR,11,London,3,No,4,1.0,I feel energized at work.,9,1,4,33
EMP03370,26,Female,Marketing,24,London,3,Yes,3,5.0,Standard corporate environment.,9,3,3,37
EMP03371,30,Female,HR,5,Tokyo,4,No,7,8.0,Terrible work-life balance.,5,1,3,23
EMP03372,22,F,IT,7,Berlin,3,No,3,8.0,Terrible work-life balance.,2,2,1,16
EMP03373,57,Female,Operations,6,Berlin,3,No,4,3.0,Love the culture here.,8,2,2,30
EMP03374,56,Male,Finance,13,New York,4,No,4,5.0,Nothing special to report.,4,3,5,31
EMP03375,23,Male,Sales,2,Remote,3,Yes,3,7.0,Nothing special to report.,6,2,2,26
EMP03376,61,Female,IT,19,New York,3,No,3,9.0,I am exhausted every day.,4,3,2,25
EMP03377,44,Male,Sales,11,Tokyo,4,Yes,3,2.0,Excellent benefits.,10,1,3,33
EMP03378,30,Male,Sales,20,London,4,No,3,8.0,I need a long break.,8,4,3,38
EMP03379,55,M,Operations,5,Tokyo,3,Yes,6,5.0,It pays the bills.,4,3,4,29
EMP03380,35,Female,Finance,9,Tokyo,2,No,4,9.0,I am exhausted every day.,9,4,3,40
EMP03381,25,Female,Sales,6,New York,4,No,4,1.0,Excellent benefits.,9,1,2,29
EMP03382,51,Male,Marketing,17,London,4,No,6,4.0,Excellent benefits.,4,1,5,25
EMP03383,52,Female,Sales,19,Remote,3,No,10,8.0,I am exhausted every day.,8,4,3,38
EMP03384,59,Male,IT,23,Tokyo,2,No,4,6.0,Work is okay.,5,3,3,29
EMP03385,32,Female,Finance,8,Remote,2,No,4,9.0,Extremely stressed and burnt out.,5,4,4,34
EMP03386,56,Male,Finance,7,London,4,Yes,4,1.0,I feel energized at work.,6,3,5,35
EMP03387,29,F,Sales,5,London,3,No,1,1.0,I feel energized at work.,9,3,3,37
EMP03388,24,Female,Finance,15,New York,4,Yes,2,7.0,Standard corporate environment.,10,4,3,42
EMP03389,35,Female,IT,10,Berlin,3,No,4,8.0,Extremely stressed and burnt out.,3,1,2,17
EMP03390,34,Female,IT,24,New York,4,No,2,10.0,Management expects too much.,2,5,2,27
EMP03391,53,Female,IT,16,Remote,5,No,7,9.0,I am exhausted every day.,3,2,2,20
EMP03392,55,Male,Marketing,9,New York,2,No,5,6.0,It pays the bills.,4,5,5,37
EMP03393,40,Female,Operations,7,London,3,No,2,7.0,Work is okay.,10,1,5,37
EMP03394,59,Male,Sales,11,Tokyo,2,No,3,8.0,Extremely stressed and burnt out.,4,2,3,24
EMP03395,37,male,Finance,9,Berlin,3,Yes,2,6.0,It pays the bills.,4,4,4,32
EMP03396,23,M,IT,17,London,2,No,6,7.0,Standard corporate environment.,7,5,2,37
EMP03397,61,Male,Sales,9,Tokyo,2,Yes,3,7.0,Work is okay.,10,3,5,43
EMP03398,38,M,Sales,3,Remote,5,No,3,7.0,It pays the bills.,8,1,4,31
EMP03399,55,Male,Operations,22,Remote,4,Yes,3,7.0,Standard corporate environment.,7,1,3,27
EMP03400,63,Male,Marketing,8,Remote,4,No,3,2.0,Management is very supportive.,5,1,4,25
EMP03401,37,female,Finance,19,New York,3,No,3,3.0,I feel energized at work.,5,5,4,37
EMP03402,59,Female,Marketing,20,Remote,3,No,6,5.0,It pays the bills.,6,3,5,35
EMP03403,23,Female,Finance,16,Remote,1,No,7,1.0,Great work-life balance.,6,5,5,41
EMP03404,23,Male,IT,7,New York,3,No,4,10.0,I am exhausted every day.,7,3,1,29
EMP03405,47,Male,IT,7,Tokyo,3,Yes,2,6.0,Standard corporate environment.,4,2,2,22
EMP03406,34,Other,Sales,20,London,1,Yes,8,9.0,I am exhausted every day.,10,4,5,46
EMP03407,52,Male,Finance,13,Berlin,4,No,5,5.0,Average experience.,8,1,2,27
EMP03408,55,Male,Finance,3,Remote,3,No,3,5.0,Average experience.,6,3,2,29
EMP03409,60,Female,Marketing,12,Remote,3,No,7,9.0,Management expects too much.,7,5,2,37
EMP03410,24,Female,IT,24,Remote,3,Yes,1,9.0,Management expects too much.,6,5,1,33
EMP03411,29,Female,HR,8,New York,5,No,3,8.0,I am exhausted every day.,4,1,4,23
EMP03412,44,Male,Sales,13,New York,2,No,4,4.0,Management is very supportive.,8,1,4,31
EMP03413,35,Male,Finance,20,New York,3,No,3,8.0,Management expects too much.,10,1,4,35
EMP03414,48,Male,Operations,16,Berlin,3,No,5,9.0,I need a long break.,4,2,3,24
EMP03415,50,male,Operations,7,London,2,No,4,5.0,Work is okay.,8,4,5,42
EMP03416,60,Male,HR,4,Remote,4,No,4,1.0,Excellent benefits.,6,3,2,29
EMP03417,60,Female,IT,12,Tokyo,3,No,5,8.0,Management expects too much.,4,1,2,19
EMP03418,22,Female,IT,17,Remote,2,No,2,9.0,Terrible work-life balance.,2,3,1,19
EMP03419,38,M,IT,1,Remote,2,Yes,4,6.0,It pays the bills.,3,5,2,29
EMP03420,62,F,Marketing,17,Remote,4,Yes,4,4.0,Excellent benefits.,10,4,4,44
EMP03421,51,Male,Operations,2,Remote,2,No,0,5.0,Work is okay.,4,4,5,34
EMP03422,34,Male,IT,6,London,3,Yes,5,10.0,I need a long break.,7,3,3,33
EMP03423,42,Female,Operations,12,Tokyo,2,No,5,2.0,Love the culture here.,10,5,4,47
EMP03424,40,Male,HR,11,New York,2,No,3,5.0,It pays the bills.,5,5,4,37
EMP03425,40,Female,Sales,21,Tokyo,3,No,3,5.0,It pays the bills.,9,2,3,34
EMP03426,46,Female,Marketing,11,Remote,3,Yes,5,7.0,Nothing special to report.,5,1,4,25
EMP03427,43,F,Finance,18,Tokyo,3,No,4,4.0,Great work-life balance.,10,5,3,45
EMP03428,52,Male,HR,8,Remote,2,No,3,6.0,Work is okay.,6,1,5,29
EMP03429,38,male,Operations,7,Tokyo,4,Yes,1,9.0,I am exhausted every day.,6,1,4,27
EMP03430,44,Male,HR,14,Berlin,3,No,5,7.0,Average experience.,5,3,5,33
EMP03431,53,Female,Finance,16,Tokyo,2,No,7,5.0,It pays the bills.,7,1,3,27
EMP03432,31,Female,Marketing,12,New York,3,No,2,5.0,Standard corporate environment.,10,3,4,41
EMP03433,31,Female,Sales,9,New York,2,Yes,6,9.0,I am exhausted every day.,5,4,2,30
EMP03434,57,Female,Finance,20,Tokyo,3,No,4,5.0,Nothing special to report.,5,5,5,39
EMP03435,29,female,Marketing,23,Tokyo,3,No,4,3.0,I feel energized at work.,6,3,2,29
EMP03436,41,male,Operations,21,London,2,No,7,8.0,Terrible work-life balance.,6,2,5,32
EMP03437,53,F,Finance,16,Tokyo,2,No,4,7.0,Average experience.,9,3,4,39
EMP03438,35,Male,HR,21,New York,3,No,2,5.0,Standard corporate environment.,7,1,5,31
EMP03439,49,F,IT,19,Berlin,4,Yes,0,10.0,I need a long break.,6,2,1,24
EMP03440,45,Female,HR,16,New York,2,No,3,1.0,Management is very supportive.,9,1,3,31
EMP03441,36,Male,Operations,9,London,2,No,7,8.0,I am exhausted every day.,9,2,5,38
EMP03442,43,Male,Sales,13,Tokyo,3,No,3,6.0,Standard corporate environment.,4,3,4,29
EMP03443,51,Male,Finance,5,Berlin,3,No,3,5.0,It pays the bills.,6,1,2,23
EMP03444,25,Male,Sales,22,New York,2,No,3,7.0,Nothing special to report.,6,3,2,29
EMP03445,34,Female,Operations,19,Berlin,3,Yes,3,2.0,Love the culture here.,4,5,2,31
EMP03446,44,female,Finance,10,Remote,3,Yes,3,3.0,Excellent benefits.,8,2,3,32
EMP03447,29,Female,Marketing,7,New York,2,No,1,9.0,Extremely stressed and burnt out.,4,4,2,28
EMP03448,39,Female,Marketing,9,Remote,3,No,5,5.0,It pays the bills.,9,4,2,38
EMP03449,33,female,HR,14,Berlin,1,No,3,6.0,Work is okay.,4,3,3,27
EMP03450,52,Male,HR,15,Tokyo,4,No,6,8.0,Terrible work-life balance.,8,2,4,34
EMP03451,35,F,Operations,13,Tokyo,5,Yes,3,3.0,Love the culture here.,8,2,3,32
EMP03452,55,Female,Marketing,10,Tokyo,4,No,5,1.0,Great work-life balance.,8,3,2,33
EMP03453,39,Female,Finance,14,Remote,3,Yes,6,4.0,Management is very supportive.,5,4,3,32
EMP03454,55,Male,Marketing,21,Tokyo,4,Yes,2,2.0,Great work-life balance.,6,5,4,39
EMP03455,32,Female,HR,23,London,3,Yes,4,9.0,I am exhausted every day.,6,4,4,36
EMP03456,62,Male,Operations,12,New York,4,No,3,4.0,Excellent benefits.,5,1,4,25
EMP03457,33,Female,Marketing,19,New York,4,Yes,4,9.0,I need a long break.,6,4,3,34
EMP03458,36,Male,Operations,6,Berlin,4,No,6,7.0,Standard corporate environment.,4,1,2,19
EMP03459,52,F,Marketing,12,Remote,3,Yes,5,7.0,Standard corporate environment.,4,1,2,19
EMP03460,50,Male,Sales,24,New York,3,Yes,5,1.0,Great work-life balance.,7,5,2,37
EMP03461,47,Male,Marketing,13,Remote,3,No,6,2.0,I feel energized at work.,7,5,3,39
EMP03462,39,Female,HR,8,Berlin,1,No,0,5.0,It pays the bills.,6,4,4,36
EMP03463,53,Male,Finance,16,Tokyo,3,No,1,5.0,Average experience.,7,3,4,35
EMP03464,43,Female,HR,2,Berlin,3,No,1,7.0,Work is okay.,8,4,3,38
EMP03465,59,female,HR,22,London,3,Yes,5,3.0,Love the culture here.,8,5,5,45
EMP03466,38,Female,HR,7,Tokyo,5,No,7,8.0,I am exhausted every day.,5,1,3,23
EMP03467,44,Male,Operations,12,Tokyo,3,No,8,4.0,Love the culture here.,7,1,2,25
EMP03468,45,Female,IT,7,Tokyo,2,No,4,6.0,Work is okay.,3,3,2,23
EMP03469,29,Female,IT,19,Berlin,4,No,4,9.0,Management expects too much.,4,4,1,26
EMP03470,62,M,Sales,14,London,5,No,7,5.0,Nothing special to report.,9,3,3,37
EMP03471,27,Male,HR,9,Remote,3,Yes,2,4.0,Management is very supportive.,6,3,5,35
EMP03472,26,Female,IT,18,Berlin,2,Yes,3,8.0,Extremely stressed and burnt out.,5,4,1,28
EMP03473,50,Female,Sales,11,New York,3,No,2,7.0,Standard corporate environment.,10,2,4,38
EMP03474,49,Male,Operations,16,New York,2,Yes,6,8.0,Terrible work-life balance.,9,4,5,44
EMP03475,32,Male,HR,19,Berlin,4,No,3,2.0,Excellent benefits.,4,3,3,27
EMP03476,22,Female,Finance,11,Remote,4,No,4,9.0,I am exhausted every day.,9,2,2,32
EMP03477,64,M,Operations,18,New York,3,No,4,7.0,Average experience.,10,3,3,39
EMP03478,40,male,Sales,11,Remote,4,No,4,7.0,Work is okay.,10,3,5,43
EMP03479,30,Female,Operations,4,Tokyo,4,No,4,4.0,Management is very supportive.,6,3,2,29
EMP03480,48,Male,Finance,18,Berlin,5,No,5,7.0,Standard corporate environment.,9,1,5,35
EMP03481,55,Male,Operations,19,Tokyo,5,No,7,2.0,I feel energized at work.,8,4,2,36
EMP03482,25,Other,Sales,13,New York,1,No,5,3.0,I feel energized at work.,7,5,2,37
EMP03483,57,Other,Finance,4,Remote,2,No,10,2.0,I feel energized at work.,9,1,5,35
EMP03484,39,male,Finance,10,Tokyo,3,No,3,5.0,Standard corporate environment.,9,4,2,38
EMP03485,36,Female,Operations,22,New York,5,No,2,1.0,Management is very supportive.,5,1,5,27
EMP03486,34,Male,Finance,5,London,5,No,6,2.0,I feel energized at work.,5,4,5,36
EMP03487,40,M,Operations,3,Tokyo,3,Yes,1,6.0,Nothing special to report.,6,2,4,30
EMP03488,27,Female,HR,16,London,2,No,8,6.0,It pays the bills.,8,5,2,39
EMP03489,33,Male,Finance,8,London,2,No,2,8.0,I am exhausted every day.,6,2,4,30
EMP03490,58,Female,Operations,24,New York,4,Yes,8,9.0,I need a long break.,6,2,3,28
EMP03491,38,Male,HR,7,Berlin,3,Yes,3,9.0,I am exhausted every day.,6,4,2,32
EMP03492,44,Male,Finance,19,Remote,3,No,9,7.0,Average experience.,6,3,5,35
EMP03493,47,Female,HR,14,New York,3,Yes,4,1.0,Love the culture here.,10,3,4,41
EMP03494,50,Female,Marketing,15,Tokyo,4,Yes,3,4.0,I feel energized at work.,4,3,2,25
EMP03495,54,F,Finance,17,Remote,4,No,6,7.0,It pays the bills.,8,3,2,33
EMP03496,48,Male,Marketing,21,Berlin,3,Yes,6,2.0,Great work-life balance.,10,5,2,43
EMP03497,46,Male,Sales,1,New York,3,Yes,4,9.0,Management expects too much.,10,2,4,38
EMP03498,31,Male,Sales,6,Berlin,4,No,2,1.0,I feel energized at work.,5,1,2,21
EMP03499,44,Male,Operations,23,Tokyo,5,No,3,9.0,Management expects too much.,8,5,3,41
EMP03500,42,Male,IT,15,New York,3,No,3,10.0,Terrible work-life balance.,4,4,2,28
EMP03501,42,Female,Marketing,12,Tokyo,3,No,3,6.0,It pays the bills.,6,5,5,41
EMP03502,64,Female,Marketing,21,Remote,3,No,3,7.0,Work is okay.,5,5,2,33
EMP03503,34,Female,Sales,20,Remote,3,No,3,2.0,Excellent benefits.,10,4,4,44
EMP03504,58,Other,Marketing,2,Berlin,2,Yes,1,2.0,Management is very supportive.,5,1,4,25
EMP03505,54,Female,IT,5,Berlin,3,Yes,2,8.0,Management expects too much.,3,2,1,18
EMP03506,45,Male,HR,9,Remote,3,No,6,6.0,Nothing special to report.,9,5,2,41
EMP03507,32,Male,HR,20,London,4,No,2,1.0,Great work-life balance.,9,4,2,38
EMP03508,38,F,IT,14,Remote,2,No,7,8.0,I am exhausted every day.,5,4,2,30
EMP03509,25,Female,Marketing,18,New York,2,No,6,4.0,Great work-life balance.,5,1,2,21
EMP03510,46,M,Marketing,22,Tokyo,3,No,2,8.0,Terrible work-life balance.,4,5,2,31
EMP03511,51,F,Marketing,8,Remote,3,Yes,8,8.0,I am exhausted every day.,9,4,3,40
EMP03512,30,male,Operations,2,Remote,3,No,2,5.0,Work is okay.,7,1,2,25
EMP03513,42,female,Finance,9,Tokyo,4,No,6,7.0,It pays the bills.,9,1,5,35
EMP03514,41,Female,IT,7,Tokyo,2,No,4,10.0,I need a long break.,7,4,2,34
EMP03515,40,Male,IT,18,New York,3,Yes,3,9.0,Management expects too much.,2,4,2,24
EMP03516,40,female,IT,16,Tokyo,3,No,9,9.0,I need a long break.,4,5,2,31
EMP03517,33,Female,IT,21,Berlin,4,No,4,7.0,Nothing special to report.,4,5,2,31
EMP03518,58,Male,IT,5,Remote,3,Yes,6,8.0,Average experience.,4,2,1,20
EMP03519,63,Female,Marketing,23,Tokyo,3,No,3,3.0,Love the culture here.,10,4,4,44
EMP03520,38,Female,Operations,15,New York,3,No,8,4.0,Love the culture here.,6,3,3,31
EMP03521,58,F,Sales,5,Tokyo,3,No,3,5.0,Work is okay.,9,3,3,37
EMP03522,60,Female,Marketing,11,Remote,4,Yes,4,1.0,Excellent benefits.,8,2,2,30
EMP03523,49,Male,Marketing,22,London,3,Yes,2,9.0,Management expects too much.,8,4,2,36
EMP03524,62,female,Finance,14,Tokyo,4,No,5,8.0,I need a long break.,6,1,2,23
EMP03525,56,M,Sales,19,Berlin,3,No,4,2.0,Management is very supportive.,8,3,4,37
EMP03526,39,Female,IT,3,Remote,5,No,5,10.0,I am exhausted every day.,5,5,2,33
EMP03527,35,Male,Sales,24,New York,3,No,2,9.0,Management expects too much.,6,3,4,33
EMP03528,56,Male,Operations,10,Remote,4,Yes,7,3.0,I feel energized at work.,8,4,4,40
EMP03529,62,Female,HR,6,London,3,No,3,5.0,It pays the bills.,9,3,4,39
EMP03530,28,Male,Marketing,3,New York,3,No,1,9.0,Terrible work-life balance.,9,2,2,32
EMP03531,62,Male,Sales,2,London,3,No,2,6.0,Nothing special to report.,6,5,3,37
EMP03532,34,Female,Finance,13,London,4,No,2,5.0,It pays the bills.,5,2,2,24
EMP03533,39,Female,Operations,18,Berlin,3,No,6,8.0,I need a long break.,10,1,2,31
EMP03534,58,Female,HR,2,Tokyo,3,No,6,5.0,Work is okay.,7,1,5,31
EMP03535,34,Male,Operations,15,Berlin,2,Yes,3,9.0,Extremely stressed and burnt out.,9,1,2,29
EMP03536,57,Female,IT,5,Berlin,5,Yes,1,8.0,Terrible work-life balance.,3,1,2,17
EMP03537,52,Female,HR,15,Berlin,3,Yes,5,3.0,I feel energized at work.,7,4,4,38
EMP03538,23,Male,Finance,21,New York,3,No,6,1.0,Excellent benefits.,5,4,2,30
EMP03539,37,Male,HR,17,Tokyo,5,No,2,4.0,Excellent benefits.,4,4,3,30
EMP03540,30,Female,Finance,2,Tokyo,5,No,2,7.0,Nothing special to report.,5,2,5,30
EMP03541,30,female,IT,18,New York,3,No,2,10.0,Terrible work-life balance.,5,2,2,24
EMP03542,59,Female,Finance,15,Berlin,4,No,6,3.0,Love the culture here.,5,3,5,33
EMP03543,32,Male,Operations,20,Berlin,3,Yes,3,8.0,Management expects too much.,9,5,5,47
EMP03544,43,Male,Sales,23,London,2,No,5,2.0,I feel energized at work.,8,2,4,34
EMP03545,54,F,Operations,3,London,4,No,5,5.0,Average experience.,7,3,5,37
EMP03546,57,Male,Marketing,5,Remote,4,No,3,3.0,Management is very supportive.,10,1,5,37
EMP03547,44,Female,Operations,11,London,3,No,6,6.0,Standard corporate environment.,6,1,4,27
EMP03548,55,Female,HR,9,Tokyo,2,No,3,7.0,Standard corporate environment.,4,2,3,24
EMP03549,30,Male,IT,5,New York,3,No,4,10.0,I need a long break.,4,4,3,30
EMP03550,45,M,Marketing,1,Berlin,4,No,2,5.0,Nothing special to report.,8,3,5,39
EMP03551,29,Female,Marketing,14,Remote,5,No,5,1.0,Excellent benefits.,10,5,3,45
EMP03552,28,Female,Marketing,5,London,3,No,4,4.0,Love the culture here.,4,3,3,27
EMP03553,57,Male,Sales,8,Remote,4,No,4,1.0,Excellent benefits.,5,4,2,30
EMP03554,39,Male,Finance,21,New York,3,No,6,9.0,Terrible work-life balance.,5,4,3,32
EMP03555,24,Female,HR,14,New York,4,No,3,9.0,Management expects too much.,6,2,5,32
EMP03556,49,Female,IT,16,Remote,2,No,3,10.0,I need a long break.,3,4,2,26
EMP03557,27,Male,Sales,6,Remote,3,Yes,7,5.0,Nothing special to report.,9,4,4,42
EMP03558,42,Male,Operations,8,Remote,3,No,5,5.0,Standard corporate environment.,9,5,3,43
EMP03559,49,Male,IT,2,Berlin,5,No,7,7.0,Average experience.,4,4,2,28
EMP03560,61,Other,Marketing,19,Tokyo,3,No,6,3.0,Great work-life balance.,9,1,4,33
EMP03561,22,Female,IT,9,London,3,No,2,10.0,Management expects too much.,2,4,2,24
EMP03562,57,male,IT,5,London,4,No,5,7.0,Average experience.,7,1,2,25
EMP03563,42,Male,Operations,5,London,3,No,4,4.0,Excellent benefits.,5,5,4,37
EMP03564,64,female,Finance,19,Remote,3,No,2,1.0,Management is very supportive.,5,2,5,30
EMP03565,56,Male,HR,4,Remote,3,No,4,7.0,Nothing special to report.,8,1,5,33
EMP03566,34,Female,Marketing,16,Remote,4,No,6,2.0,Love the culture here.,10,2,3,36
EMP03567,31,M,Finance,16,Berlin,3,No,5,8.0,I need a long break.,5,2,4,28
EMP03568,31,Male,Sales,16,Berlin,2,No,4,1.0,I feel energized at work.,5,1,2,21
EMP03569,34,Female,Marketing,7,Berlin,3,No,1,2.0,Great work-life balance.,5,3,2,27
EMP03570,58,Male,HR,18,Berlin,5,No,4,5.0,It pays the bills.,9,4,2,38
EMP03571,59,Male,Sales,24,New York,2,No,4,5.0,Work is okay.,8,5,3,41
EMP03572,45,Female,Operations,21,Berlin,3,Yes,5,5.0,Nothing special to report.,9,2,5,38
EMP03573,23,Female,Finance,1,Berlin,4,No,3,7.0,Average experience.,6,3,2,29
EMP03574,43,Female,Marketing,3,Berlin,2,Yes,3,4.0,I feel energized at work.,10,2,3,36
EMP03575,38,Female,IT,21,London,3,No,3,6.0,Nothing special to report.,4,3,2,25
EMP03576,57,Female,HR,8,London,5,No,5,3.0,Love the culture here.,4,5,4,35
EMP03577,35,Male,Marketing,1,London,1,No,2,8.0,Extremely stressed and burnt out.,8,3,4,37
EMP03578,31,Male,IT,7,Tokyo,4,No,7,8.0,Management expects too much.,2,5,2,27
EMP03579,56,Other,Marketing,7,New York,4,No,2,8.0,I need a long break.,5,4,2,30
EMP03580,46,Male,Sales,8,Remote,3,No,4,1.0,Great work-life balance.,4,3,2,25
EMP03581,24,Female,IT,19,Berlin,3,No,2,7.0,Nothing special to report.,4,2,3,24
EMP03582,59,Male,IT,17,London,5,No,8,10.0,Extremely stressed and burnt out.,7,4,2,34
EMP03583,38,Female,Marketing,11,New York,4,Yes,3,7.0,It pays the bills.,4,2,4,26
EMP03584,33,Female,Operations,15,Berlin,2,No,5,1.0,I feel energized at work.,7,2,4,32
EMP03585,45,Male,Operations,9,Tokyo,3,Yes,5,2.0,Management is very supportive.,6,4,2,32
EMP03586,50,Male,Finance,17,Remote,4,No,3,1.0,Excellent benefits.,7,4,4,38
EMP03587,64,Female,Sales,11,Berlin,3,No,3,3.0,I feel energized at work.,9,5,2,41
EMP03588,46,Male,Operations,6,Remote,3,Yes,4,9.0,I need a long break.,9,3,4,39
EMP03589,57,Male,Marketing,9,Berlin,5,Yes,6,1.0,I feel energized at work.,8,5,3,41
EMP03590,47,Female,Operations,18,Tokyo,3,Yes,4,3.0,Management is very supportive.,5,1,5,27
EMP03591,59,Male,Finance,20,New York,4,No,4,2.0,Management is very supportive.,6,1,5,29
EMP03592,22,F,HR,2,Remote,4,No,6,5.0,It pays the bills.,6,5,3,37
EMP03593,41,Female,Finance,4,Remote,2,No,2,7.0,Work is okay.,10,5,2,43
EMP03594,49,Male,IT,18,New York,4,No,8,7.0,Nothing special to report.,6,3,2,29
EMP03595,37,Female,IT,1,Remote,3,Yes,7,10.0,Management expects too much.,3,4,2,26
EMP03596,38,Female,Operations,11,London,3,No,3,3.0,Love the culture here.,9,1,3,31
EMP03597,61,Male,Operations,3,New York,3,Yes,4,7.0,It pays the bills.,7,4,4,38
EMP03598,49,Female,Finance,8,Tokyo,3,No,3,9.0,Terrible work-life balance.,8,2,2,30
EMP03599,33,Male,Finance,5,Berlin,4,No,5,2.0,Management is very supportive.,10,2,5,40
EMP03600,48,Male,Marketing,20,Berlin,5,No,2,6.0,Standard corporate environment.,6,4,4,36
EMP03601,63,Male,Sales,21,New York,4,Yes,2,5.0,Standard corporate environment.,7,2,5,34
EMP03602,51,Male,Marketing,22,London,3,Yes,3,9.0,I am exhausted every day.,6,1,3,25
EMP03603,62,Male,IT,22,Tokyo,4,No,5,6.0,It pays the bills.,2,1,1,13
EMP03604,55,Female,Marketing,5,Berlin,1,No,3,7.0,It pays the bills.,8,2,2,30
EMP03605,58,Female,Finance,11,Berlin,2,No,2,5.0,Average experience.,8,1,5,33
EMP03606,27,Female,Marketing,12,London,2,No,1,4.0,Love the culture here.,10,2,2,34
EMP03607,28,Female,HR,22,Remote,3,No,0,8.0,I am exhausted every day.,7,3,2,31
EMP03608,53,M,Sales,9,New York,2,No,2,2.0,Love the culture here.,4,3,4,29
EMP03609,53,Female,Finance,21,London,3,No,2,1.0,Management is very supportive.,8,4,4,40
EMP03610,46,Female,Operations,13,London,3,No,5,3.0,Love the culture here.,5,2,2,24
EMP03611,54,Male,Marketing,22,London,3,Yes,2,7.0,It pays the bills.,6,3,3,31
EMP03612,28,F,Finance,20,London,5,No,3,1.0,Management is very supportive.,4,3,3,27
EMP03613,33,Male,Operations,3,Remote,5,No,2,5.0,Nothing special to report.,4,1,2,19
EMP03614,37,Male,Operations,13,Tokyo,4,No,4,5.0,Average experience.,7,4,3,36
EMP03615,37,Female,IT,22,London,3,Yes,4,8.0,Terrible work-life balance.,5,4,3,32
EMP03616,64,Male,IT,11,London,4,No,2,8.0,Terrible work-life balance.,6,3,2,29
EMP03617,57,Male,Finance,11,New York,4,No,5,1.0,Management is very supportive.,4,3,2,25
EMP03618,34,Female,Finance,21,Berlin,4,No,4,5.0,Standard corporate environment.,7,4,5,40
EMP03619,28,Female,HR,20,Remote,2,No,4,8.0,I am exhausted every day.,9,1,5,35
EMP03620,57,Female,Sales,21,London,3,No,2,9.0,Terrible work-life balance.,9,5,5,47
EMP03621,30,M,Sales,7,Tokyo,3,No,7,6.0,Work is okay.,5,1,2,21
EMP03622,53,Male,Finance,17,Tokyo,3,No,4,1.0,Love the culture here.,9,5,3,43
EMP03623,32,Male,IT,16,Tokyo,3,No,1,10.0,Extremely stressed and burnt out.,4,4,3,30
EMP03624,29,Female,Marketing,14,New York,4,Yes,2,5.0,Nothing special to report.,9,4,3,40
EMP03625,54,Male,HR,1,Tokyo,4,No,1,5.0,Work is okay.,10,4,2,40
EMP03626,44,Female,Sales,11,New York,1,No,5,1.0,I feel energized at work.,8,2,2,30
EMP03627,46,Male,Finance,13,Remote,3,Yes,4,3.0,I feel energized at work.,10,2,5,40
EMP03628,29,Female,IT,1,Tokyo,4,No,3,8.0,Terrible work-life balance.,7,2,1,26
EMP03629,43,Female,IT,2,Berlin,2,No,3,7.0,Average experience.,5,4,3,32
EMP03630,25,Female,IT,9,London,2,No,6,10.0,Extremely stressed and burnt out.,4,3,3,27
EMP03631,61,Female,Marketing,13,Remote,4,No,6,9.0,Extremely stressed and burnt out.,5,4,3,32
EMP03632,24,Female,Operations,5,Berlin,3,No,5,7.0,Work is okay.,4,5,3,33
EMP03633,50,Male,Marketing,9,Remote,4,No,3,6.0,Nothing special to report.,7,1,2,25
EMP03634,62,Male,IT,13,Tokyo,4,No,5,6.0,Work is okay.,5,5,3,35
EMP03635,50,Male,Finance,5,Remote,4,No,6,6.0,Work is okay.,6,1,4,27
EMP03636,55,Female,HR,15,Remote,1,No,3,4.0,Excellent benefits.,6,5,2,35
EMP03637,55,Male,Marketing,7,Remote,2,Yes,5,5.0,It pays the bills.,7,1,5,31
EMP03638,49,Female,Finance,14,New York,3,No,2,2.0,Great work-life balance.,6,3,5,35
EMP03639,34,Male,IT,16,Berlin,2,No,3,7.0,It pays the bills.,4,1,3,21
EMP03640,36,Female,HR,6,Tokyo,3,Yes,5,6.0,It pays the bills.,8,4,5,42
EMP03641,44,F,Sales,2,London,4,Yes,3,5.0,Nothing special to report.,4,5,4,35
EMP03642,47,Male,Sales,16,Tokyo,5,Yes,3,6.0,It pays the bills.,5,2,4,28
EMP03643,25,Male,Finance,19,Tokyo,4,No,6,2.0,I feel energized at work.,8,3,4,37
EMP03644,47,Male,HR,5,New York,3,No,4,2.0,Love the culture here.,9,5,4,45
EMP03645,61,Female,Finance,4,New York,4,Yes,5,1.0,Excellent benefits.,8,3,5,39
EMP03646,30,Female,HR,14,Remote,3,No,6,2.0,Love the culture here.,8,2,3,32
EMP03647,26,Male,HR,6,Tokyo,3,No,3,7.0,It pays the bills.,9,2,3,34
EMP03648,53,Female,Finance,8,Berlin,4,Yes,4,2.0,Management is very supportive.,7,2,2,28
EMP03649,41,Male,HR,24,New York,1,No,5,3.0,Excellent benefits.,10,2,3,36
EMP03650,32,Female,Marketing,3,New York,3,No,3,6.0,Nothing special to report.,7,2,3,30
EMP03651,36,Female,IT,4,Berlin,4,No,3,7.0,Standard corporate environment.,5,4,2,30
EMP03652,53,Female,HR,1,New York,2,No,1,9.0,Management expects too much.,7,1,4,29
EMP03653,49,Male,Marketing,2,Berlin,5,No,5,2.0,Love the culture here.,7,2,5,34
EMP03654,43,F,HR,13,London,1,Yes,6,7.0,Average experience.,5,5,3,35
EMP03655,62,Female,Marketing,9,Berlin,4,No,9,1.0,Great work-life balance.,5,5,4,37
EMP03656,38,Male,Finance,12,London,3,No,3,5.0,Nothing special to report.,5,2,4,28
EMP03657,47,Male,Sales,10,Remote,2,No,5,9.0,Extremely stressed and burnt out.,7,3,2,31
EMP03658,28,Female,Operations,10,Remote,2,No,4,8.0,I am exhausted every day.,10,2,4,38
EMP03659,63,M,HR,18,New York,4,No,4,6.0,Standard corporate environment.,8,4,5,42
EMP03660,47,M,Operations,12,Berlin,4,No,2,6.0,Work is okay.,4,1,3,21
EMP03661,46,Female,HR,22,New York,4,No,3,6.0,Work is okay.,8,5,5,45
EMP03662,31,F,Finance,16,Berlin,5,No,5,8.0,I am exhausted every day.,6,2,3,28
EMP03663,40,Male,Finance,23,New York,4,No,7,2.0,Management is very supportive.,5,1,2,21
EMP03664,32,Male,Marketing,6,Remote,1,No,2,9.0,Extremely stressed and burnt out.,8,1,2,27
EMP03665,34,male,HR,24,Remote,4,No,5,8.0,I am exhausted every day.,7,2,3,30
EMP03666,29,Female,Finance,24,New York,3,No,1,2.0,Excellent benefits.,9,1,2,29
EMP03667,61,Female,Finance,21,Berlin,3,No,3,8.0,I am exhausted every day.,7,5,3,39
EMP03668,25,Female,HR,24,Tokyo,2,No,6,1.0,Management is very supportive.,5,2,3,26
EMP03669,52,female,Marketing,10,Berlin,3,No,7,6.0,It pays the bills.,5,3,3,29
EMP03670,49,Female,Marketing,15,New York,4,No,5,6.0,Work is okay.,6,2,3,28
EMP03671,32,M,Marketing,9,Berlin,3,Yes,9,9.0,Management expects too much.,8,5,3,41
EMP03672,64,Female,Marketing,24,London,4,No,5,9.0,I need a long break.,9,2,2,32
EMP03673,22,Male,Sales,2,Berlin,5,No,0,5.0,Work is okay.,6,2,2,26
EMP03674,59,M,HR,18,Remote,1,Yes,5,1.0,Management is very supportive.,4,2,2,22
EMP03675,45,Male,Sales,12,Remote,4,No,4,1.0,I feel energized at work.,7,4,3,36
EMP03676,52,F,Finance,3,London,4,Yes,5,7.0,Standard corporate environment.,9,4,3,40
EMP03677,62,Female,Sales,7,Berlin,1,Yes,2,4.0,I feel energized at work.,4,5,3,33
EMP03678,47,Female,Marketing,9,Tokyo,4,No,9,9.0,Terrible work-life balance.,7,1,4,29
EMP03679,26,Female,Finance,8,Berlin,3,No,2,3.0,Love the culture here.,5,2,3,26
EMP03680,41,Male,Sales,6,Remote,3,No,5,6.0,Standard corporate environment.,4,2,4,26
EMP03681,62,Male,Sales,1,Remote,2,Yes,4,9.0,Terrible work-life balance.,10,4,4,44
EMP03682,32,Other,HR,14,New York,3,Yes,4,4.0,I feel energized at work.,5,3,4,31
EMP03683,54,female,Sales,16,Remote,3,No,3,5.0,Average experience.,4,4,4,32
EMP03684,59,Male,Finance,16,New York,3,No,2,5.0,Standard corporate environment.,9,1,4,33
EMP03685,48,Other,Marketing,4,Remote,2,Yes,1,5.0,Standard corporate environment.,6,2,2,26
EMP03686,55,M,HR,6,Remote,4,No,3,2.0,Love the culture here.,6,2,3,28
EMP03687,36,Female,Sales,15,Tokyo,4,No,6,2.0,Management is very supportive.,7,5,3,39
EMP03688,53,Male,HR,22,New York,3,No,3,1.0,Great work-life balance.,10,3,2,37
EMP03689,42,male,Operations,8,New York,3,No,7,1.0,Management is very supportive.,4,5,3,33
EMP03690,26,Female,HR,1,Remote,2,Yes,1,4.0,Love the culture here.,8,3,4,37
EMP03691,27,F,Marketing,13,New York,4,No,7,3.0,Great work-life balance.,8,3,5,39
EMP03692,59,M,Operations,18,Remote,2,No,6,4.0,Excellent benefits.,4,3,3,27
EMP03693,43,M,Operations,18,Remote,1,No,3,6.0,Nothing special to report.,10,3,5,43
EMP03694,39,Female,HR,13,Berlin,3,No,4,1.0,Excellent benefits.,5,5,2,33
EMP03695,35,Male,Finance,22,New York,4,No,7,8.0,I need a long break.,5,2,5,30
EMP03696,31,Male,Marketing,14,London,3,No,4,8.0,Terrible work-life balance.,4,2,3,24
EMP03697,34,Male,Finance,11,New York,2,Yes,3,7.0,Standard corporate environment.,7,5,5,43
EMP03698,52,Male,Marketing,7,New York,4,No,5,4.0,Excellent benefits.,8,4,3,38
EMP03699,51,Female,Marketing,18,Tokyo,4,No,1,8.0,Extremely stressed and burnt out.,8,1,4,31
EMP03700,24,Female,Finance,21,London,4,Yes,7,9.0,I am exhausted every day.,9,3,2,35
EMP03701,51,F,IT,22,London,3,No,9,10.0,Extremely stressed and burnt out.,6,5,2,35
EMP03702,27,Male,Operations,4,Tokyo,4,No,4,6.0,Nothing special to report.,9,3,4,39
EMP03703,50,Female,HR,17,Tokyo,3,No,6,8.0,Terrible work-life balance.,9,3,3,37
EMP03704,29,Male,Finance,19,New York,3,No,2,5.0,Work is okay.,8,3,2,33
EMP03705,64,Male,Finance,14,Berlin,3,Yes,3,4.0,Love the culture here.,5,5,5,39
EMP03706,54,Male,HR,10,Tokyo,3,Yes,8,8.0,I need a long break.,4,2,3,24
EMP03707,38,Female,Operations,6,London,3,No,1,3.0,Management is very supportive.,8,4,3,38
EMP03708,32,Male,HR,18,London,1,No,2,6.0,Average experience.,4,4,4,32
EMP03709,34,Female,Marketing,4,New York,3,No,7,9.0,Extremely stressed and burnt out.,7,5,3,39
EMP03710,32,Male,IT,11,Berlin,3,No,5,6.0,Standard corporate environment.,6,1,3,25
EMP03711,52,F,Marketing,13,Remote,4,Yes,2,8.0,I need a long break.,7,4,5,40
EMP03712,49,M,IT,8,Tokyo,2,No,4,9.0,I am exhausted every day.,5,4,2,30
EMP03713,27,female,HR,10,Tokyo,5,Yes,0,5.0,Nothing special to report.,10,3,5,43
EMP03714,62,F,Marketing,23,New York,3,No,3,9.0,I am exhausted every day.,10,5,5,49
EMP03715,37,male,Operations,11,Berlin,3,Yes,4,8.0,Terrible work-life balance.,5,2,3,26
EMP03716,25,F,Marketing,3,London,1,No,7,9.0,Extremely stressed and burnt out.,9,5,2,41
EMP03717,56,Female,Finance,15,London,4,No,8,7.0,Work is okay.,10,5,5,49
EMP03718,47,Male,IT,8,Remote,4,Yes,5,8.0,I need a long break.,5,4,2,30
EMP03719,33,Male,IT,20,London,5,No,4,9.0,I need a long break.,6,3,2,29
EMP03720,32,Male,Operations,18,Tokyo,3,No,6,1.0,Excellent benefits.,6,5,3,37
EMP03721,58,Female,IT,21,Remote,3,No,5,9.0,I need a long break.,6,2,3,28
EMP03722,46,Female,IT,1,Berlin,4,No,4,6.0,Standard corporate environment.,3,3,2,23
EMP03723,39,F,Operations,24,Remote,4,No,2,1.0,Great work-life balance.,9,3,4,39
EMP03724,40,female,Marketing,8,Berlin,5,No,1,9.0,Terrible work-life balance.,7,2,4,32
EMP03725,44,Female,HR,3,London,3,No,4,7.0,Nothing special to report.,5,2,4,28
EMP03726,59,Female,Marketing,1,New York,4,No,2,7.0,Work is okay.,10,2,2,34
EMP03727,39,female,Finance,20,Remote,2,No,3,3.0,I feel energized at work.,10,5,4,47
EMP03728,47,Male,Finance,16,Remote,3,No,0,1.0,Great work-life balance.,8,3,5,39
EMP03729,27,Female,IT,9,Tokyo,2,Yes,5,10.0,Extremely stressed and burnt out.,5,3,2,27
EMP03730,25,Male,Finance,17,Tokyo,4,Yes,4,8.0,I need a long break.,7,1,4,29
EMP03731,50,Female,HR,16,Berlin,4,No,4,6.0,Average experience.,8,1,3,29
EMP03732,55,Male,IT,23,New York,1,No,6,8.0,Nothing special to report.,4,1,2,19
EMP03733,38,F,Finance,6,Tokyo,3,No,2,8.0,Terrible work-life balance.,5,5,3,35
EMP03734,64,Female,Sales,23,Tokyo,3,No,7,5.0,Average experience.,6,5,5,41
EMP03735,64,Male,Sales,7,London,3,No,4,4.0,I feel energized at work.,8,2,3,32
EMP03736,37,Male,Sales,24,London,1,Yes,1,4.0,Management is very supportive.,5,5,3,35
EMP03737,23,Female,Sales,16,Tokyo,3,No,9,4.0,Love the culture here.,7,3,5,37
EMP03738,55,female,Marketing,8,Berlin,4,Yes,6,2.0,Excellent benefits.,8,3,5,39
EMP03739,29,Female,Sales,10,New York,3,No,5,7.0,Work is okay.,6,4,5,38
EMP03740,34,Female,IT,14,Tokyo,3,No,1,8.0,Standard corporate environment.,3,4,1,24
EMP03741,63,Male,Operations,11,Berlin,5,No,11,7.0,Average experience.,10,5,2,43
EMP03742,29,Female,Marketing,2,Berlin,1,No,2,8.0,I am exhausted every day.,10,4,4,44
EMP03743,51,Female,Operations,12,Tokyo,4,No,9,9.0,I need a long break.,4,5,4,35
EMP03744,53,Female,IT,20,Berlin,3,No,4,10.0,I am exhausted every day.,5,2,1,22
EMP03745,57,Male,IT,20,Remote,5,No,6,9.0,I am exhausted every day.,6,2,2,26
EMP03746,51,Female,HR,13,Berlin,3,No,5,5.0,Work is okay.,5,4,5,36
EMP03747,22,Female,Marketing,15,Tokyo,4,Yes,5,1.0,Management is very supportive.,5,5,3,35
EMP03748,64,female,Operations,12,Berlin,2,No,3,5.0,Nothing special to report.,8,4,2,36
EMP03749,60,male,Sales,13,Tokyo,5,No,6,6.0,Work is okay.,4,3,3,27
EMP03750,38,Female,IT,8,London,3,Yes,4,10.0,Terrible work-life balance.,4,5,2,31
EMP03751,41,Female,Sales,16,Tokyo,3,Yes,4,9.0,I need a long break.,10,1,3,33
EMP03752,45,Male,Operations,3,Berlin,2,Yes,6,9.0,I am exhausted every day.,5,3,5,33
EMP03753,43,M,Marketing,13,Tokyo,5,No,2,3.0,Management is very supportive.,7,5,4,41
EMP03754,50,Female,Finance,12,New York,4,No,4,8.0,Management expects too much.,6,4,5,38
EMP03755,43,Male,Finance,19,Tokyo,2,Yes,5,8.0,Extremely stressed and burnt out.,9,4,2,38
EMP03756,30,Male,IT,2,Tokyo,2,Yes,1,6.0,Work is okay.,6,4,3,34
EMP03757,58,M,HR,1,New York,3,No,2,1.0,Great work-life balance.,7,5,2,37
EMP03758,31,Male,Sales,8,New York,3,No,5,5.0,It pays the bills.,7,4,4,38
EMP03759,57,Female,IT,9,New York,3,No,4,10.0,I am exhausted every day.,4,5,3,33
EMP03760,58,Female,HR,8,Remote,5,No,6,7.0,Nothing special to report.,8,5,5,45
EMP03761,49,Male,Sales,21,Tokyo,4,Yes,5,8.0,I am exhausted every day.,10,4,4,44
EMP03762,49,Male,Operations,17,New York,5,No,5,7.0,Work is okay.,6,2,4,30
EMP03763,63,M,Finance,9,New York,3,No,3,6.0,Average experience.,6,2,5,32
EMP03764,64,M,HR,6,London,4,No,9,4.0,Love the culture here.,6,3,3,31
EMP03765,42,Male,Sales,15,Remote,3,Yes,5,9.0,I need a long break.,5,5,5,39
EMP03766,45,F,IT,23,Tokyo,3,No,2,7.0,Nothing special to report.,7,4,2,34
EMP03767,63,Female,Sales,24,Berlin,3,No,6,5.0,It pays the bills.,6,4,5,38
EMP03768,61,Female,IT,13,Remote,3,No,2,7.0,Average experience.,4,4,2,28
EMP03769,23,Female,Finance,21,Remote,5,No,1,6.0,It pays the bills.,9,2,2,32
EMP03770,29,female,Finance,22,London,3,No,3,4.0,Excellent benefits.,6,1,3,25
EMP03771,48,Female,Sales,12,Tokyo,4,No,4,3.0,Great work-life balance.,9,5,4,45
EMP03772,43,Male,Sales,13,Tokyo,4,No,4,3.0,Management is very supportive.,4,3,5,31
EMP03773,58,female,IT,7,New York,3,No,1,7.0,Standard corporate environment.,7,3,2,31
EMP03774,48,Female,IT,23,New York,3,Yes,2,8.0,Management expects too much.,7,3,3,33
EMP03775,50,Male,HR,18,Remote,3,No,2,4.0,I feel energized at work.,9,5,4,45
EMP03776,24,Female,HR,14,London,2,No,6,4.0,Love the culture here.,5,5,4,37
EMP03777,34,Female,HR,11,Tokyo,4,No,3,7.0,Standard corporate environment.,5,3,4,31
EMP03778,31,F,Sales,14,London,5,No,5,4.0,Management is very supportive.,9,3,4,39
EMP03779,57,Female,Marketing,17,Berlin,3,No,2,9.0,Terrible work-life balance.,10,4,2,40
EMP03780,30,Male,Marketing,24,Tokyo,5,No,5,8.0,Terrible work-life balance.,10,1,2,31
EMP03781,48,Female,Marketing,21,New York,3,Yes,6,1.0,Excellent benefits.,6,2,4,30
EMP03782,55,Female,Marketing,2,Remote,3,Yes,3,1.0,Great work-life balance.,10,5,4,47
EMP03783,22,Male,HR,19,London,3,No,5,6.0,Nothing special to report.,8,1,4,31
EMP03784,53,Female,Sales,16,New York,2,No,2,4.0,I feel energized at work.,10,3,4,41
EMP03785,46,M,Marketing,22,Remote,2,No,2,6.0,Standard corporate environment.,10,3,4,41
EMP03786,50,Male,Finance,10,New York,3,No,5,9.0,Management expects too much.,7,3,5,37
EMP03787,28,Female,Operations,22,Tokyo,1,No,5,5.0,Average experience.,7,3,4,35
EMP03788,24,Male,Finance,8,London,2,No,6,8.0,Terrible work-life balance.,9,4,5,44
EMP03789,41,Male,Sales,21,Berlin,2,No,3,2.0,I feel energized at work.,4,5,2,31
EMP03790,41,Male,Sales,5,New York,1,No,8,8.0,Extremely stressed and burnt out.,10,3,5,43
EMP03791,51,Male,Operations,7,London,2,Yes,4,8.0,Terrible work-life balance.,5,3,3,29
EMP03792,56,M,IT,13,Tokyo,3,No,2,7.0,Average experience.,5,5,2,33
EMP03793,56,Male,IT,16,New York,4,No,5,8.0,Extremely stressed and burnt out.,5,2,3,26
EMP03794,60,Female,IT,5,Tokyo,2,No,4,8.0,Terrible work-life balance.,5,4,3,32
EMP03795,48,Male,HR,16,Berlin,2,No,2,3.0,Love the culture here.,4,4,5,34
EMP03796,47,female,IT,15,Berlin,4,No,6,9.0,I need a long break.,4,1,2,19
EMP03797,35,Female,HR,9,Remote,1,No,6,8.0,Management expects too much.,8,4,3,38
EMP03798,38,Female,HR,22,Remote,4,No,2,6.0,Nothing special to report.,5,1,2,21
EMP03799,39,Male,IT,23,Remote,2,No,3,8.0,Extremely stressed and burnt out.,6,2,3,28
EMP03800,50,Female,IT,12,Tokyo,3,No,4,9.0,Management expects too much.,2,5,2,27
EMP03801,41,Male,Operations,8,Remote,2,Yes,4,2.0,Management is very supportive.,8,3,3,35
EMP03802,48,male,Marketing,13,London,3,Yes,5,5.0,Nothing special to report.,6,1,5,29
EMP03803,39,Female,Operations,5,Tokyo,4,No,6,4.0,Management is very supportive.,8,4,3,38
EMP03804,25,Female,HR,14,Tokyo,2,No,4,8.0,Terrible work-life balance.,5,3,3,29
EMP03805,22,Female,Operations,16,Remote,5,No,4,4.0,Management is very supportive.,5,2,4,28
EMP03806,22,Male,HR,11,Remote,3,No,2,8.0,Terrible work-life balance.,4,5,5,37
EMP03807,47,Female,Sales,20,Tokyo,5,No,3,8.0,Extremely stressed and burnt out.,4,1,2,19
EMP03808,41,Female,HR,12,Berlin,2,No,4,1.0,Great work-life balance.,4,4,3,30
EMP03809,44,Female,HR,15,Berlin,2,No,3,6.0,It pays the bills.,10,3,5,43
EMP03810,31,Female,Operations,24,Remote,3,No,0,8.0,I need a long break.,5,3,4,31
EMP03811,32,Male,Marketing,12,Berlin,2,Yes,1,8.0,I need a long break.,4,3,5,31
EMP03812,62,Male,Sales,9,London,4,Yes,3,1.0,Excellent benefits.,9,5,3,43
EMP03813,62,M,Finance,1,London,3,Yes,2,8.0,I am exhausted every day.,8,1,4,31
EMP03814,26,Female,Finance,3,London,4,Yes,0,9.0,Extremely stressed and burnt out.,6,5,4,39
EMP03815,22,Female,Marketing,12,Tokyo,2,No,4,6.0,Standard corporate environment.,9,4,3,40
EMP03816,38,female,Finance,20,Tokyo,4,Yes,2,7.0,Standard corporate environment.,9,1,4,33
EMP03817,43,Male,Sales,13,Tokyo,3,No,6,6.0,Average experience.,9,2,4,36
EMP03818,55,F,IT,23,Tokyo,4,No,2,10.0,I need a long break.,2,2,3,20
EMP03819,62,Other,Sales,6,Tokyo,3,Yes,3,1.0,I feel energized at work.,5,5,5,39
EMP03820,50,F,Operations,10,Remote,5,No,3,2.0,Great work-life balance.,8,5,5,45
EMP03821,25,M,HR,10,Berlin,5,No,3,2.0,Excellent benefits.,7,5,2,37
EMP03822,26,Male,HR,16,Remote,4,No,5,9.0,I need a long break.,6,2,5,32
EMP03823,32,Male,Operations,1,Berlin,3,No,3,6.0,Nothing special to report.,8,2,5,36
EMP03824,42,Female,Operations,16,Remote,3,Yes,7,3.0,Love the culture here.,5,1,5,27
EMP03825,56,Male,HR,4,London,2,No,1,3.0,Excellent benefits.,8,1,2,27
EMP03826,33,Male,Marketing,6,New York,5,No,2,2.0,Management is very supportive.,9,5,4,45
EMP03827,47,Female,IT,19,Tokyo,5,Yes,4,6.0,Standard corporate environment.,5,3,2,27
EMP03828,40,Male,IT,2,New York,1,No,2,6.0,Average experience.,3,1,3,19
EMP03829,28,male,IT,18,New York,3,No,2,7.0,Work is okay.,7,2,2,28
EMP03830,28,M,Operations,10,London,4,Yes,4,3.0,I feel energized at work.,4,4,4,32
EMP03831,47,M,HR,4,New York,2,No,1,1.0,Excellent benefits.,9,3,2,35
EMP03832,61,Female,Marketing,1,New York,2,Yes,2,3.0,Great work-life balance.,7,2,2,28
EMP03833,26,F,HR,15,London,5,No,6,9.0,Management expects too much.,10,3,4,41
EMP03834,42,M,HR,10,Berlin,4,No,3,7.0,Standard corporate environment.,9,4,5,44
EMP03835,35,Female,Marketing,18,Remote,5,No,7,9.0,I need a long break.,5,5,3,35
EMP03836,25,Male,Sales,16,New York,2,No,3,7.0,Nothing special to report.,9,3,5,41
EMP03837,44,F,Marketing,13,Tokyo,3,No,6,9.0,I am exhausted every day.,7,4,4,38
EMP03838,63,M,Sales,15,London,4,Yes,6,3.0,Management is very supportive.,4,4,2,28
EMP03839,41,Female,Finance,2,New York,3,No,4,7.0,It pays the bills.,5,3,5,33
EMP03840,36,Male,Sales,20,Berlin,3,No,5,6.0,Work is okay.,8,3,3,35
EMP03841,50,Female,IT,4,Berlin,4,No,3,7.0,Work is okay.,2,3,1,19
EMP03842,29,Male,IT,1,Tokyo,5,No,5,8.0,I am exhausted every day.,6,3,3,31
EMP03843,62,male,Marketing,7,New York,3,No,2,2.0,Great work-life balance.,10,5,2,43
EMP03844,40,female,IT,23,Tokyo,2,Yes,8,10.0,I need a long break.,4,2,3,24
EMP03845,60,Male,IT,11,Berlin,2,No,6,8.0,Work is okay.,6,1,3,25
EMP03846,49,Female,Finance,10,Berlin,3,No,7,2.0,I feel energized at work.,6,5,5,41
EMP03847,48,Male,IT,1,Remote,2,No,1,8.0,I am exhausted every day.,5,3,1,25
EMP03848,25,Female,Operations,11,Berlin,3,No,4,8.0,Extremely stressed and burnt out.,5,4,5,36
EMP03849,36,Male,Operations,24,London,3,No,2,5.0,Nothing special to report.,10,5,3,45
EMP03850,56,Female,Operations,10,Remote,4,No,6,8.0,Management expects too much.,7,1,3,27
EMP03851,58,Male,Sales,14,Tokyo,3,No,3,4.0,I feel energized at work.,8,1,4,31
EMP03852,22,Male,Marketing,14,Berlin,3,No,3,4.0,I feel energized at work.,8,5,5,45
EMP03853,24,Female,Marketing,7,London,4,No,3,6.0,It pays the bills.,9,4,3,40
EMP03854,45,Male,HR,23,Remote,3,Yes,5,5.0,Standard corporate environment.,7,4,5,40
EMP03855,48,Female,Finance,11,London,5,No,5,5.0,Work is okay.,6,4,5,38
EMP03856,61,Male,Operations,22,Remote,4,No,2,9.0,I am exhausted every day.,6,2,2,26
EMP03857,57,Female,Operations,4,Remote,5,No,3,6.0,Standard corporate environment.,4,4,5,34
EMP03858,55,F,IT,24,Remote,3,Yes,6,8.0,Management expects too much.,2,1,2,15
EMP03859,50,M,Operations,2,Tokyo,3,No,4,4.0,Excellent benefits.,7,3,5,37
EMP03860,45,F,IT,7,Remote,3,No,1,6.0,Standard corporate environment.,4,3,2,25
EMP03861,45,male,IT,19,Remote,5,No,4,8.0,Extremely stressed and burnt out.,5,1,2,21
EMP03862,63,Male,HR,14,London,3,No,5,8.0,Terrible work-life balance.,6,4,2,32
EMP03863,25,Male,Sales,19,Remote,2,No,3,7.0,Work is okay.,7,3,5,37
EMP03864,24,Female,IT,7,Tokyo,4,No,5,9.0,I need a long break.,3,1,2,17
EMP03865,55,F,IT,12,London,3,Yes,4,6.0,Average experience.,4,4,3,30
EMP03866,44,female,Marketing,3,Remote,4,Yes,1,1.0,Great work-life balance.,8,2,2,30
EMP03867,44,Male,HR,15,London,5,No,4,7.0,It pays the bills.,5,3,5,33
EMP03868,26,Male,IT,5,Tokyo,5,No,4,8.0,Standard corporate environment.,2,4,2,24
EMP03869,52,Male,Finance,8,London,3,No,4,2.0,Great work-life balance.,5,4,4,34
EMP03870,62,Female,Sales,14,Tokyo,2,No,5,5.0,Work is okay.,10,3,3,39
EMP03871,27,Female,Finance,4,Berlin,3,Yes,4,9.0,I am exhausted every day.,9,4,2,38
EMP03872,58,Male,Operations,7,Remote,3,No,7,2.0,Excellent benefits.,5,5,4,37
EMP03873,31,Female,Sales,7,Tokyo,4,Yes,5,9.0,Terrible work-life balance.,6,5,4,39
EMP03874,61,Female,Operations,18,Remote,4,No,1,9.0,Management expects too much.,6,2,4,30
EMP03875,28,Female,Marketing,14,Tokyo,4,No,4,6.0,Average experience.,6,1,4,27
EMP03876,60,Male,IT,8,New York,2,No,2,10.0,Terrible work-life balance.,2,5,3,29
EMP03877,59,F,HR,12,New York,4,No,3,2.0,Management is very supportive.,10,5,3,45
EMP03878,42,Female,Finance,10,New York,2,No,3,6.0,It pays the bills.,5,2,5,30
EMP03879,41,M,Operations,14,Tokyo,1,No,4,9.0,Terrible work-life balance.,4,5,4,35
EMP03880,24,M,IT,9,Remote,4,No,3,8.0,I need a long break.,4,5,2,31
EMP03881,43,Male,Finance,6,New York,3,No,2,3.0,Great work-life balance.,7,3,4,35
EMP03882,25,Male,Finance,5,Remote,4,No,3,4.0,Management is very supportive.,10,2,5,40
EMP03883,49,Female,Marketing,1,Tokyo,3,No,2,4.0,I feel energized at work.,8,4,2,36
EMP03884,33,Male,Marketing,1,Remote,1,No,8,1.0,Excellent benefits.,7,4,5,40
EMP03885,59,M,Operations,20,Remote,3,No,7,2.0,Love the culture here.,9,1,3,31
EMP03886,57,Female,IT,17,New York,4,No,7,10.0,I need a long break.,7,1,2,25
EMP03887,62,M,HR,11,London,3,No,4,4.0,Excellent benefits.,7,5,2,37
EMP03888,26,Male,Operations,12,Berlin,4,No,3,9.0,I am exhausted every day.,8,5,5,45
EMP03889,34,Male,Finance,3,Tokyo,4,No,3,2.0,I feel energized at work.,6,4,4,36
EMP03890,44,Female,Finance,6,Tokyo,3,Yes,3,8.0,Terrible work-life balance.,8,2,3,32
EMP03891,51,Male,Sales,11,Tokyo,4,No,4,4.0,Management is very supportive.,5,3,3,29
EMP03892,58,Female,IT,13,Berlin,4,No,5,6.0,Standard corporate environment.,3,1,3,19
EMP03893,46,M,Sales,11,London,4,No,3,4.0,I feel energized at work.,7,5,2,37
EMP03894,48,Female,Marketing,8,Remote,4,No,5,2.0,Great work-life balance.,10,1,2,31
EMP03895,35,Female,HR,10,Tokyo,3,No,5,6.0,Work is okay.,8,4,4,40
EMP03896,57,Male,Operations,2,Remote,3,No,7,9.0,Terrible work-life balance.,9,2,3,34
EMP03897,60,Male,Finance,24,New York,4,Yes,5,7.0,Average experience.,6,4,5,38
EMP03898,37,female,IT,14,New York,3,No,4,6.0,Work is okay.,5,3,1,25
EMP03899,43,Other,Finance,16,New York,4,Yes,2,9.0,Management expects too much.,7,2,5,34
EMP03900,42,Female,Marketing,17,Tokyo,3,Yes,5,6.0,Work is okay.,10,3,2,37
EMP03901,42,male,Sales,11,Berlin,2,No,3,9.0,Terrible work-life balance.,6,3,5,35
EMP03902,29,Female,Sales,2,Tokyo,3,No,2,2.0,I feel energized at work.,10,2,2,34
EMP03903,37,Male,Operations,24,New York,2,No,4,7.0,Standard corporate environment.,9,3,2,35
EMP03904,52,Male,IT,23,New York,1,No,10,10.0,Management expects too much.,5,1,3,23
EMP03905,63,male,Marketing,5,Tokyo,4,No,3,7.0,Nothing special to report.,9,5,3,43
EMP03906,31,Male,IT,16,Berlin,3,No,2,8.0,Terrible work-life balance.,3,2,1,18
EMP03907,53,Female,Operations,16,Berlin,3,No,6,5.0,Nothing special to report.,7,4,5,40
EMP03908,55,Female,Marketing,2,Remote,3,Yes,4,5.0,Nothing special to report.,6,4,5,38
EMP03909,30,Female,Marketing,16,London,3,No,1,4.0,Great work-life balance.,9,5,4,45
EMP03910,38,Female,Sales,5,New York,2,No,1,8.0,I am exhausted every day.,8,4,3,38
EMP03911,32,Male,Sales,8,Berlin,4,No,8,5.0,Average experience.,8,5,5,45
EMP03912,53,Male,Sales,20,New York,4,Yes,3,9.0,Extremely stressed and burnt out.,10,1,2,31
EMP03913,31,Female,Finance,14,London,4,No,3,5.0,Average experience.,9,4,3,40
EMP03914,43,Female,HR,10,New York,2,No,8,1.0,Management is very supportive.,8,4,5,42
EMP03915,38,Female,Sales,23,Berlin,3,No,1,2.0,I feel energized at work.,10,1,5,37
EMP03916,25,Female,HR,2,Remote,4,No,6,8.0,Management expects too much.,8,4,5,42
EMP03917,46,Male,HR,3,Tokyo,2,No,3,8.0,I need a long break.,4,4,3,30
EMP03918,42,F,IT,18,Tokyo,2,No,2,7.0,Work is okay.,3,1,2,17
EMP03919,58,Female,Operations,21,Berlin,4,No,6,7.0,It pays the bills.,8,1,4,31
EMP03920,59,Male,Finance,2,Berlin,4,Yes,7,8.0,I need a long break.,7,1,2,25
EMP03921,22,Female,HR,21,London,3,No,4,4.0,I feel energized at work.,8,4,5,42
EMP03922,46,M,Finance,9,New York,2,No,5,3.0,I feel energized at work.,10,5,5,49
EMP03923,57,F,IT,2,London,3,No,5,7.0,Standard corporate environment.,7,5,3,39
EMP03924,38,Male,Sales,7,Tokyo,3,No,4,9.0,I need a long break.,6,2,4,30
EMP03925,62,Female,Marketing,7,New York,3,Yes,4,2.0,I feel energized at work.,10,2,2,34
EMP03926,45,Male,HR,14,London,3,No,7,3.0,I feel energized at work.,5,4,4,34
EMP03927,23,Male,Operations,5,Tokyo,3,No,6,8.0,I need a long break.,4,4,5,34
EMP03928,61,Female,Marketing,8,New York,4,Yes,2,2.0,Love the culture here.,7,5,5,43
EMP03929,36,Female,IT,23,Remote,4,No,6,10.0,Management expects too much.,3,3,3,25
EMP03930,53,Female,Finance,22,Remote,4,No,6,8.0,Terrible work-life balance.,6,2,4,30
EMP03931,60,Male,Sales,18,London,2,No,4,7.0,Average experience.,6,5,4,39
EMP03932,27,Male,Finance,6,Berlin,3,No,4,4.0,Excellent benefits.,10,4,4,44
EMP03933,22,Female,Operations,14,New York,2,Yes,4,9.0,Management expects too much.,7,2,2,28
EMP03934,44,Male,HR,18,London,3,No,3,2.0,Excellent benefits.,9,2,3,34
EMP03935,60,Male,Operations,17,Berlin,5,No,5,7.0,It pays the bills.,5,2,2,24
EMP03936,38,Male,Finance,9,Berlin,4,No,4,7.0,Work is okay.,8,4,4,40
EMP03937,55,Female,Finance,13,New York,2,Yes,2,7.0,Nothing special to report.,9,5,2,41
EMP03938,62,Male,Marketing,16,New York,3,No,2,7.0,It pays the bills.,4,3,3,27
EMP03939,50,Female,Operations,21,Berlin,2,No,4,5.0,Work is okay.,7,4,2,34
EMP03940,30,Male,Operations,10,Tokyo,2,No,1,1.0,Management is very supportive.,10,2,3,36
EMP03941,34,Male,Operations,10,London,3,Yes,8,4.0,I feel energized at work.,10,1,2,31
EMP03942,27,Female,Sales,4,New York,3,No,5,5.0,Average experience.,8,5,2,39
EMP03943,27,Male,Finance,12,Berlin,3,No,1,4.0,Great work-life balance.,9,4,2,38
EMP03944,41,Female,IT,8,Tokyo,2,No,3,10.0,Extremely stressed and burnt out.,5,2,3,26
EMP03945,24,Male,Sales,15,Remote,4,No,2,7.0,Average experience.,8,3,4,37
EMP03946,38,Female,Sales,21,Berlin,3,Yes,4,2.0,Management is very supportive.,6,2,3,28
EMP03947,33,Male,Sales,23,Tokyo,4,No,2,2.0,Management is very supportive.,8,2,3,32
EMP03948,22,Male,Marketing,19,Remote,2,No,5,2.0,Management is very supportive.,8,4,5,42
EMP03949,38,Female,IT,15,Tokyo,4,Yes,4,7.0,Average experience.,3,3,2,23
EMP03950,24,male,Operations,8,New York,3,No,5,3.0,Love the culture here.,9,1,5,35
EMP03951,47,Male,Marketing,8,Berlin,3,No,4,5.0,Average experience.,8,4,3,38
EMP03952,36,Female,Finance,19,Remote,3,No,4,9.0,Management expects too much.,10,5,2,43
EMP03953,57,Female,HR,9,Tokyo,3,No,2,3.0,Excellent benefits.,6,3,2,29
EMP03954,53,Female,Marketing,24,Remote,3,No,5,5.0,Standard corporate environment.,4,1,4,23
EMP03955,53,M,HR,17,London,2,No,2,5.0,Standard corporate environment.,4,1,3,21
EMP03956,25,Male,Finance,8,Berlin,4,No,7,6.0,Standard corporate environment.,4,3,3,27
EMP03957,39,female,IT,12,New York,2,Yes,3,10.0,Terrible work-life balance.,2,5,2,27
EMP03958,40,Male,HR,15,Remote,3,No,4,2.0,Love the culture here.,4,2,4,26
EMP03959,64,Male,Sales,4,Tokyo,3,No,3,5.0,Nothing special to report.,4,4,3,30
EMP03960,56,F,Marketing,6,Remote,3,Yes,5,5.0,It pays the bills.,9,5,5,47
EMP03961,61,Female,HR,16,Tokyo,4,Yes,5,8.0,Extremely stressed and burnt out.,4,1,3,21
EMP03962,35,Female,Finance,5,Remote,5,No,4,5.0,Standard corporate environment.,6,5,3,37
EMP03963,54,Female,Sales,23,New York,1,Yes,7,3.0,Love the culture here.,4,2,3,24
EMP03964,35,Female,HR,13,New York,3,No,4,3.0,I feel energized at work.,9,5,5,47
EMP03965,55,Male,Finance,15,Berlin,4,No,5,2.0,Great work-life balance.,5,5,2,33
EMP03966,25,Female,IT,17,New York,3,No,9,10.0,Management expects too much.,2,1,3,17
EMP03967,45,Male,Finance,22,Remote,4,Yes,3,5.0,Work is okay.,9,5,4,45
EMP03968,50,M,IT,20,Remote,5,No,2,9.0,I am exhausted every day.,6,4,2,32
EMP03969,40,Other,Sales,22,New York,4,No,6,8.0,Management expects too much.,8,3,4,37
EMP03970,27,Male,Finance,5,London,2,No,3,8.0,Management expects too much.,8,1,5,33
EMP03971,54,Female,Operations,19,Remote,4,No,5,2.0,Great work-life balance.,5,3,2,27
EMP03972,61,Male,Marketing,7,Berlin,5,Yes,2,6.0,Standard corporate environment.,9,5,2,41
EMP03973,40,Male,Operations,3,London,4,Yes,6,3.0,Great work-life balance.,10,2,4,38
EMP03974,22,male,Operations,13,New York,3,No,2,9.0,I am exhausted every day.,7,1,4,29
EMP03975,26,Male,Operations,14,Tokyo,5,Yes,6,3.0,Management is very supportive.,10,5,4,47
EMP03976,48,Female,Marketing,16,Remote,5,No,3,1.0,Great work-life balance.,8,5,3,41
EMP03977,37,M,Operations,13,Tokyo,5,No,2,9.0,Management expects too much.,5,2,5,30
EMP03978,27,F,IT,2,Berlin,3,No,3,10.0,Management expects too much.,5,5,2,33
EMP03979,61,Female,Finance,14,London,4,No,4,8.0,I need a long break.,9,4,3,40
EMP03980,34,Female,Sales,20,Tokyo,4,No,3,2.0,Management is very supportive.,8,2,5,36
EMP03981,56,Female,Operations,7,Berlin,2,No,0,3.0,Love the culture here.,4,1,3,21
EMP03982,40,female,Operations,5,Tokyo,3,No,4,7.0,Standard corporate environment.,4,1,4,23
EMP03983,33,Female,Sales,14,Tokyo,4,No,3,6.0,It pays the bills.,10,3,3,39
EMP03984,37,Female,Sales,9,Berlin,4,Yes,3,8.0,I am exhausted every day.,6,4,5,38
EMP03985,64,Male,Operations,10,Remote,4,Yes,1,5.0,Work is okay.,10,4,2,40
EMP03986,31,Male,IT,7,Tokyo,2,Yes,6,10.0,Extremely stressed and burnt out.,5,1,2,21
EMP03987,46,Female,Sales,14,Berlin,3,Yes,5,2.0,Excellent benefits.,6,5,5,41
EMP03988,41,male,Finance,14,Tokyo,3,No,3,6.0,Work is okay.,6,4,4,36
EMP03989,52,F,Finance,2,Remote,4,No,6,5.0,Standard corporate environment.,4,4,2,28
EMP03990,25,Other,IT,17,Berlin,1,No,6,6.0,Average experience.,6,5,3,37
EMP03991,44,Female,Marketing,20,Tokyo,4,No,4,3.0,Great work-life balance.,8,2,2,30
EMP03992,23,Female,HR,4,New York,4,No,2,5.0,Standard corporate environment.,9,5,5,47
EMP03993,43,M,IT,13,Remote,5,Yes,3,8.0,Extremely stressed and burnt out.,7,3,3,33
EMP03994,58,Female,Operations,18,Tokyo,3,No,3,9.0,Terrible work-life balance.,8,3,5,39
EMP03995,29,Male,HR,3,London,4,No,5,9.0,Terrible work-life balance.,9,1,5,35
EMP03996,28,Female,Operations,19,Berlin,5,No,2,7.0,Standard corporate environment.,10,2,4,38
EMP03997,35,F,Finance,5,Tokyo,4,Yes,7,1.0,Love the culture here.,8,4,3,38
EMP03998,24,Male,Sales,1,Remote,2,No,4,5.0,It pays the bills.,5,1,5,27
EMP03999,37,male,Operations,9,Remote,2,No,7,9.0,Management expects too much.,7,1,4,29
EMP04000,40,Male,Finance,24,London,4,No,6,5.0,Work is okay.,8,4,4,40
EMP04001,39,Female,IT,8,London,3,Yes,3,8.0,I am exhausted every day.,5,4,3,32
EMP04002,37,Female,Operations,3,Tokyo,4,No,7,2.0,I feel energized at work.,9,5,5,47
EMP04003,29,Female,Finance,2,New York,4,No,3,1.0,Management is very supportive.,10,3,2,37
EMP04004,54,Female,Sales,1,Remote,5,No,5,2.0,Great work-life balance.,8,4,2,36
EMP04005,33,male,Operations,12,New York,3,No,3,4.0,Great work-life balance.,6,5,4,39
EMP04006,32,Female,Marketing,22,New York,4,No,2,4.0,I feel energized at work.,10,3,3,39
EMP04007,26,Male,Finance,13,Tokyo,1,No,2,1.0,Love the culture here.,4,2,2,22
EMP04008,48,Female,Operations,10,Berlin,3,No,3,8.0,Extremely stressed and burnt out.,4,2,2,22
EMP04009,33,Male,Sales,17,Berlin,2,No,5,8.0,Extremely stressed and burnt out.,9,2,2,32
EMP04010,38,Male,Operations,11,Berlin,4,Yes,1,8.0,I need a long break.,9,4,5,44
EMP04011,27,Male,Operations,5,London,4,Yes,4,5.0,Work is okay.,10,3,4,41
EMP04012,54,F,Marketing,9,Remote,3,Yes,5,2.0,Management is very supportive.,4,3,4,29
EMP04013,26,Female,Finance,13,London,3,Yes,3,4.0,Great work-life balance.,8,2,3,32
EMP04014,49,Female,HR,20,Remote,4,No,5,1.0,Love the culture here.,10,1,4,35
EMP04015,35,Male,Operations,23,Remote,4,No,2,1.0,Management is very supportive.,5,3,3,29
EMP04016,26,Male,HR,11,Remote,4,No,5,3.0,Excellent benefits.,7,3,3,33
EMP04017,54,female,IT,23,Tokyo,5,No,5,9.0,Management expects too much.,2,5,2,27
EMP04018,62,Female,Operations,4,Berlin,4,No,6,3.0,Great work-life balance.,10,2,3,36
EMP04019,40,male,HR,21,London,3,No,5,3.0,Excellent benefits.,4,1,3,21
EMP04020,43,Male,IT,11,London,3,No,3,9.0,I am exhausted every day.,3,5,3,31
EMP04021,26,Male,Marketing,9,Tokyo,3,No,3,3.0,Management is very supportive.,10,1,4,35
EMP04022,23,F,Finance,7,Remote,4,No,1,9.0,I am exhausted every day.,6,1,5,29
EMP04023,51,Female,Operations,16,Berlin,3,No,8,1.0,Great work-life balance.,7,1,4,29
EMP04024,60,Male,Finance,23,New York,4,Yes,2,8.0,Management expects too much.,8,4,2,36
EMP04025,25,Male,IT,23,New York,1,No,8,10.0,I am exhausted every day.,3,3,2,23
EMP04026,54,M,Finance,5,Tokyo,5,No,5,8.0,Management expects too much.,10,3,2,37
EMP04027,34,Female,Finance,6,Berlin,4,Yes,0,3.0,Management is very supportive.,9,5,2,41
EMP04028,41,Female,Sales,19,New York,3,No,4,6.0,Average experience.,4,1,4,23
EMP04029,28,Male,IT,1,New York,3,Yes,0,8.0,I need a long break.,2,1,2,15
EMP04030,36,Male,Finance,16,London,2,No,0,7.0,It pays the bills.,7,3,5,37
EMP04031,44,Other,HR,18,Berlin,4,No,6,8.0,Extremely stressed and burnt out.,7,1,4,29
EMP04032,35,Male,IT,24,New York,4,No,5,7.0,Nothing special to report.,6,1,1,21
EMP04033,44,Female,Sales,13,London,4,No,3,3.0,I feel energized at work.,4,1,2,19
EMP04034,40,M,Operations,1,Berlin,2,No,6,5.0,Standard corporate environment.,5,2,3,26
EMP04035,50,Male,Marketing,10,Remote,3,No,4,3.0,Love the culture here.,5,2,5,30
EMP04036,41,Female,Finance,7,Berlin,3,No,5,9.0,Extremely stressed and burnt out.,8,2,5,36
EMP04037,50,Female,HR,5,Tokyo,3,No,4,9.0,Management expects too much.,6,5,5,41
EMP04038,45,Female,Sales,13,London,3,No,5,6.0,Average experience.,4,1,3,21
EMP04039,39,Female,IT,22,Remote,3,No,6,6.0,Nothing special to report.,5,2,2,24
EMP04040,31,Male,Marketing,16,London,3,No,5,1.0,I feel energized at work.,10,2,4,38
EMP04041,62,Female,Marketing,24,London,4,No,5,4.0,Management is very supportive.,10,4,5,46
EMP04042,29,Female,Finance,20,New York,4,No,6,8.0,I need a long break.,10,5,5,49
EMP04043,47,Female,Sales,22,Berlin,3,No,5,3.0,Excellent benefits.,7,2,5,34
EMP04044,50,Male,Sales,14,London,4,No,6,4.0,Management is very supportive.,9,2,3,34
EMP04045,31,Female,HR,11,London,2,Yes,4,6.0,It pays the bills.,5,2,2,24
EMP04046,38,female,Operations,19,Tokyo,3,No,5,9.0,I am exhausted every day.,5,4,4,34
EMP04047,23,Female,Operations,23,Tokyo,5,No,6,4.0,Excellent benefits.,9,4,3,40
EMP04048,27,Female,Operations,2,Tokyo,1,No,3,3.0,I feel energized at work.,7,5,2,37
EMP04049,26,Female,Marketing,8,London,3,No,2,9.0,Management expects too much.,4,1,5,25
EMP04050,49,F,Marketing,13,Remote,2,No,5,7.0,Standard corporate environment.,7,1,2,25
EMP04051,62,male,IT,7,Berlin,3,Yes,2,6.0,It pays the bills.,6,5,2,35
EMP04052,26,Male,Marketing,12,London,4,Yes,4,6.0,Average experience.,10,1,4,35
EMP04053,39,Female,Marketing,8,New York,2,Yes,5,4.0,Management is very supportive.,4,3,5,31
EMP04054,47,Male,Sales,16,Remote,2,No,4,5.0,Average experience.,7,1,3,27
EMP04055,41,Female,IT,18,Remote,4,Yes,3,7.0,Average experience.,4,4,2,28
EMP04056,62,Male,Sales,19,Berlin,3,Yes,3,2.0,Management is very supportive.,5,4,3,32
EMP04057,48,M,HR,4,Remote,3,Yes,6,3.0,Management is very supportive.,5,2,2,24
EMP04058,33,Male,HR,12,Berlin,5,No,5,5.0,Average experience.,10,4,3,42
EMP04059,28,Female,IT,16,Remote,3,No,4,10.0,Management expects too much.,3,3,2,23
EMP04060,24,Female,IT,21,Berlin,4,No,4,8.0,I need a long break.,2,3,1,19
EMP04061,31,Male,Marketing,22,Tokyo,5,No,1,3.0,I feel energized at work.,7,3,3,33
EMP04062,55,male,HR,17,Tokyo,3,Yes,11,9.0,I need a long break.,8,2,4,34
EMP04063,46,M,Finance,4,Remote,3,No,5,4.0,Excellent benefits.,5,1,4,25
EMP04064,56,Female,Operations,20,Remote,3,Yes,5,4.0,I feel energized at work.,4,2,3,24
EMP04065,37,Female,Marketing,24,Berlin,4,No,4,1.0,I feel energized at work.,9,4,5,44
EMP04066,23,Male,Operations,24,Berlin,3,Yes,4,7.0,It pays the bills.,6,3,4,33
EMP04067,45,Female,HR,22,London,4,Yes,6,9.0,Extremely stressed and burnt out.,6,2,5,32
EMP04068,31,Male,Operations,24,Tokyo,5,No,6,8.0,Terrible work-life balance.,7,2,5,34
EMP04069,59,Female,Finance,9,London,4,No,2,2.0,Great work-life balance.,5,3,2,27
EMP04070,43,M,Finance,5,London,5,Yes,5,6.0,Average experience.,8,5,2,39
EMP04071,47,Male,Sales,17,New York,4,No,6,5.0,It pays the bills.,10,3,4,41
EMP04072,64,F,IT,17,Berlin,5,No,2,8.0,Average experience.,2,5,2,27
EMP04073,60,Male,Operations,2,New York,2,No,2,9.0,Terrible work-life balance.,4,3,4,29
EMP04074,48,male,Finance,2,New York,4,No,2,9.0,I am exhausted every day.,10,1,5,37
EMP04075,50,Male,IT,21,London,4,No,2,10.0,I need a long break.,4,5,3,33
EMP04076,59,Female,IT,23,New York,3,No,5,8.0,Terrible work-life balance.,6,5,3,37
EMP04077,41,Male,Sales,7,Berlin,2,No,8,7.0,Average experience.,5,2,4,28
EMP04078,48,M,IT,4,London,4,Yes,4,10.0,I am exhausted every day.,6,5,2,35
EMP04079,62,Female,IT,13,Berlin,2,No,6,6.0,Standard corporate environment.,7,4,2,34
EMP04080,41,Male,Marketing,20,Remote,3,No,5,5.0,Average experience.,8,2,4,34
EMP04081,40,Female,HR,11,New York,3,No,5,2.0,Love the culture here.,5,2,3,26
EMP04082,41,Female,Sales,3,London,5,No,5,1.0,Management is very supportive.,6,1,3,25
EMP04083,56,Female,Sales,2,Tokyo,3,No,8,5.0,Standard corporate environment.,9,2,5,38
EMP04084,23,F,Operations,16,Berlin,4,No,2,8.0,Extremely stressed and burnt out.,5,2,3,26
EMP04085,51,Female,IT,3,New York,2,No,4,7.0,It pays the bills.,6,4,2,32
EMP04086,55,Male,Operations,24,Berlin,3,No,6,4.0,Great work-life balance.,4,2,2,22
EMP04087,43,Male,Marketing,15,Berlin,3,No,6,4.0,Love the culture here.,5,5,5,39
EMP04088,24,Female,Finance,17,Remote,4,Yes,3,4.0,Management is very supportive.,9,1,5,35
EMP04089,27,Female,IT,16,Berlin,4,No,1,10.0,I need a long break.,3,4,2,26
EMP04090,36,Male,Finance,20,Remote,4,Yes,6,7.0,It pays the bills.,7,3,4,35
EMP04091,48,Male,HR,7,Remote,4,No,7,1.0,Excellent benefits.,9,3,3,37
EMP04092,31,Female,Marketing,16,Remote,3,No,4,6.0,Nothing special to report.,5,3,2,27
EMP04093,30,Other,IT,5,New York,4,No,2,9.0,I need a long break.,2,4,1,22
EMP04094,54,Male,Operations,2,Berlin,3,No,5,2.0,Management is very supportive.,8,3,5,39
EMP04095,53,Female,Operations,1,Berlin,2,No,2,5.0,Nothing special to report.,5,5,5,39
EMP04096,27,Female,IT,22,Remote,4,No,2,9.0,Terrible work-life balance.,7,3,2,31
EMP04097,62,Female,Operations,13,Berlin,4,No,4,7.0,Average experience.,7,3,3,33
EMP04098,57,Male,IT,16,Berlin,3,No,2,6.0,Average experience.,2,1,3,17
EMP04099,23,Female,Sales,5,Remote,5,No,5,1.0,Love the culture here.,9,3,3,37
EMP04100,50,F,Operations,3,Tokyo,4,No,5,5.0,Work is okay.,8,3,5,39
EMP04101,25,Male,IT,15,Tokyo,3,No,3,7.0,Standard corporate environment.,7,2,1,26
EMP04102,22,Female,IT,16,Remote,3,Yes,7,8.0,Standard corporate environment.,4,5,1,29
EMP04103,40,Male,Operations,11,New York,5,No,4,3.0,Excellent benefits.,6,4,4,36
EMP04104,47,Male,Sales,19,Berlin,4,No,4,1.0,Love the culture here.,4,1,3,21
EMP04105,46,Female,Operations,18,Berlin,3,Yes,4,6.0,Average experience.,9,4,3,40
EMP04106,31,Female,IT,21,Tokyo,4,No,5,10.0,I need a long break.,7,3,2,31
EMP04107,36,Male,Sales,9,Remote,3,No,5,1.0,I feel energized at work.,9,2,4,36
EMP04108,43,Female,Finance,8,New York,3,No,3,7.0,Standard corporate environment.,7,3,2,31
EMP04109,42,Female,HR,22,Remote,4,No,6,9.0,Management expects too much.,6,3,2,29
EMP04110,43,Female,Operations,19,Tokyo,3,No,3,7.0,It pays the bills.,7,1,2,25
EMP04111,57,Female,Marketing,22,Tokyo,4,No,5,9.0,I need a long break.,4,1,5,25
EMP04112,55,Male,IT,5,Berlin,5,No,4,7.0,It pays the bills.,7,4,3,36
EMP04113,51,female,Sales,17,London,5,Yes,2,9.0,Management expects too much.,8,3,2,33
EMP04114,46,Female,Sales,5,New York,4,Yes,3,2.0,I feel energized at work.,7,4,4,38
EMP04115,49,Female,Finance,14,New York,5,Yes,7,8.0,Terrible work-life balance.,10,3,2,37
EMP04116,22,M,Operations,7,London,4,No,8,7.0,Standard corporate environment.,8,1,3,29
EMP04117,25,Male,Marketing,9,Tokyo,3,No,7,7.0,It pays the bills.,5,2,4,28
EMP04118,28,Male,Sales,17,Remote,5,No,2,2.0,Excellent benefits.,8,4,3,38
EMP04119,30,Female,Finance,3,New York,2,No,8,1.0,I feel energized at work.,7,4,3,36
EMP04120,57,Female,IT,8,London,3,Yes,6,9.0,I need a long break.,4,5,2,31
EMP04121,40,F,Finance,22,Berlin,4,Yes,3,7.0,Standard corporate environment.,5,5,5,39
EMP04122,22,Other,Operations,13,Berlin,3,No,3,6.0,Nothing special to report.,7,2,5,34
EMP04123,31,Male,Finance,16,Tokyo,3,Yes,4,2.0,Great work-life balance.,7,5,5,43
EMP04124,57,Female,Sales,21,New York,4,Yes,4,7.0,Work is okay.,7,2,5,34
EMP04125,30,Female,Sales,10,Remote,2,No,1,9.0,I am exhausted every day.,4,3,3,27
EMP04126,63,Male,HR,18,New York,5,No,3,2.0,I feel energized at work.,10,5,2,43
EMP04127,53,Female,Finance,3,Berlin,3,Yes,3,5.0,Average experience.,9,5,4,45
EMP04128,53,Female,IT,12,New York,5,No,2,8.0,I am exhausted every day.,3,4,2,26
EMP04129,27,Female,Marketing,16,Berlin,3,No,5,2.0,I feel energized at work.,6,2,3,28
EMP04130,59,Male,Marketing,18,London,4,Yes,3,1.0,Love the culture here.,5,4,4,34
EMP04131,38,Male,Operations,17,London,3,No,6,7.0,It pays the bills.,10,5,5,49
EMP04132,31,Male,HR,7,Berlin,4,No,3,2.0,Great work-life balance.,10,3,5,43
EMP04133,48,M,Finance,19,Remote,2,Yes,3,6.0,Nothing special to report.,7,1,5,31
EMP04134,56,Male,IT,23,Remote,3,No,3,6.0,Work is okay.,4,2,2,22
EMP04135,42,M,HR,23,New York,2,No,2,9.0,I need a long break.,6,2,5,32
EMP04136,46,Female,Sales,8,Berlin,3,No,4,6.0,Standard corporate environment.,10,3,5,43
EMP04137,49,Female,Operations,17,Tokyo,5,No,1,2.0,Management is very supportive.,5,3,2,27
EMP04138,36,Female,Finance,21,Remote,1,No,7,1.0,Excellent benefits.,8,2,3,32
EMP04139,25,Female,Marketing,7,Remote,4,Yes,4,1.0,I feel energized at work.,6,2,3,28
EMP04140,50,Female,IT,1,London,4,No,5,7.0,Nothing special to report.,2,3,2,21
EMP04141,30,Female,Sales,8,Remote,3,No,9,9.0,Extremely stressed and burnt out.,9,3,3,37
EMP04142,48,Female,HR,19,Remote,3,Yes,2,2.0,Excellent benefits.,8,3,2,33
EMP04143,47,Female,Operations,20,Remote,3,No,5,5.0,It pays the bills.,8,5,4,43
EMP04144,40,Female,HR,20,Berlin,3,Yes,5,4.0,Management is very supportive.,4,2,5,28
EMP04145,49,Male,Marketing,10,Berlin,2,No,4,9.0,Terrible work-life balance.,4,2,2,22
EMP04146,38,Female,HR,12,London,3,No,3,8.0,Terrible work-life balance.,5,3,5,33
EMP04147,64,female,IT,24,New York,3,No,4,7.0,It pays the bills.,4,4,3,30
EMP04148,62,Male,Sales,1,Remote,4,No,6,5.0,It pays the bills.,8,1,3,29
EMP04149,63,Male,Finance,24,New York,4,No,4,7.0,It pays the bills.,5,2,4,28
EMP04150,41,Male,IT,21,Berlin,4,No,5,6.0,Work is okay.,6,5,2,35
EMP04151,61,Female,Marketing,4,Remote,3,No,3,6.0,It pays the bills.,9,1,2,29
EMP04152,60,Male,Operations,4,New York,3,Yes,3,7.0,Average experience.,7,4,2,34
EMP04153,44,Female,Marketing,9,New York,3,No,3,5.0,It pays the bills.,8,5,3,41
EMP04154,53,Male,Marketing,15,Tokyo,3,Yes,5,5.0,Nothing special to report.,10,3,3,39
EMP04155,54,Male,HR,24,Berlin,3,No,7,8.0,Terrible work-life balance.,7,4,5,40
EMP04156,26,Female,Operations,15,London,5,No,2,1.0,Management is very supportive.,8,3,4,37
EMP04157,64,Male,IT,7,London,3,Yes,7,9.0,Management expects too much.,5,5,3,35
EMP04158,55,female,Marketing,12,Tokyo,3,No,3,6.0,Nothing special to report.,7,5,2,37
EMP04159,61,Male,IT,3,New York,4,No,4,9.0,Extremely stressed and burnt out.,7,3,2,31
EMP04160,32,Female,Finance,20,Tokyo,4,No,5,5.0,It pays the bills.,8,1,2,27
EMP04161,24,Male,HR,9,Tokyo,3,No,6,2.0,I feel energized at work.,6,2,4,30
EMP04162,54,Male,IT,14,Berlin,3,Yes,4,6.0,Nothing special to report.,5,2,3,26
EMP04163,32,Other,Operations,13,Remote,4,Yes,1,7.0,Work is okay.,5,5,4,37
EMP04164,37,F,Marketing,24,New York,2,No,2,1.0,Excellent benefits.,7,4,2,34
EMP04165,39,Male,Finance,12,London,4,No,3,2.0,Management is very supportive.,6,3,2,29
EMP04166,51,Female,Operations,1,London,4,No,3,8.0,I need a long break.,9,4,2,38
EMP04167,31,Female,HR,19,Tokyo,5,Yes,1,1.0,I feel energized at work.,6,3,2,29
EMP04168,39,Male,Finance,16,Tokyo,1,No,5,2.0,Excellent benefits.,9,4,4,42
EMP04169,59,Male,Finance,12,Tokyo,3,No,6,5.0,Standard corporate environment.,6,3,5,35
EMP04170,40,male,Finance,10,New York,3,No,4,6.0,Standard corporate environment.,5,5,2,33
EMP04171,57,female,Marketing,2,Tokyo,3,No,1,1.0,Excellent benefits.,9,1,3,31
EMP04172,34,Other,Sales,18,Tokyo,4,Yes,2,1.0,I feel energized at work.,9,2,2,32
EMP04173,24,Female,Finance,13,Remote,5,No,1,2.0,Management is very supportive.,10,4,3,42
EMP04174,31,Female,Operations,24,New York,3,No,4,3.0,I feel energized at work.,4,2,4,26
EMP04175,59,Male,Operations,6,Berlin,3,No,2,9.0,Management expects too much.,8,4,3,38
EMP04176,22,Male,HR,12,Berlin,3,No,8,3.0,Management is very supportive.,9,5,2,41
EMP04177,48,Male,IT,22,Remote,2,No,3,7.0,Standard corporate environment.,2,5,2,27
EMP04178,29,Female,IT,4,London,3,Yes,3,10.0,I am exhausted every day.,3,4,2,26
EMP04179,63,Female,Sales,1,Berlin,3,No,4,9.0,Management expects too much.,10,4,5,46
EMP04180,38,M,Marketing,11,New York,4,Yes,3,8.0,Terrible work-life balance.,8,4,5,42
EMP04181,30,male,Marketing,23,London,3,No,1,3.0,Excellent benefits.,7,5,4,41
EMP04182,27,F,Finance,8,Tokyo,3,Yes,7,7.0,Work is okay.,8,1,5,33
EMP04183,64,Other,Sales,2,New York,3,No,2,4.0,I feel energized at work.,7,1,2,25
EMP04184,46,Male,HR,2,London,3,No,5,5.0,Average experience.,6,4,5,38
EMP04185,60,Female,HR,16,Berlin,2,Yes,2,7.0,Average experience.,9,3,4,39
EMP04186,49,Female,IT,1,Tokyo,4,No,9,8.0,Management expects too much.,6,1,2,23
EMP04187,54,Male,HR,4,Tokyo,5,No,6,7.0,It pays the bills.,4,5,5,37
EMP04188,58,Other,Finance,6,New York,2,Yes,5,6.0,Average experience.,6,5,3,37
EMP04189,30,F,Operations,21,Tokyo,4,Yes,5,6.0,Work is okay.,6,5,3,37
EMP04190,39,Male,HR,20,London,3,No,3,3.0,Love the culture here.,4,2,3,24
EMP04191,42,Male,Sales,14,Remote,3,Yes,3,4.0,Great work-life balance.,8,2,2,30
EMP04192,23,Female,Finance,20,Berlin,4,No,1,4.0,I feel energized at work.,4,5,3,33
EMP04193,64,Female,HR,15,New York,3,No,3,6.0,Standard corporate environment.,6,1,5,29
EMP04194,59,male,Marketing,7,Remote,1,No,3,9.0,Terrible work-life balance.,10,2,3,36
EMP04195,61,Male,HR,7,Remote,3,No,3,5.0,It pays the bills.,6,3,4,33
EMP04196,57,Male,Marketing,18,New York,2,No,1,8.0,Management expects too much.,10,4,2,40
EMP04197,64,Male,Finance,23,London,1,No,3,5.0,Standard corporate environment.,5,2,3,26
EMP04198,58,Male,HR,2,Berlin,3,No,2,6.0,Standard corporate environment.,7,2,2,28
EMP04199,36,Male,Marketing,20,New York,3,No,5,6.0,Work is okay.,9,1,5,35
EMP04200,49,male,Operations,15,Remote,4,Yes,2,4.0,Management is very supportive.,8,1,5,33
EMP04201,39,Male,IT,1,Remote,3,Yes,4,7.0,Standard corporate environment.,5,3,3,29
EMP04202,55,Female,Finance,21,New York,2,No,5,5.0,Average experience.,8,3,4,37
EMP04203,43,Male,Marketing,17,Remote,3,No,2,4.0,Excellent benefits.,5,3,5,33
EMP04204,32,Male,Sales,20,New York,4,No,4,2.0,Great work-life balance.,6,3,5,35
EMP04205,34,M,HR,13,New York,3,No,6,2.0,Great work-life balance.,4,2,5,28
EMP04206,25,Female,Marketing,12,Berlin,4,No,0,8.0,Terrible work-life balance.,9,3,2,35
EMP04207,43,Female,Marketing,24,New York,3,No,5,4.0,Great work-life balance.,7,3,3,33
EMP04208,28,Female,Marketing,22,Remote,5,No,3,9.0,Management expects too much.,10,5,3,45
EMP04209,64,Male,IT,15,Tokyo,3,Yes,2,8.0,Work is okay.,7,2,2,28
EMP04210,45,Female,Sales,24,Berlin,2,No,3,6.0,It pays the bills.,9,2,4,36
EMP04211,25,Male,Sales,5,Remote,3,Yes,4,5.0,Nothing special to report.,10,2,3,36
EMP04212,49,M,Operations,7,Remote,3,No,0,7.0,It pays the bills.,8,4,3,38
EMP04213,36,Male,IT,8,Berlin,4,No,3,9.0,Terrible work-life balance.,5,3,3,29
EMP04214,22,Female,Marketing,23,Berlin,3,No,2,9.0,I am exhausted every day.,6,3,5,35
EMP04215,24,Male,Finance,14,Remote,1,No,0,6.0,It pays the bills.,5,3,3,29
EMP04216,35,Female,IT,4,Tokyo,4,No,1,8.0,Terrible work-life balance.,3,1,3,19
EMP04217,59,male,IT,21,London,5,No,3,9.0,Terrible work-life balance.,5,1,3,23
EMP04218,22,Female,Sales,14,Remote,5,No,4,4.0,I feel energized at work.,9,1,5,35
EMP04219,59,Female,Operations,10,Berlin,3,No,1,8.0,I am exhausted every day.,7,4,4,38
EMP04220,59,female,Operations,22,New York,1,No,7,5.0,Standard corporate environment.,4,3,3,27
EMP04221,42,Female,IT,16,New York,2,No,3,10.0,Management expects too much.,3,2,2,20
EMP04222,50,Male,IT,11,Berlin,4,Yes,4,8.0,Terrible work-life balance.,4,2,2,22
EMP04223,26,Male,HR,22,Berlin,4,No,5,8.0,I am exhausted every day.,5,5,3,35
EMP04224,31,Female,Marketing,14,London,5,No,5,6.0,Average experience.,9,1,3,31
EMP04225,49,Female,Sales,14,Berlin,3,No,6,5.0,Nothing special to report.,9,4,5,44
EMP04226,42,Male,Marketing,2,New York,4,No,3,2.0,Great work-life balance.,6,5,4,39
EMP04227,28,Male,Finance,22,Tokyo,4,No,11,1.0,Management is very supportive.,8,4,3,38
EMP04228,24,Other,Finance,13,Berlin,3,Yes,3,7.0,It pays the bills.,6,2,4,30
EMP04229,41,Male,Operations,3,London,4,Yes,1,7.0,Standard corporate environment.,4,3,2,25
EMP04230,40,Female,Sales,18,Tokyo,2,No,2,2.0,Great work-life balance.,10,2,2,34
EMP04231,56,Male,Marketing,22,London,4,No,3,3.0,Management is very supportive.,10,2,5,40
EMP04232,25,M,Operations,4,Tokyo,5,No,4,8.0,Terrible work-life balance.,4,1,4,23
EMP04233,26,Male,Finance,21,Berlin,2,Yes,6,4.0,Love the culture here.,6,2,5,32
EMP04234,22,Female,IT,21,New York,4,No,5,10.0,Extremely stressed and burnt out.,7,4,2,34
EMP04235,25,Male,Sales,19,Tokyo,3,No,4,7.0,Average experience.,4,3,3,27
EMP04236,33,Female,Sales,16,Remote,4,No,4,8.0,Terrible work-life balance.,9,1,3,31
EMP04237,48,M,Marketing,4,London,4,Yes,3,1.0,Love the culture here.,9,5,2,41
EMP04238,63,Male,HR,19,Tokyo,5,No,7,7.0,Standard corporate environment.,8,2,5,36
EMP04239,44,Female,Marketing,23,London,4,Yes,5,3.0,Excellent benefits.,9,1,3,31
EMP04240,46,Female,IT,15,New York,3,Yes,2,10.0,Management expects too much.,2,1,1,13
EMP04241,42,Male,IT,1,London,1,No,6,9.0,Management expects too much.,2,1,1,13
EMP04242,45,M,Operations,16,London,4,Yes,2,1.0,Management is very supportive.,5,4,2,30
EMP04243,46,Male,Sales,15,Remote,3,No,4,3.0,Excellent benefits.,5,5,4,37
EMP04244,53,Female,Operations,16,London,4,No,0,5.0,Standard corporate environment.,5,1,2,21
EMP04245,53,Male,IT,22,Tokyo,2,No,2,6.0,Work is okay.,5,4,1,28
EMP04246,26,Male,HR,20,London,4,No,1,2.0,Love the culture here.,4,5,4,35
EMP04247,57,Male,Sales,1,Berlin,3,No,5,3.0,Management is very supportive.,9,3,5,41
EMP04248,63,Female,IT,17,London,5,No,7,10.0,Management expects too much.,2,4,2,24
EMP04249,63,Female,HR,5,Berlin,4,No,1,8.0,I need a long break.,5,1,4,25
EMP04250,60,Female,Marketing,5,London,2,Yes,6,5.0,Nothing special to report.,8,2,3,32
EMP04251,37,Male,Finance,7,London,3,No,6,5.0,Work is okay.,6,4,2,32
EMP04252,54,Male,IT,13,Tokyo,5,No,1,10.0,Extremely stressed and burnt out.,2,3,1,19
EMP04253,42,Female,Finance,12,Berlin,4,Yes,3,3.0,Love the culture here.,5,5,2,33
EMP04254,30,M,Operations,4,Berlin,3,No,3,9.0,I am exhausted every day.,9,3,4,39
EMP04255,27,Male,Finance,4,Remote,5,No,5,9.0,Management expects too much.,4,5,5,37
EMP04256,56,Female,IT,23,London,3,Yes,7,9.0,Terrible work-life balance.,3,4,2,26
EMP04257,60,Male,Finance,21,London,3,Yes,4,2.0,Management is very supportive.,4,5,4,35
EMP04258,43,Female,Sales,21,Tokyo,4,No,1,8.0,Extremely stressed and burnt out.,8,1,2,27
EMP04259,62,F,IT,6,Remote,3,No,5,6.0,Average experience.,4,4,3,30
EMP04260,26,F,HR,24,Remote,3,No,0,5.0,Standard corporate environment.,5,2,4,28
EMP04261,63,Female,Finance,15,Tokyo,4,No,1,5.0,Work is okay.,4,3,4,29
EMP04262,44,Male,Sales,21,Berlin,4,No,3,8.0,Extremely stressed and burnt out.,7,3,5,37
EMP04263,38,M,Operations,19,New York,2,No,4,8.0,I am exhausted every day.,5,4,3,32
EMP04264,33,Female,Operations,6,Tokyo,4,Yes,5,6.0,Standard corporate environment.,8,2,3,32
EMP04265,44,Male,Finance,12,Berlin,3,No,2,7.0,It pays the bills.,4,4,4,32
EMP04266,37,Female,Operations,14,Remote,3,Yes,4,4.0,Excellent benefits.,4,1,3,21
EMP04267,24,female,HR,18,Tokyo,4,Yes,10,7.0,Standard corporate environment.,5,1,5,27
EMP04268,51,F,IT,12,New York,2,No,5,6.0,Work is okay.,7,2,3,30
EMP04269,43,Male,Sales,24,London,4,No,6,2.0,I feel energized at work.,4,4,2,28
EMP04270,30,Female,Marketing,24,Tokyo,4,No,2,8.0,I am exhausted every day.,4,2,5,28
EMP04271,50,M,Finance,15,New York,4,No,7,9.0,I am exhausted every day.,4,2,4,26
EMP04272,58,Male,Operations,19,New York,3,No,2,3.0,Excellent benefits.,8,1,2,27
EMP04273,44,Female,IT,8,Tokyo,3,No,6,6.0,Work is okay.,6,1,2,23
EMP04274,34,Female,Marketing,9,Berlin,3,No,3,5.0,Average experience.,4,2,4,26
EMP04275,53,Female,HR,5,Tokyo,4,No,3,1.0,Great work-life balance.,4,2,4,26
EMP04276,44,Male,Operations,5,Remote,3,No,4,1.0,I feel energized at work.,7,5,3,39
EMP04277,38,Female,Operations,6,New York,3,No,4,6.0,Nothing special to report.,5,1,2,21
EMP04278,61,male,Sales,23,New York,4,No,6,5.0,Nothing special to report.,10,2,3,36
EMP04279,42,Female,HR,3,London,4,Yes,6,5.0,It pays the bills.,6,5,3,37
EMP04280,23,Female,HR,5,New York,2,No,4,2.0,Great work-life balance.,7,2,3,30
EMP04281,58,Male,Finance,1,London,5,No,4,9.0,I am exhausted every day.,6,5,4,39
EMP04282,27,Male,Marketing,11,New York,2,Yes,6,5.0,Nothing special to report.,4,2,5,28
EMP04283,39,Female,Sales,21,New York,3,Yes,3,3.0,Management is very supportive.,9,4,5,44
EMP04284,51,Male,Finance,20,Tokyo,3,No,5,7.0,Average experience.,7,1,4,29
EMP04285,43,F,Sales,1,Tokyo,2,No,3,6.0,Average experience.,8,2,5,36
EMP04286,54,Male,HR,7,Remote,5,Yes,9,6.0,It pays the bills.,6,3,3,31
EMP04287,51,Female,Sales,15,Berlin,3,No,5,5.0,Average experience.,10,3,2,37
EMP04288,38,Male,Sales,17,Remote,2,No,2,4.0,Love the culture here.,10,5,5,49
EMP04289,64,male,Sales,8,New York,4,No,3,6.0,Work is okay.,6,1,4,27
EMP04290,53,Male,IT,2,Remote,4,No,8,9.0,Management expects too much.,4,5,2,31
EMP04291,63,Male,IT,13,Tokyo,5,No,5,7.0,Nothing special to report.,7,1,1,23
EMP04292,35,Male,Marketing,12,New York,3,Yes,6,4.0,Great work-life balance.,9,3,5,41
EMP04293,31,M,Marketing,5,New York,3,No,4,7.0,Work is okay.,7,3,5,37
EMP04294,57,Male,HR,13,Remote,2,No,2,3.0,Management is very supportive.,7,5,2,37
EMP04295,55,Male,Sales,6,London,4,No,6,5.0,Average experience.,8,4,4,40
EMP04296,30,Male,HR,15,Berlin,4,No,4,7.0,Nothing special to report.,5,3,3,29
EMP04297,63,Female,IT,23,Remote,5,No,4,6.0,Work is okay.,3,1,3,19
EMP04298,49,Male,Sales,22,Remote,4,No,2,6.0,It pays the bills.,10,2,4,38
EMP04299,32,Male,Finance,21,Berlin,5,Yes,7,2.0,Great work-life balance.,9,2,2,32
EMP04300,35,Male,IT,22,New York,5,No,7,8.0,Work is okay.,6,2,1,24
EMP04301,60,Female,IT,11,New York,3,Yes,2,7.0,Nothing special to report.,5,3,3,29
EMP04302,40,Female,IT,4,London,2,No,4,9.0,I need a long break.,2,4,3,26
EMP04303,36,Female,Sales,1,Remote,2,No,6,2.0,Excellent benefits.,6,3,5,35
EMP04304,49,male,Marketing,15,Berlin,3,No,4,1.0,Excellent benefits.,7,1,4,29
EMP04305,45,female,Operations,12,Remote,3,No,7,4.0,Love the culture here.,7,3,4,35
EMP04306,29,Male,Finance,9,Tokyo,2,Yes,4,2.0,Management is very supportive.,9,3,2,35
EMP04307,64,Female,Finance,11,Remote,3,Yes,2,7.0,Standard corporate environment.,9,3,2,35
EMP04308,30,Female,HR,5,Remote,3,No,5,7.0,Average experience.,4,3,3,27
EMP04309,54,F,Sales,24,Tokyo,1,No,3,3.0,Management is very supportive.,10,1,5,37
EMP04310,54,Female,Marketing,7,Tokyo,3,No,3,1.0,I feel energized at work.,5,3,2,27
EMP04311,40,Female,IT,8,Berlin,2,No,3,8.0,Standard corporate environment.,4,4,3,30
EMP04312,24,Female,Operations,1,New York,3,No,9,8.0,I am exhausted every day.,5,5,3,35
EMP04313,31,F,Sales,1,London,2,No,2,4.0,I feel energized at work.,6,1,4,27
EMP04314,61,Male,Sales,3,Tokyo,4,No,4,3.0,Great work-life balance.,10,4,4,44
EMP04315,63,Male,Marketing,8,New York,2,Yes,5,7.0,Average experience.,9,2,5,38
EMP04316,22,Male,Operations,11,Berlin,4,No,4,4.0,Management is very supportive.,10,2,3,36
EMP04317,50,Male,IT,1,Remote,3,No,2,7.0,It pays the bills.,4,1,2,19
EMP04318,55,Female,Sales,14,Berlin,3,No,4,3.0,Great work-life balance.,7,5,3,39
EMP04319,34,Male,Finance,1,Berlin,3,No,3,4.0,Management is very supportive.,5,3,4,31
EMP04320,22,Male,Finance,6,Tokyo,3,Yes,1,1.0,I feel energized at work.,7,1,2,25
EMP04321,55,male,Operations,21,London,2,No,6,8.0,I am exhausted every day.,4,3,5,31
EMP04322,50,Female,IT,6,Tokyo,4,Yes,3,8.0,Extremely stressed and burnt out.,5,3,2,27
EMP04323,34,Female,Operations,3,Remote,5,No,4,8.0,Management expects too much.,6,2,2,26
EMP04324,50,Male,Sales,10,Tokyo,5,No,3,5.0,Nothing special to report.,6,5,2,35
EMP04325,60,Male,Finance,12,Remote,4,No,6,5.0,Standard corporate environment.,5,3,3,29
EMP04326,45,M,HR,10,Tokyo,3,No,7,4.0,Excellent benefits.,5,1,3,23
EMP04327,47,Female,Operations,22,London,3,No,2,3.0,Love the culture here.,9,2,3,34
EMP04328,38,Male,HR,2,New York,4,Yes,4,3.0,Great work-life balance.,10,3,4,41
EMP04329,28,female,HR,24,London,4,No,2,4.0,Great work-life balance.,8,2,5,36
EMP04330,34,male,Marketing,22,Tokyo,3,No,1,6.0,Standard corporate environment.,7,2,5,34
EMP04331,26,female,Finance,13,Berlin,5,No,7,2.0,Management is very supportive.,5,1,5,27
EMP04332,47,Female,Operations,16,New York,3,No,3,6.0,Nothing special to report.,5,1,5,27
EMP04333,24,Male,HR,13,Berlin,3,Yes,3,8.0,Terrible work-life balance.,8,4,4,40
EMP04334,28,Female,Sales,4,London,5,No,7,9.0,Extremely stressed and burnt out.,9,3,4,39
EMP04335,60,Female,Marketing,4,New York,5,No,3,4.0,Excellent benefits.,7,2,4,32
EMP04336,22,Male,IT,11,Tokyo,4,No,8,10.0,Management expects too much.,7,4,3,36
EMP04337,38,Female,Marketing,23,Berlin,3,No,3,8.0,Extremely stressed and burnt out.,4,1,2,19
EMP04338,64,Male,IT,14,Tokyo,3,No,7,7.0,Work is okay.,2,5,1,25
EMP04339,46,Female,Finance,3,Remote,2,No,8,2.0,Great work-life balance.,8,2,4,34
EMP04340,24,Male,Operations,19,New York,4,No,5,2.0,Excellent benefits.,5,5,2,33
EMP04341,36,Female,Operations,22,Berlin,3,Yes,3,9.0,Management expects too much.,7,5,5,43
EMP04342,50,Male,IT,1,London,3,No,1,8.0,I need a long break.,3,2,2,20
EMP04343,64,M,Sales,5,London,3,Yes,5,6.0,Work is okay.,9,4,3,40
EMP04344,53,Female,IT,17,London,3,No,3,7.0,Nothing special to report.,2,4,3,26
EMP04345,47,Female,IT,1,London,3,No,0,6.0,Standard corporate environment.,4,2,3,24
EMP04346,37,Other,Operations,19,Berlin,5,No,3,7.0,Standard corporate environment.,10,3,5,43
EMP04347,46,Female,HR,19,Remote,1,No,3,5.0,Average experience.,9,5,4,45
EMP04348,49,Other,Sales,4,London,4,No,6,9.0,I am exhausted every day.,8,4,5,42
EMP04349,30,Male,Operations,19,London,3,No,1,9.0,I need a long break.,6,2,4,30
EMP04350,22,Male,Marketing,6,London,4,No,3,2.0,Excellent benefits.,9,1,3,31
EMP04351,50,Male,IT,15,Remote,5,Yes,2,8.0,Nothing special to report.,7,1,3,27
EMP04352,43,Male,HR,4,New York,3,No,2,7.0,Average experience.,7,2,5,34
EMP04353,37,M,Sales,24,London,2,No,3,1.0,I feel energized at work.,10,3,3,39
EMP04354,62,Male,Finance,1,London,3,No,4,5.0,Work is okay.,8,1,5,33
EMP04355,62,Female,Sales,24,London,3,No,1,5.0,Average experience.,8,3,5,39
EMP04356,28,Female,Sales,17,New York,4,No,3,5.0,Average experience.,7,2,5,34
EMP04357,35,Female,IT,11,London,2,Yes,2,7.0,It pays the bills.,2,2,1,16
EMP04358,50,Female,IT,17,New York,2,No,6,8.0,I am exhausted every day.,6,5,2,35
EMP04359,40,Female,Finance,23,New York,4,No,5,6.0,It pays the bills.,9,2,5,38
EMP04360,40,Male,Finance,1,Tokyo,3,No,5,5.0,Average experience.,10,3,4,41
EMP04361,23,Male,Finance,9,Tokyo,3,No,5,6.0,Standard corporate environment.,7,4,5,40
EMP04362,62,Female,Operations,14,London,3,No,6,6.0,Standard corporate environment.,10,1,4,35
EMP04363,36,Female,Operations,15,Berlin,4,No,6,7.0,It pays the bills.,8,1,4,31
EMP04364,24,Female,IT,24,Tokyo,2,Yes,4,8.0,Average experience.,2,5,1,25
EMP04365,32,F,IT,1,Tokyo,3,No,6,6.0,Work is okay.,4,4,1,26
EMP04366,51,Female,Finance,2,Berlin,4,No,3,4.0,Excellent benefits.,6,3,5,35
EMP04367,61,Female,Operations,18,Remote,3,No,3,2.0,Great work-life balance.,8,3,3,35
EMP04368,39,Male,HR,18,London,4,No,6,5.0,Work is okay.,5,5,2,33
EMP04369,23,Female,Operations,6,Remote,4,Yes,4,1.0,I feel energized at work.,10,2,2,34
EMP04370,53,Female,IT,20,Remote,4,No,3,10.0,I need a long break.,2,4,2,24
EMP04371,29,Male,Operations,8,New York,4,No,6,5.0,Work is okay.,10,1,2,31
EMP04372,43,Male,IT,1,New York,4,No,3,9.0,Extremely stressed and burnt out.,3,4,2,26
EMP04373,27,Female,Finance,15,London,4,No,5,3.0,Great work-life balance.,5,5,4,37
EMP04374,33,Male,Finance,10,Berlin,4,Yes,5,7.0,Work is okay.,6,2,5,32
EMP04375,61,Male,Finance,4,New York,3,No,2,7.0,Nothing special to report.,5,4,3,32
EMP04376,57,Female,HR,10,Tokyo,2,No,2,3.0,Excellent benefits.,8,2,2,30
EMP04377,36,Male,HR,11,London,3,No,5,5.0,It pays the bills.,6,4,4,36
EMP04378,49,F,IT,5,Remote,3,No,1,6.0,Work is okay.,4,1,3,21
EMP04379,39,Male,Sales,9,London,3,No,3,4.0,I feel energized at work.,4,3,5,31
EMP04380,23,Female,Marketing,5,New York,3,No,8,2.0,Excellent benefits.,7,4,2,34
EMP04381,34,Female,HR,11,Berlin,5,No,0,3.0,Excellent benefits.,9,3,2,35
EMP04382,36,F,IT,3,Remote,5,Yes,3,8.0,I need a long break.,4,3,3,27
EMP04383,41,Male,Operations,4,Berlin,4,Yes,6,1.0,Management is very supportive.,6,3,3,31
EMP04384,50,Female,Finance,10,London,5,No,3,5.0,Work is okay.,9,5,5,47
EMP04385,63,Female,Finance,7,Berlin,5,No,4,9.0,I am exhausted every day.,4,1,2,19
EMP04386,50,Female,Finance,1,Berlin,4,No,3,2.0,Love the culture here.,7,3,5,37
EMP04387,24,Female,IT,6,London,2,No,6,10.0,Extremely stressed and burnt out.,7,1,2,25
EMP04388,40,Female,Finance,8,Remote,3,Yes,3,3.0,Great work-life balance.,9,4,4,42
EMP04389,24,male,HR,17,Berlin,3,No,8,3.0,Love the culture here.,4,1,2,19
EMP04390,35,Male,Operations,24,Berlin,2,No,3,7.0,Nothing special to report.,6,2,5,32
EMP04391,61,Male,Finance,7,London,4,Yes,5,7.0,Standard corporate environment.,9,3,4,39
EMP04392,25,M,IT,1,Tokyo,2,No,3,8.0,Standard corporate environment.,5,4,3,32
EMP04393,32,Male,Operations,9,Berlin,3,No,4,5.0,Nothing special to report.,7,3,3,33
EMP04394,52,Other,Finance,11,New York,2,No,6,3.0,Excellent benefits.,7,3,4,35
EMP04395,64,Female,Sales,19,Remote,3,Yes,4,1.0,I feel energized at work.,8,4,3,38
EMP04396,53,Female,Finance,2,Berlin,3,No,2,9.0,Management expects too much.,10,4,5,46
EMP04397,48,Male,Marketing,23,London,4,No,9,7.0,Average experience.,8,5,3,41
EMP04398,51,Male,HR,11,New York,3,No,9,5.0,Work is okay.,4,5,3,33
EMP04399,64,Female,Operations,3,London,3,No,3,7.0,Standard corporate environment.,7,5,3,39
EMP04400,23,male,HR,17,Berlin,4,No,1,3.0,Great work-life balance.,6,1,2,23
EMP04401,30,Other,Sales,10,New York,4,No,1,3.0,I feel energized at work.,9,2,4,36
EMP04402,49,Male,Sales,3,Remote,3,No,6,1.0,Management is very supportive.,8,2,5,36
EMP04403,52,Male,Marketing,22,Remote,2,No,4,5.0,Average experience.,6,1,4,27
EMP04404,55,Male,HR,3,Remote,1,No,5,7.0,Average experience.,4,5,5,37
EMP04405,36,F,Operations,21,Tokyo,4,No,4,3.0,Great work-life balance.,9,2,4,36
EMP04406,46,Male,Sales,7,London,3,Yes,3,5.0,It pays the bills.,8,5,2,39
EMP04407,57,Male,Sales,2,Berlin,2,No,4,1.0,Management is very supportive.,8,4,3,38
EMP04408,29,Male,Finance,1,New York,2,No,4,7.0,It pays the bills.,4,1,3,21
EMP04409,30,Male,Marketing,7,London,4,No,9,8.0,Management expects too much.,7,5,3,39
EMP04410,58,Other,IT,20,Berlin,3,No,3,6.0,It pays the bills.,2,1,2,15
EMP04411,60,Female,Sales,11,Tokyo,3,Yes,3,4.0,Excellent benefits.,9,3,4,39
EMP04412,53,Male,Operations,23,Berlin,4,Yes,2,9.0,I need a long break.,9,1,2,29
EMP04413,38,Male,Operations,6,London,2,Yes,3,2.0,Great work-life balance.,10,1,4,35
EMP04414,56,Male,Finance,23,Berlin,3,Yes,3,1.0,Management is very supportive.,7,5,5,43
EMP04415,58,Male,Operations,4,New York,3,Yes,8,6.0,Work is okay.,4,1,2,19
EMP04416,40,Male,Finance,19,Tokyo,3,No,4,1.0,Great work-life balance.,10,3,5,43
EMP04417,50,Female,Sales,21,New York,4,No,5,6.0,Standard corporate environment.,4,4,2,28
EMP04418,28,Male,Sales,19,Tokyo,3,Yes,6,1.0,Management is very supportive.,7,2,3,30
EMP04419,49,Male,Sales,14,Tokyo,4,No,5,6.0,Nothing special to report.,4,4,5,34
EMP04420,30,Male,Sales,3,Berlin,3,No,2,9.0,Management expects too much.,5,1,5,27
EMP04421,49,Female,IT,4,New York,3,No,4,10.0,Management expects too much.,7,3,1,29
EMP04422,27,Female,Marketing,8,Tokyo,3,No,4,5.0,It pays the bills.,7,3,2,31
EMP04423,50,Female,Marketing,18,Tokyo,4,Yes,8,4.0,Excellent benefits.,6,4,3,34
EMP04424,38,Female,IT,4,Berlin,3,No,6,9.0,Management expects too much.,3,5,2,29
EMP04425,37,Female,Sales,11,London,3,No,2,4.0,I feel energized at work.,8,2,4,34
EMP04426,44,Male,Operations,16,London,4,No,8,5.0,It pays the bills.,4,1,2,19
EMP04427,52,male,Finance,3,Remote,5,No,4,1.0,Love the culture here.,6,1,3,25
EMP04428,24,Male,Marketing,7,Remote,2,Yes,0,3.0,Excellent benefits.,4,4,2,28
EMP04429,42,Female,HR,2,Tokyo,2,No,3,4.0,Great work-life balance.,5,3,3,29
EMP04430,47,Female,Finance,1,London,2,Yes,2,8.0,Management expects too much.,6,3,3,31
EMP04431,57,Female,HR,1,Tokyo,4,No,7,1.0,I feel energized at work.,4,5,3,33
EMP04432,63,female,HR,6,New York,2,No,3,3.0,I feel energized at work.,6,2,2,26
EMP04433,58,Female,Sales,19,London,3,No,9,2.0,Excellent benefits.,6,1,4,27
EMP04434,43,F,HR,7,London,3,Yes,3,6.0,Work is okay.,10,4,4,44
EMP04435,63,M,Sales,24,London,3,No,4,9.0,Management expects too much.,6,5,3,37
EMP04436,33,Other,IT,5,Remote,2,No,7,8.0,Standard corporate environment.,4,2,3,24
EMP04437,63,male,Operations,21,Berlin,3,No,6,9.0,Extremely stressed and burnt out.,4,1,4,23
EMP04438,34,F,HR,18,Berlin,2,No,6,5.0,It pays the bills.,8,2,3,32
EMP04439,32,Female,Operations,24,Remote,2,No,0,3.0,Love the culture here.,10,1,4,35
EMP04440,37,Male,Sales,13,Remote,3,Yes,2,8.0,I am exhausted every day.,7,2,4,32
EMP04441,29,Male,HR,1,Remote,4,No,5,9.0,Extremely stressed and burnt out.,9,2,2,32
EMP04442,61,Female,Finance,10,Berlin,2,Yes,1,9.0,Management expects too much.,7,4,4,38
EMP04443,61,female,IT,9,Tokyo,3,Yes,5,8.0,I need a long break.,7,5,3,39
EMP04444,23,Female,Marketing,17,Remote,3,No,4,1.0,Love the culture here.,4,3,2,25
EMP04445,51,male,IT,1,Tokyo,4,No,4,9.0,Management expects too much.,5,2,2,24
EMP04446,51,M,HR,1,Tokyo,4,Yes,3,5.0,Nothing special to report.,8,4,2,36
EMP04447,33,Male,IT,7,New York,4,No,8,10.0,Extremely stressed and burnt out.,5,3,2,27
EMP04448,31,Male,Marketing,4,Berlin,3,No,1,9.0,Extremely stressed and burnt out.,4,5,4,35
EMP04449,32,Male,Finance,23,Tokyo,3,No,8,3.0,Management is very supportive.,8,5,2,39
EMP04450,36,Male,Operations,21,Berlin,4,No,2,7.0,Work is okay.,8,2,4,34
EMP04451,37,Female,Finance,12,Berlin,2,No,3,9.0,I am exhausted every day.,6,1,4,27
EMP04452,38,female,IT,16,New York,4,No,2,8.0,Work is okay.,7,5,1,35
EMP04453,47,Female,Marketing,14,Berlin,4,No,2,5.0,It pays the bills.,4,4,3,30
EMP04454,23,Female,Operations,23,Tokyo,3,No,3,2.0,Love the culture here.,7,2,3,30
EMP04455,33,Male,Marketing,10,London,3,No,4,5.0,Average experience.,8,5,2,39
EMP04456,47,Male,Finance,14,Tokyo,4,No,1,8.0,Terrible work-life balance.,6,2,3,28
EMP04457,44,Female,Sales,7,Tokyo,2,No,1,5.0,Work is okay.,6,1,5,29
EMP04458,39,Male,Sales,4,Berlin,3,No,3,8.0,Extremely stressed and burnt out.,10,5,4,47
EMP04459,53,Male,Operations,2,Tokyo,3,No,6,4.0,Management is very supportive.,10,2,5,40
EMP04460,59,Female,Operations,24,London,1,No,7,9.0,I need a long break.,6,4,2,32
EMP04461,24,Male,Operations,18,Berlin,2,No,5,4.0,Excellent benefits.,6,5,3,37
EMP04462,59,male,Sales,16,Remote,3,Yes,2,5.0,Nothing special to report.,5,1,4,25
EMP04463,24,Male,Finance,9,Tokyo,2,No,8,7.0,Nothing special to report.,5,3,3,29
EMP04464,51,Male,Operations,5,Tokyo,4,No,1,9.0,Management expects too much.,7,3,5,37
EMP04465,22,Male,Sales,9,New York,3,No,4,5.0,Work is okay.,8,2,5,36
EMP04466,51,Male,Operations,8,Remote,1,No,5,7.0,Work is okay.,8,5,4,43
EMP04467,53,Female,Operations,24,Remote,3,No,4,4.0,I feel energized at work.,4,5,5,37
EMP04468,49,Female,Marketing,20,London,1,No,4,2.0,Love the culture here.,10,1,3,33
EMP04469,42,Female,Operations,16,Remote,3,No,4,2.0,Management is very supportive.,5,3,2,27
EMP04470,34,Female,Sales,20,New York,3,Yes,1,5.0,It pays the bills.,7,4,3,36
EMP04471,48,Male,Finance,18,London,4,No,1,2.0,Excellent benefits.,10,3,4,41
EMP04472,57,Female,Sales,4,Remote,3,Yes,6,2.0,Love the culture here.,8,5,3,41
EMP04473,28,Male,Sales,16,London,3,No,1,2.0,Management is very supportive.,9,4,4,42
EMP04474,43,Male,Operations,4,Remote,4,Yes,3,4.0,Management is very supportive.,10,4,2,40
EMP04475,31,Female,Marketing,6,Remote,3,No,3,8.0,Management expects too much.,4,1,2,19
EMP04476,60,M,HR,3,Remote,3,No,2,7.0,Average experience.,4,2,5,28
EMP04477,36,Female,HR,18,Tokyo,4,No,6,5.0,Nothing special to report.,6,2,5,32
EMP04478,36,Male,HR,15,Remote,3,No,7,7.0,Nothing special to report.,4,1,4,23
EMP04479,25,Male,Sales,8,Tokyo,5,No,7,6.0,Average experience.,9,5,2,41
EMP04480,53,Other,Operations,18,Berlin,5,Yes,3,8.0,I need a long break.,6,5,3,37
EMP04481,44,Male,HR,24,New York,3,Yes,5,8.0,I am exhausted every day.,7,2,2,28
EMP04482,27,Male,IT,23,London,4,No,6,10.0,Terrible work-life balance.,5,3,2,27
EMP04483,45,Male,IT,3,London,4,No,3,8.0,I need a long break.,4,1,3,21
EMP04484,41,Male,IT,6,Berlin,5,No,2,8.0,Management expects too much.,6,3,1,27
EMP04485,58,Male,Finance,22,Remote,4,No,4,8.0,Management expects too much.,4,1,2,19
EMP04486,41,Female,Operations,21,New York,4,No,4,7.0,Average experience.,6,1,3,25
EMP04487,33,Female,Sales,24,Berlin,1,No,0,5.0,It pays the bills.,8,2,5,36
EMP04488,54,male,Sales,15,Berlin,3,No,4,8.0,Terrible work-life balance.,10,2,5,40
EMP04489,49,Male,Operations,12,London,3,No,1,4.0,Management is very supportive.,8,3,4,37
EMP04490,29,Male,Marketing,5,Tokyo,3,No,4,6.0,It pays the bills.,8,5,4,43
EMP04491,22,Female,Marketing,7,Tokyo,5,Yes,6,4.0,Excellent benefits.,8,4,4,40
EMP04492,58,Female,Finance,22,Remote,2,Yes,5,5.0,Average experience.,4,3,5,31
EMP04493,43,Female,Operations,15,Remote,4,Yes,4,3.0,Great work-life balance.,5,1,3,23
EMP04494,27,M,Marketing,7,Berlin,2,No,3,2.0,Love the culture here.,6,4,3,34
EMP04495,42,Male,Finance,13,Remote,1,No,6,1.0,Love the culture here.,5,4,2,30
EMP04496,53,M,HR,3,Tokyo,3,No,3,3.0,Excellent benefits.,5,4,3,32
EMP04497,56,Female,HR,23,New York,2,No,2,1.0,Love the culture here.,5,4,3,32
EMP04498,36,Male,Finance,13,London,5,No,5,5.0,It pays the bills.,10,4,3,42
EMP04499,26,F,Operations,3,Tokyo,3,Yes,8,2.0,Management is very supportive.,10,3,5,43
EMP04500,27,Female,HR,2,Remote,2,No,5,3.0,I feel energized at work.,5,2,5,30
EMP04501,46,Male,Operations,23,London,1,No,6,8.0,I am exhausted every day.,4,2,3,24
EMP04502,61,Male,Marketing,4,London,3,No,2,5.0,Work is okay.,8,1,5,33
EMP04503,50,Male,HR,17,Berlin,1,Yes,3,2.0,Great work-life balance.,7,5,3,39
EMP04504,28,Female,Marketing,6,Remote,3,Yes,5,2.0,Excellent benefits.,9,3,2,35
EMP04505,61,Male,Operations,11,Berlin,3,No,2,3.0,I feel energized at work.,6,4,5,38
EMP04506,34,Male,Operations,6,London,2,No,3,3.0,Great work-life balance.,4,2,4,26
EMP04507,59,Male,IT,22,Berlin,3,No,4,10.0,Extremely stressed and burnt out.,6,1,3,25
EMP04508,39,Female,Finance,2,Remote,4,Yes,2,8.0,Terrible work-life balance.,5,4,4,34
EMP04509,23,M,Sales,17,Tokyo,3,No,4,4.0,Management is very supportive.,6,1,3,25
EMP04510,29,Female,Finance,3,New York,3,No,4,9.0,Management expects too much.,10,4,2,40
EMP04511,32,Male,Operations,12,Tokyo,4,No,2,3.0,Love the culture here.,6,4,5,38
EMP04512,54,male,Operations,14,London,4,Yes,4,2.0,Love the culture here.,8,2,2,30
EMP04513,59,Female,Finance,2,Tokyo,4,No,4,6.0,Nothing special to report.,5,2,5,30
EMP04514,48,F,Operations,22,Berlin,4,No,4,4.0,Great work-life balance.,5,4,3,32
EMP04515,41,Female,Marketing,22,Remote,3,No,5,2.0,Great work-life balance.,4,2,4,26
EMP04516,33,Female,HR,5,Tokyo,2,Yes,4,6.0,Average experience.,4,3,5,31
EMP04517,64,Female,Operations,10,Tokyo,3,No,4,4.0,Excellent benefits.,6,4,2,32
EMP04518,52,Male,Finance,10,Remote,4,Yes,4,4.0,Great work-life balance.,9,2,3,34
EMP04519,48,Female,Finance,21,Berlin,2,No,4,4.0,Great work-life balance.,4,1,5,25
EMP04520,53,M,Finance,9,New York,3,No,2,4.0,Great work-life balance.,6,1,2,23
EMP04521,31,M,IT,21,Tokyo,4,Yes,7,6.0,Nothing special to report.,3,1,2,17
EMP04522,24,female,Marketing,13,London,3,Yes,4,9.0,I need a long break.,6,5,2,35
EMP04523,48,Female,Marketing,10,Berlin,3,No,4,3.0,Excellent benefits.,6,1,2,23
EMP04524,56,Male,IT,6,Berlin,3,Yes,4,10.0,Terrible work-life balance.,5,1,2,21
EMP04525,52,Male,Marketing,11,Tokyo,2,No,5,5.0,Work is okay.,9,3,5,41
EMP04526,36,Female,IT,4,Remote,3,No,4,9.0,I am exhausted every day.,4,3,2,25
EMP04527,37,Female,Marketing,14,Tokyo,1,No,5,4.0,Love the culture here.,5,5,2,33
EMP04528,34,Male,IT,17,Tokyo,4,Yes,3,9.0,I am exhausted every day.,4,3,3,27
EMP04529,56,Male,IT,20,Remote,4,Yes,3,7.0,It pays the bills.,6,2,3,28
EMP04530,32,Female,Marketing,2,London,4,No,0,3.0,I feel energized at work.,5,1,4,25
EMP04531,42,Female,IT,10,Remote,4,No,3,8.0,Terrible work-life balance.,4,2,2,22
EMP04532,32,Other,Marketing,3,Tokyo,3,No,6,9.0,Terrible work-life balance.,7,5,2,37
EMP04533,51,Female,IT,7,New York,2,No,1,9.0,Management expects too much.,5,2,2,24
EMP04534,56,Female,Finance,7,Remote,1,No,5,4.0,Management is very supportive.,5,2,5,30
EMP04535,43,Female,Sales,1,London,3,Yes,4,8.0,Terrible work-life balance.,10,2,5,40
EMP04536,59,Other,Marketing,8,Remote,4,No,5,7.0,Standard corporate environment.,4,3,5,31
EMP04537,52,Female,IT,23,Remote,5,Yes,3,9.0,Management expects too much.,7,1,1,23
EMP04538,35,F,Finance,1,Berlin,3,No,5,8.0,I am exhausted every day.,8,2,3,32
EMP04539,45,female,Sales,8,Berlin,3,No,4,2.0,Management is very supportive.,4,4,5,34
EMP04540,53,male,IT,14,Tokyo,3,No,4,10.0,Extremely stressed and burnt out.,6,1,2,23
EMP04541,57,Male,Sales,14,Tokyo,3,No,4,9.0,Management expects too much.,9,1,5,35
EMP04542,53,Male,Marketing,2,Remote,4,No,9,2.0,Management is very supportive.,8,4,5,42
EMP04543,36,Male,Sales,8,New York,4,No,6,3.0,Love the culture here.,6,5,4,39
EMP04544,64,Male,HR,19,Tokyo,4,No,4,6.0,Nothing special to report.,8,5,4,43
EMP04545,56,Male,Operations,10,Remote,4,Yes,2,7.0,Work is okay.,4,1,2,19
EMP04546,24,Male,HR,7,Remote,3,Yes,3,9.0,Extremely stressed and burnt out.,10,3,3,39
EMP04547,37,Male,Marketing,13,Remote,5,No,3,8.0,Terrible work-life balance.,4,5,2,31
EMP04548,26,Female,Marketing,22,Remote,4,No,2,5.0,Average experience.,6,5,5,41
EMP04549,42,Female,Sales,21,Remote,3,No,2,8.0,Management expects too much.,6,2,2,26
EMP04550,31,Male,Finance,15,Berlin,3,No,4,5.0,It pays the bills.,7,2,4,32
EMP04551,40,Female,IT,11,London,4,No,3,7.0,It pays the bills.,7,5,2,37
EMP04552,46,Female,Operations,14,London,3,No,7,9.0,Extremely stressed and burnt out.,4,3,4,29
EMP04553,25,Female,IT,11,Remote,3,No,6,9.0,Extremely stressed and burnt out.,4,2,2,22
EMP04554,50,male,Finance,2,Tokyo,3,No,3,1.0,Great work-life balance.,6,3,2,29
EMP04555,40,Male,Marketing,2,New York,4,No,8,8.0,Management expects too much.,6,1,5,29
EMP04556,64,Male,Operations,12,Remote,3,No,3,5.0,Work is okay.,7,3,5,37
EMP04557,23,Female,HR,15,New York,3,No,5,9.0,Management expects too much.,10,2,2,34
EMP04558,31,Male,Marketing,17,Berlin,4,No,3,3.0,Great work-life balance.,4,4,2,28
EMP04559,64,Female,Marketing,14,London,5,Yes,4,9.0,Extremely stressed and burnt out.,4,3,2,25
EMP04560,46,Male,Sales,16,Berlin,4,No,3,8.0,Terrible work-life balance.,8,5,4,43
EMP04561,41,Male,Finance,8,Tokyo,2,Yes,3,6.0,It pays the bills.,5,3,2,27
EMP04562,40,Male,Sales,24,Tokyo,3,Yes,6,8.0,I am exhausted every day.,10,3,4,41
EMP04563,44,Male,Sales,17,Remote,3,No,6,8.0,Management expects too much.,6,3,4,33
EMP04564,45,Female,IT,5,Tokyo,3,Yes,8,8.0,I am exhausted every day.,6,5,1,33
EMP04565,32,Female,Marketing,12,Tokyo,5,No,2,7.0,Standard corporate environment.,6,3,3,31
EMP04566,55,Male,Finance,6,Berlin,4,No,5,3.0,Management is very supportive.,8,4,3,38
EMP04567,49,Male,Sales,18,New York,3,No,4,9.0,Terrible work-life balance.,9,5,4,45
EMP04568,26,Male,HR,5,London,2,Yes,7,5.0,Average experience.,5,4,2,30
EMP04569,26,Male,Operations,6,Tokyo,1,No,2,8.0,I need a long break.,10,4,2,40
EMP04570,42,F,Finance,9,Tokyo,3,No,2,3.0,I feel energized at work.,8,4,3,38
EMP04571,33,Male,IT,15,Berlin,1,No,2,8.0,Terrible work-life balance.,3,5,2,29
EMP04572,25,Female,Finance,10,London,4,No,6,3.0,Great work-life balance.,8,2,3,32
EMP04573,63,F,Marketing,17,Berlin,4,No,7,8.0,Terrible work-life balance.,4,5,3,33
EMP04574,41,Male,IT,19,New York,4,Yes,3,6.0,Standard corporate environment.,5,3,1,25
EMP04575,59,Female,Operations,12,Berlin,2,No,2,7.0,Nothing special to report.,8,4,5,42
EMP04576,46,female,HR,9,London,3,Yes,4,1.0,Excellent benefits.,9,3,4,39
EMP04577,35,M,Sales,15,London,4,No,5,6.0,It pays the bills.,7,4,4,38
EMP04578,32,Female,Finance,14,Tokyo,3,No,2,3.0,Excellent benefits.,7,4,4,38
EMP04579,53,Female,IT,1,New York,2,No,4,6.0,It pays the bills.,2,3,2,21
EMP04580,32,M,Operations,17,Remote,2,No,4,2.0,I feel energized at work.,8,1,2,27
EMP04581,39,Male,Sales,1,Tokyo,4,Yes,2,3.0,Management is very supportive.,9,4,2,38
EMP04582,48,F,Operations,23,Berlin,4,No,2,7.0,Nothing special to report.,7,1,4,29
EMP04583,39,Female,HR,21,Berlin,4,No,6,6.0,It pays the bills.,6,5,2,35
EMP04584,44,Female,Sales,22,London,2,No,4,2.0,I feel energized at work.,4,4,3,30
EMP04585,32,Other,Sales,13,London,4,Yes,5,5.0,Average experience.,8,4,5,42
EMP04586,42,M,Sales,8,London,4,No,6,1.0,Love the culture here.,6,5,3,37
EMP04587,26,Male,IT,13,Remote,3,No,8,8.0,I need a long break.,3,3,3,25
EMP04588,44,Male,Sales,16,Remote,5,Yes,3,1.0,Great work-life balance.,8,3,2,33
EMP04589,62,Female,Operations,2,Tokyo,3,No,5,3.0,Great work-life balance.,5,1,3,23
EMP04590,46,Female,IT,13,Remote,5,Yes,3,7.0,Average experience.,4,5,1,29
EMP04591,62,Female,Sales,18,London,4,No,2,4.0,Management is very supportive.,10,4,5,46
EMP04592,31,female,Operations,3,Tokyo,3,No,3,5.0,It pays the bills.,6,1,2,23
EMP04593,43,F,Operations,13,Tokyo,3,Yes,6,3.0,Love the culture here.,4,3,2,25
EMP04594,40,Female,Finance,19,New York,3,No,9,5.0,Nothing special to report.,8,4,4,40
EMP04595,22,Male,Operations,13,Remote,4,No,6,7.0,Average experience.,4,3,2,25
EMP04596,28,Female,Marketing,19,Berlin,3,No,6,9.0,Terrible work-life balance.,10,1,5,37
EMP04597,25,Female,HR,4,Berlin,4,No,4,8.0,Terrible work-life balance.,10,3,2,37
EMP04598,22,Female,Sales,19,New York,1,No,5,6.0,Nothing special to report.,8,3,3,35
EMP04599,36,Female,Sales,18,London,4,No,5,9.0,Terrible work-life balance.,4,5,5,37
EMP04600,61,Female,Sales,6,New York,3,No,4,8.0,Extremely stressed and burnt out.,8,1,4,31
EMP04601,33,Male,Operations,19,London,3,No,3,4.0,Management is very supportive.,8,4,2,36
EMP04602,43,Male,Operations,4,Remote,4,Yes,2,5.0,Standard corporate environment.,5,3,2,27
EMP04603,43,Female,Sales,4,Remote,2,Yes,8,9.0,I need a long break.,8,3,4,37
EMP04604,38,Male,Marketing,24,Tokyo,3,No,5,6.0,Average experience.,5,2,5,30
EMP04605,50,Male,IT,7,Tokyo,3,No,4,7.0,Standard corporate environment.,2,1,1,13
EMP04606,35,Male,IT,7,Tokyo,3,Yes,3,9.0,I need a long break.,2,1,2,15
EMP04607,41,Female,HR,23,Tokyo,3,No,7,5.0,Nothing special to report.,9,4,3,40
EMP04608,54,Male,Finance,16,Berlin,4,No,5,1.0,I feel energized at work.,4,5,3,33
EMP04609,64,M,HR,16,Tokyo,4,Yes,2,9.0,Extremely stressed and burnt out.,7,4,5,40
EMP04610,36,Female,Sales,5,Tokyo,3,No,1,5.0,Nothing special to report.,6,1,5,29
EMP04611,33,Female,Sales,15,Tokyo,3,No,5,1.0,Great work-life balance.,5,3,3,29
EMP04612,61,Female,Sales,23,London,3,No,5,3.0,Great work-life balance.,7,5,2,37
EMP04613,41,Male,Finance,4,Tokyo,4,No,5,9.0,Terrible work-life balance.,9,5,4,45
EMP04614,51,Female,Operations,24,New York,3,No,4,1.0,Great work-life balance.,9,1,4,33
EMP04615,59,female,Finance,13,Tokyo,2,No,6,6.0,It pays the bills.,6,1,4,27
EMP04616,24,Female,HR,19,Tokyo,2,No,1,5.0,Nothing special to report.,6,4,3,34
EMP04617,49,female,Operations,7,Berlin,3,No,3,4.0,Management is very supportive.,7,2,3,30
EMP04618,47,Female,Operations,12,Tokyo,4,No,6,1.0,Excellent benefits.,4,1,4,23
EMP04619,51,Male,HR,9,London,1,No,5,7.0,Average experience.,8,1,4,31
EMP04620,34,Male,Operations,17,Remote,3,No,4,1.0,Management is very supportive.,6,4,5,38
EMP04621,34,Female,IT,2,Tokyo,2,No,2,6.0,Standard corporate environment.,4,1,2,19
EMP04622,23,Male,HR,16,Tokyo,5,No,3,2.0,Love the culture here.,6,4,2,32
EMP04623,58,Male,HR,7,Tokyo,4,No,4,9.0,Extremely stressed and burnt out.,7,1,5,31
EMP04624,59,M,IT,18,Berlin,3,No,1,6.0,Average experience.,2,3,3,23
EMP04625,23,Male,Finance,7,Remote,3,No,1,8.0,Terrible work-life balance.,10,1,4,35
EMP04626,57,Male,Finance,1,Berlin,4,No,1,1.0,Great work-life balance.,4,2,5,28
EMP04627,47,M,Finance,3,Berlin,2,Yes,9,1.0,Excellent benefits.,4,5,3,33
EMP04628,32,M,Operations,21,Berlin,5,No,4,9.0,Terrible work-life balance.,10,4,4,44
EMP04629,29,Male,IT,11,London,3,No,3,6.0,Work is okay.,6,2,2,26
EMP04630,61,M,HR,22,Remote,2,Yes,3,7.0,It pays the bills.,7,4,3,36
EMP04631,64,F,HR,15,London,4,No,3,8.0,Terrible work-life balance.,7,2,3,30
EMP04632,43,Female,HR,3,London,4,Yes,4,2.0,Great work-life balance.,10,4,2,40
EMP04633,41,Male,Operations,24,Remote,5,No,3,4.0,Great work-life balance.,5,4,2,30
EMP04634,29,Male,Operations,13,London,4,No,2,2.0,Love the culture here.,9,5,4,45
EMP04635,50,Female,Marketing,4,Remote,3,Yes,6,6.0,Nothing special to report.,5,1,3,23
EMP04636,61,Male,Finance,23,Tokyo,4,Yes,5,5.0,Work is okay.,4,4,3,30
EMP04637,47,Other,Marketing,22,Berlin,4,No,3,5.0,Nothing special to report.,8,4,4,40
EMP04638,51,Female,Marketing,8,London,3,No,3,8.0,I am exhausted every day.,10,5,3,45
EMP04639,38,Female,Operations,22,Remote,3,No,2,1.0,Great work-life balance.,6,4,5,38
EMP04640,41,female,Finance,4,New York,3,No,3,2.0,Management is very supportive.,4,4,5,34
EMP04641,37,F,Finance,18,London,3,Yes,6,1.0,Love the culture here.,4,3,3,27
EMP04642,64,Male,HR,7,London,4,No,4,4.0,I feel energized at work.,7,3,4,35
EMP04643,28,Male,Operations,11,Remote,3,Yes,5,5.0,Nothing special to report.,4,3,5,31
EMP04644,37,Female,Finance,4,New York,3,No,4,7.0,Average experience.,7,5,2,37
EMP04645,48,Male,Marketing,13,New York,4,No,5,5.0,Nothing special to report.,8,4,2,36
EMP04646,44,Female,IT,9,Tokyo,1,No,6,10.0,I am exhausted every day.,5,5,3,35
EMP04647,45,Female,IT,9,London,3,No,7,8.0,It pays the bills.,4,5,2,31
EMP04648,30,male,Operations,23,Berlin,4,No,6,2.0,Great work-life balance.,7,2,5,34
EMP04649,56,Female,HR,21,London,3,No,2,5.0,Nothing special to report.,5,1,2,21
EMP04650,41,Female,HR,19,Berlin,3,Yes,5,7.0,Standard corporate environment.,7,2,4,32
EMP04651,58,Male,Finance,3,Berlin,3,No,4,1.0,I feel energized at work.,6,1,2,23
EMP04652,63,Female,Operations,12,Remote,4,No,6,7.0,Standard corporate environment.,10,2,3,36
EMP04653,38,Male,IT,11,London,3,No,3,8.0,Terrible work-life balance.,6,4,2,32
EMP04654,52,F,Marketing,20,Remote,1,No,3,2.0,I feel energized at work.,5,5,4,37
EMP04655,29,Male,Finance,11,Tokyo,2,No,6,2.0,Management is very supportive.,6,2,3,28
EMP04656,36,Female,Marketing,17,Berlin,4,Yes,5,9.0,I need a long break.,10,2,5,40
EMP04657,52,Male,Finance,21,New York,3,No,5,8.0,I need a long break.,9,4,4,42
EMP04658,51,Male,Sales,14,Berlin,4,No,2,4.0,Great work-life balance.,10,5,2,43
EMP04659,41,Female,Marketing,16,Tokyo,4,No,3,5.0,Work is okay.,4,1,5,25
EMP04660,60,Female,Operations,24,Berlin,3,No,4,9.0,I need a long break.,9,2,5,38
EMP04661,33,Male,Marketing,10,Remote,5,No,5,4.0,Love the culture here.,9,1,3,31
EMP04662,38,Male,Marketing,4,London,1,No,3,8.0,Terrible work-life balance.,10,3,2,37
EMP04663,63,Female,Finance,10,New York,2,No,3,5.0,It pays the bills.,4,2,3,24
EMP04664,51,Female,IT,20,Remote,4,No,2,8.0,Standard corporate environment.,4,5,2,31
EMP04665,50,Male,Sales,12,London,2,No,4,7.0,Average experience.,8,3,5,39
EMP04666,40,Female,Marketing,9,New York,4,No,3,3.0,Management is very supportive.,4,3,2,25
EMP04667,32,Male,IT,15,Tokyo,5,Yes,4,9.0,I need a long break.,3,2,2,20
EMP04668,55,Female,HR,9,Berlin,4,Yes,3,6.0,Average experience.,5,2,3,26
EMP04669,28,Male,Sales,7,New York,3,No,1,7.0,Standard corporate environment.,10,3,5,43
EMP04670,55,Female,Sales,24,Tokyo,4,Yes,5,8.0,Terrible work-life balance.,4,2,3,24
EMP04671,41,Male,Finance,12,London,2,No,6,3.0,I feel energized at work.,7,5,3,39
EMP04672,59,Other,Marketing,20,New York,3,No,6,7.0,Average experience.,7,5,2,37
EMP04673,45,Male,HR,24,Tokyo,3,No,2,5.0,Nothing special to report.,5,3,4,31
EMP04674,31,Male,Finance,14,London,3,No,5,7.0,Work is okay.,4,2,3,24
EMP04675,53,Male,Operations,22,Remote,1,No,6,6.0,Average experience.,6,3,3,31
EMP04676,36,F,IT,16,Berlin,4,Yes,4,10.0,I am exhausted every day.,6,5,2,35
EMP04677,58,Female,IT,19,Tokyo,4,No,6,10.0,Management expects too much.,4,2,2,22
EMP04678,41,Female,Finance,23,Remote,4,No,4,3.0,Excellent benefits.,8,5,5,45
EMP04679,24,male,IT,3,London,2,No,3,7.0,Standard corporate environment.,4,2,1,20
EMP04680,58,male,Marketing,11,New York,3,No,0,2.0,Management is very supportive.,4,4,4,32
EMP04681,61,Female,IT,23,Berlin,5,Yes,1,8.0,I need a long break.,5,5,2,33
EMP04682,29,Male,Marketing,21,London,4,No,1,2.0,Great work-life balance.,5,1,5,27
EMP04683,61,M,Operations,20,Tokyo,4,No,4,3.0,Management is very supportive.,4,2,3,24
EMP04684,44,Male,HR,19,Berlin,5,No,2,2.0,Love the culture here.,4,4,4,32
EMP04685,61,Female,Sales,8,Remote,3,No,4,1.0,Love the culture here.,5,4,5,36
EMP04686,32,Female,Finance,20,Berlin,3,No,3,9.0,I am exhausted every day.,7,4,4,38
EMP04687,29,Female,Finance,8,Remote,3,No,0,5.0,Nothing special to report.,5,5,5,39
EMP04688,50,Female,Marketing,3,London,3,No,5,5.0,Work is okay.,9,1,3,31
EMP04689,51,Female,Operations,10,New York,4,No,1,8.0,I am exhausted every day.,6,4,3,34
EMP04690,31,female,Operations,13,Berlin,3,No,5,7.0,Work is okay.,5,3,3,29
EMP04691,60,Male,Sales,9,New York,3,No,6,6.0,Work is okay.,6,2,2,26
EMP04692,49,Male,HR,6,New York,3,No,9,4.0,Love the culture here.,5,2,3,26
EMP04693,57,Female,Finance,15,Berlin,2,Yes,4,7.0,Average experience.,5,1,2,21
EMP04694,34,female,Marketing,16,Berlin,3,No,2,7.0,Average experience.,4,1,4,23
EMP04695,53,Male,Operations,5,New York,3,Yes,4,5.0,Nothing special to report.,7,5,3,39
EMP04696,57,Male,Finance,21,Tokyo,4,No,4,9.0,I need a long break.,4,3,5,31
EMP04697,58,Male,Marketing,13,Tokyo,3,Yes,6,4.0,Management is very supportive.,6,2,2,26
EMP04698,47,Male,IT,19,Berlin,3,No,3,6.0,Average experience.,7,4,2,34
EMP04699,43,male,Finance,2,New York,3,No,4,2.0,Great work-life balance.,8,4,5,42
EMP04700,25,Female,HR,6,New York,3,No,7,8.0,Extremely stressed and burnt out.,7,2,2,28
EMP04701,52,Female,Marketing,1,London,3,No,3,4.0,Love the culture here.,9,3,2,35
EMP04702,39,Female,HR,15,New York,5,No,6,4.0,Great work-life balance.,5,3,5,33
EMP04703,59,Female,Finance,15,Tokyo,3,No,9,3.0,Great work-life balance.,10,4,3,42
EMP04704,45,Male,IT,14,London,4,No,5,7.0,Standard corporate environment.,5,2,2,24
EMP04705,44,Male,HR,7,Tokyo,2,No,4,4.0,I feel energized at work.,5,4,3,32
EMP04706,43,Female,Operations,5,Remote,1,No,2,9.0,I am exhausted every day.,8,5,4,43
EMP04707,23,Male,Marketing,20,Berlin,4,No,3,5.0,Standard corporate environment.,5,2,3,26
EMP04708,52,Female,Finance,16,Remote,3,No,6,9.0,Management expects too much.,10,3,5,43
EMP04709,32,Male,IT,17,Berlin,3,Yes,4,10.0,Management expects too much.,3,4,1,24
EMP04710,49,Male,Operations,11,Tokyo,3,No,4,9.0,Terrible work-life balance.,10,1,2,31
EMP04711,53,Male,Finance,15,Tokyo,2,No,3,5.0,Average experience.,7,1,4,29
EMP04712,26,Female,IT,20,Remote,3,No,4,10.0,Extremely stressed and burnt out.,2,5,3,29
EMP04713,59,Male,Operations,16,Berlin,4,No,8,9.0,Extremely stressed and burnt out.,10,1,4,35
EMP04714,31,male,HR,3,Berlin,2,No,1,6.0,Standard corporate environment.,8,5,2,39
EMP04715,61,Male,Finance,6,London,5,Yes,4,8.0,I need a long break.,7,5,3,39
EMP04716,45,Female,Finance,21,New York,3,Yes,3,8.0,I need a long break.,6,3,4,33
EMP04717,56,F,HR,23,London,3,No,3,8.0,I need a long break.,6,3,5,35
EMP04718,44,female,Sales,13,Tokyo,2,No,5,8.0,Extremely stressed and burnt out.,4,2,2,22
EMP04719,38,F,Operations,1,Remote,3,Yes,2,1.0,Management is very supportive.,6,4,3,34
EMP04720,22,Male,HR,21,Berlin,2,No,5,1.0,Love the culture here.,10,1,4,35
EMP04721,52,Male,Finance,14,London,1,No,4,5.0,Average experience.,10,4,3,42
EMP04722,52,Female,Operations,2,Remote,5,No,6,9.0,Extremely stressed and burnt out.,10,4,2,40
EMP04723,63,Male,Operations,2,Remote,4,No,6,8.0,I am exhausted every day.,9,5,3,43
EMP04724,63,Male,Sales,15,New York,4,No,2,5.0,Average experience.,8,1,5,33
EMP04725,55,F,Finance,18,Berlin,2,No,6,8.0,Extremely stressed and burnt out.,5,3,3,29
EMP04726,30,Female,IT,9,Remote,5,No,3,6.0,Work is okay.,3,4,1,24
EMP04727,43,Female,Sales,3,Berlin,3,No,4,7.0,Standard corporate environment.,7,5,2,37
EMP04728,34,male,Sales,4,London,4,No,2,3.0,Love the culture here.,8,3,2,33
EMP04729,46,Female,IT,15,Remote,1,Yes,4,6.0,Standard corporate environment.,7,5,2,37
EMP04730,39,Female,IT,5,Remote,3,No,2,10.0,Management expects too much.,3,4,1,24
EMP04731,33,Female,Sales,20,London,5,No,2,5.0,Standard corporate environment.,4,4,2,28
EMP04732,61,Male,Operations,20,Berlin,3,No,5,1.0,Excellent benefits.,5,4,3,32
EMP04733,38,Male,HR,5,Berlin,4,No,3,1.0,Love the culture here.,9,1,3,31
EMP04734,36,female,HR,10,Remote,3,No,2,3.0,Love the culture here.,4,1,3,21
EMP04735,63,male,Sales,16,London,3,No,3,2.0,Management is very supportive.,4,4,4,32
EMP04736,36,F,Operations,12,Tokyo,4,No,5,5.0,Nothing special to report.,6,1,5,29
EMP04737,36,Female,IT,14,Berlin,4,No,5,8.0,Standard corporate environment.,3,5,3,31
EMP04738,60,F,Marketing,22,Tokyo,4,Yes,2,9.0,Management expects too much.,8,5,4,43
EMP04739,34,Male,Sales,11,Remote,3,No,4,9.0,Management expects too much.,5,2,3,26
EMP04740,38,Male,Finance,19,Tokyo,2,No,6,8.0,I need a long break.,7,3,4,35
EMP04741,53,Female,Operations,6,Tokyo,3,No,2,5.0,Nothing special to report.,9,5,4,45
EMP04742,30,Female,Finance,10,Berlin,3,No,4,3.0,Excellent benefits.,10,3,2,37
EMP04743,61,Male,Finance,20,Remote,4,Yes,2,6.0,Nothing special to report.,10,2,4,38
EMP04744,41,Male,Sales,3,Tokyo,3,No,2,8.0,Management expects too much.,10,2,4,38
EMP04745,47,Male,Operations,22,Berlin,3,No,2,6.0,Nothing special to report.,5,3,2,27
EMP04746,48,Female,Finance,15,Tokyo,4,Yes,4,7.0,Nothing special to report.,8,4,3,38
EMP04747,42,Female,Operations,11,Berlin,3,Yes,10,7.0,Standard corporate environment.,5,3,5,33
EMP04748,39,Female,HR,22,Remote,4,No,3,7.0,Average experience.,9,5,3,43
EMP04749,34,Male,Marketing,2,London,5,No,4,9.0,Extremely stressed and burnt out.,4,3,2,25
EMP04750,37,Female,Finance,24,Berlin,1,No,4,9.0,Terrible work-life balance.,4,5,5,37
EMP04751,30,Female,Finance,6,Berlin,2,No,6,5.0,Nothing special to report.,4,5,5,37
EMP04752,33,Female,Operations,17,Tokyo,2,No,4,3.0,Great work-life balance.,5,5,5,39
EMP04753,59,Male,Marketing,18,Remote,4,No,5,5.0,Work is okay.,6,4,4,36
EMP04754,40,Female,HR,4,New York,2,No,5,4.0,I feel energized at work.,5,4,3,32
EMP04755,28,female,Finance,23,New York,4,No,3,1.0,Love the culture here.,8,2,5,36
EMP04756,56,Male,Sales,9,London,3,No,3,1.0,Great work-life balance.,10,1,2,31
EMP04757,39,Male,Operations,10,Remote,4,No,2,4.0,Love the culture here.,6,4,2,32
EMP04758,37,Female,Operations,21,Berlin,4,No,5,5.0,Standard corporate environment.,10,4,2,40
EMP04759,60,Female,Finance,2,New York,5,No,4,4.0,I feel energized at work.,4,2,3,24
EMP04760,25,Male,HR,11,London,3,Yes,10,2.0,Management is very supportive.,8,2,4,34
EMP04761,46,Male,Finance,11,Remote,3,Yes,5,5.0,Average experience.,4,2,2,22
EMP04762,53,Male,IT,11,London,1,Yes,2,7.0,Work is okay.,7,3,2,31
EMP04763,61,female,Finance,1,New York,3,No,2,3.0,Excellent benefits.,4,5,5,37
EMP04764,34,Female,Marketing,14,Tokyo,3,No,1,7.0,It pays the bills.,6,4,2,32
EMP04765,38,Female,Marketing,1,Tokyo,5,No,1,4.0,I feel energized at work.,8,5,4,43
EMP04766,58,M,IT,21,Remote,4,No,3,7.0,Standard corporate environment.,7,1,2,25
EMP04767,27,Male,Marketing,23,London,2,Yes,4,8.0,I am exhausted every day.,5,2,5,30
EMP04768,40,F,Marketing,9,Berlin,4,No,4,5.0,Nothing special to report.,8,1,4,31
EMP04769,34,Female,Sales,24,New York,2,Yes,6,7.0,Average experience.,10,2,3,36
EMP04770,47,Male,Operations,1,Tokyo,2,No,4,8.0,I am exhausted every day.,5,2,2,24
EMP04771,35,M,Marketing,21,Tokyo,4,Yes,4,3.0,Love the culture here.,7,1,4,29
EMP04772,52,M,Operations,22,London,5,No,3,6.0,Standard corporate environment.,9,5,2,41
EMP04773,25,M,HR,22,Tokyo,2,No,2,4.0,Management is very supportive.,8,1,3,29
EMP04774,60,Male,Finance,4,London,4,No,4,2.0,Great work-life balance.,10,3,3,39
EMP04775,29,female,Sales,1,New York,4,No,1,8.0,I need a long break.,4,4,2,28
EMP04776,46,female,IT,19,London,2,No,6,7.0,Work is okay.,6,4,2,32
EMP04777,34,Male,HR,10,Tokyo,3,Yes,5,9.0,I need a long break.,10,5,3,45
EMP04778,53,Male,Sales,15,London,4,No,4,9.0,Extremely stressed and burnt out.,9,5,3,43
EMP04779,59,Male,Sales,20,Tokyo,4,No,5,8.0,I need a long break.,9,5,2,41
EMP04780,59,Other,IT,4,Remote,3,No,2,7.0,It pays the bills.,5,1,2,21
EMP04781,49,Female,IT,20,Tokyo,2,Yes,2,8.0,I need a long break.,2,1,1,13
EMP04782,51,Male,Operations,14,Tokyo,4,Yes,1,8.0,Extremely stressed and burnt out.,7,1,3,27
EMP04783,24,Male,Finance,5,Tokyo,4,No,2,5.0,Work is okay.,9,2,4,36
EMP04784,49,Male,HR,15,Remote,3,Yes,4,5.0,Average experience.,7,1,3,27
EMP04785,24,Female,Finance,15,Berlin,2,No,4,2.0,Love the culture here.,10,4,3,42
EMP04786,55,Female,HR,16,Tokyo,4,No,1,3.0,Management is very supportive.,10,4,2,40
EMP04787,37,female,Sales,16,Berlin,4,No,3,8.0,Management expects too much.,6,2,4,30
EMP04788,43,Female,Marketing,4,New York,4,No,5,1.0,Management is very supportive.,8,1,5,33
EMP04789,53,Female,Marketing,9,London,5,No,6,4.0,Management is very supportive.,10,1,4,35
EMP04790,59,Male,IT,1,Berlin,4,No,1,6.0,Nothing special to report.,7,3,2,31
EMP04791,29,Male,IT,5,New York,5,Yes,4,7.0,Nothing special to report.,3,3,1,21
EMP04792,29,Female,Sales,9,London,5,Yes,2,5.0,It pays the bills.,4,4,4,32
EMP04793,27,Male,Sales,20,Tokyo,4,No,6,7.0,Nothing special to report.,7,5,2,37
EMP04794,35,Male,HR,5,Tokyo,4,No,1,8.0,I need a long break.,9,4,4,42
EMP04795,53,female,Sales,4,Tokyo,4,No,2,9.0,Management expects too much.,6,2,5,32
EMP04796,56,Female,HR,16,Remote,4,No,5,3.0,Great work-life balance.,6,1,5,29
EMP04797,31,Male,Finance,2,Remote,1,No,0,8.0,Management expects too much.,8,3,2,33
EMP04798,24,Male,IT,16,Remote,3,Yes,0,8.0,Terrible work-life balance.,6,4,2,32
EMP04799,33,Male,IT,18,Remote,2,No,4,6.0,Work is okay.,3,2,1,18
EMP04800,52,Other,Marketing,2,New York,3,No,6,4.0,Love the culture here.,9,5,2,41
EMP04801,50,Male,Marketing,16,New York,2,No,5,7.0,Nothing special to report.,10,4,3,42
EMP04802,26,Male,IT,1,Tokyo,5,Yes,4,6.0,Nothing special to report.,4,1,2,19
EMP04803,46,Female,Finance,16,London,3,No,2,7.0,It pays the bills.,9,1,4,33
EMP04804,62,Male,Finance,3,Remote,2,No,7,5.0,Work is okay.,8,3,3,35
EMP04805,52,Male,Operations,15,London,3,No,2,1.0,Love the culture here.,7,2,2,28
EMP04806,42,Male,HR,11,New York,2,No,9,1.0,Love the culture here.,7,5,3,39
EMP04807,41,Male,Marketing,10,Remote,4,No,6,9.0,I am exhausted every day.,9,5,5,47
EMP04808,60,Male,HR,17,New York,3,No,4,4.0,Excellent benefits.,9,2,3,34
EMP04809,43,Male,Marketing,4,New York,3,No,0,3.0,Excellent benefits.,4,3,2,25
EMP04810,25,M,Operations,17,Berlin,4,No,2,5.0,Work is okay.,4,1,4,23
EMP04811,34,Male,IT,4,New York,3,No,5,10.0,I am exhausted every day.,2,5,3,29
EMP04812,63,Female,HR,19,Tokyo,4,No,5,8.0,I need a long break.,10,2,3,36
EMP04813,41,Female,Marketing,1,New York,3,No,9,5.0,It pays the bills.,6,3,2,29
EMP04814,34,Female,HR,14,Remote,3,Yes,2,4.0,I feel energized at work.,7,1,5,31
EMP04815,38,Male,IT,24,Tokyo,3,No,6,8.0,I need a long break.,5,2,2,24
EMP04816,57,Male,Sales,11,New York,2,No,1,4.0,I feel energized at work.,10,3,3,39
EMP04817,54,Female,Marketing,7,Tokyo,2,No,7,8.0,I am exhausted every day.,4,4,4,32
EMP04818,22,Female,Sales,17,New York,3,No,4,3.0,Excellent benefits.,8,2,3,32
EMP04819,36,Female,Operations,4,Tokyo,4,No,10,3.0,Management is very supportive.,5,5,3,35
EMP04820,34,Male,Finance,10,London,4,No,5,6.0,Standard corporate environment.,9,2,5,38
EMP04821,38,male,HR,17,Berlin,2,Yes,3,8.0,I need a long break.,9,1,3,31
EMP04822,45,Male,Marketing,4,Tokyo,3,No,6,2.0,Great work-life balance.,8,2,2,30
EMP04823,29,Male,HR,19,Remote,5,Yes,3,1.0,Management is very supportive.,7,1,5,31
EMP04824,48,Female,Operations,18,Berlin,2,Yes,6,1.0,Great work-life balance.,7,3,5,37
EMP04825,44,Male,Operations,17,Berlin,3,No,4,7.0,Average experience.,8,4,2,36
EMP04826,29,Female,HR,6,New York,3,No,2,2.0,Excellent benefits.,10,1,5,37
EMP04827,29,Female,Marketing,7,Tokyo,4,No,6,9.0,Extremely stressed and burnt out.,5,3,5,33
EMP04828,47,M,IT,6,Berlin,3,No,3,7.0,It pays the bills.,4,3,3,27
EMP04829,34,F,IT,12,Remote,5,No,5,9.0,Terrible work-life balance.,7,4,2,34
EMP04830,60,Female,Finance,9,Remote,3,No,5,7.0,Average experience.,10,5,2,43
EMP04831,58,Female,HR,18,Remote,3,No,6,5.0,Standard corporate environment.,9,5,3,43
EMP04832,49,Male,HR,2,New York,3,Yes,0,5.0,Average experience.,8,2,4,34
EMP04833,46,Female,Marketing,17,London,3,No,8,7.0,It pays the bills.,9,5,2,41
EMP04834,37,Male,HR,21,Tokyo,2,Yes,6,9.0,Management expects too much.,9,2,3,34
EMP04835,23,Male,Marketing,1,Berlin,5,No,5,4.0,Management is very supportive.,6,1,3,25
EMP04836,39,Male,HR,23,Tokyo,2,No,2,9.0,Extremely stressed and burnt out.,10,1,3,33
EMP04837,38,Female,Operations,9,Berlin,4,No,2,5.0,Nothing special to report.,9,2,3,34
EMP04838,51,Female,Sales,6,New York,3,No,4,8.0,Extremely stressed and burnt out.,8,4,4,40
EMP04839,60,male,HR,2,Tokyo,3,Yes,5,5.0,Standard corporate environment.,8,4,5,42
EMP04840,34,Male,Sales,6,New York,2,No,6,9.0,Terrible work-life balance.,9,5,5,47
EMP04841,53,Other,IT,9,New York,3,No,1,8.0,I need a long break.,4,1,1,17
EMP04842,50,Female,Finance,3,Tokyo,4,No,2,8.0,Terrible work-life balance.,6,1,4,27
EMP04843,51,Female,IT,16,Tokyo,4,No,7,10.0,Terrible work-life balance.,6,4,1,30
EMP04844,39,Female,HR,24,Berlin,4,No,2,6.0,Work is okay.,5,3,5,33
EMP04845,34,Male,Marketing,15,Remote,3,No,4,3.0,Love the culture here.,4,4,4,32
EMP04846,64,M,IT,12,New York,1,Yes,6,8.0,Management expects too much.,4,4,1,26
EMP04847,42,Female,Operations,23,London,5,Yes,2,7.0,Standard corporate environment.,5,3,2,27
EMP04848,51,Other,Sales,8,Berlin,5,No,4,2.0,Management is very supportive.,7,5,3,39
EMP04849,42,Female,Marketing,6,Berlin,3,No,3,3.0,Love the culture here.,10,2,5,40
EMP04850,38,M,Marketing,3,Remote,1,No,5,2.0,Excellent benefits.,4,5,4,35
EMP04851,61,Female,HR,23,Remote,4,No,5,9.0,Management expects too much.,7,3,5,37
EMP04852,40,Male,Operations,4,New York,4,No,5,3.0,Love the culture here.,4,3,5,31
EMP04853,36,Male,Sales,10,Berlin,3,No,7,8.0,Extremely stressed and burnt out.,10,5,3,45
EMP04854,30,Female,Operations,14,Berlin,3,No,5,5.0,Nothing special to report.,5,2,2,24
EMP04855,31,Female,IT,21,London,4,Yes,5,10.0,I am exhausted every day.,3,5,2,29
EMP04856,52,Male,HR,24,New York,2,No,7,1.0,Great work-life balance.,10,1,3,33
EMP04857,44,F,Marketing,15,New York,3,No,1,6.0,Average experience.,7,1,4,29
EMP04858,51,Female,Marketing,7,Remote,1,No,5,8.0,I am exhausted every day.,5,1,4,25
EMP04859,54,female,IT,7,New York,2,No,6,7.0,Nothing special to report.,5,2,3,26
EMP04860,30,M,Marketing,8,London,5,No,5,3.0,Great work-life balance.,9,2,5,38
EMP04861,22,Female,Finance,10,New York,3,No,3,7.0,It pays the bills.,10,3,3,39
EMP04862,56,female,HR,19,Tokyo,4,No,2,6.0,Nothing special to report.,7,4,2,34
EMP04863,32,Female,IT,19,Tokyo,3,No,4,6.0,Standard corporate environment.,2,2,1,16
EMP04864,55,F,HR,2,London,4,No,4,2.0,Management is very supportive.,8,4,2,36
EMP04865,37,Male,Sales,15,Remote,3,No,3,5.0,Nothing special to report.,4,1,5,25
EMP04866,30,Male,HR,1,Berlin,1,No,5,7.0,Nothing special to report.,4,1,2,19
EMP04867,53,Female,HR,10,New York,4,Yes,2,5.0,Standard corporate environment.,10,4,4,44
EMP04868,36,Female,Sales,6,Remote,2,No,4,6.0,Work is okay.,8,5,2,39
EMP04869,33,Female,IT,22,Remote,3,Yes,6,7.0,Work is okay.,2,3,3,23
EMP04870,54,Female,HR,13,New York,3,No,3,5.0,Standard corporate environment.,6,3,4,33
EMP04871,35,Male,Operations,10,Berlin,1,No,2,3.0,Excellent benefits.,8,5,2,39
EMP04872,29,male,HR,12,New York,2,No,3,1.0,Management is very supportive.,10,4,2,40
EMP04873,29,Female,IT,24,Berlin,4,Yes,3,6.0,Work is okay.,6,4,2,32
EMP04874,48,Female,Marketing,6,London,3,No,6,8.0,Terrible work-life balance.,7,2,3,30
EMP04875,33,Female,Sales,6,Berlin,3,No,6,5.0,Work is okay.,8,1,2,27
EMP04876,22,Female,Marketing,1,Remote,3,Yes,6,8.0,Management expects too much.,10,1,2,31
EMP04877,64,female,IT,12,London,3,No,1,8.0,Terrible work-life balance.,6,4,2,32
EMP04878,61,Female,Finance,23,Tokyo,4,No,3,5.0,Standard corporate environment.,7,2,3,30
EMP04879,63,Male,Marketing,23,London,4,No,8,3.0,I feel energized at work.,7,2,4,32
EMP04880,32,Female,HR,10,Berlin,2,Yes,7,4.0,Excellent benefits.,8,3,5,39
EMP04881,60,Female,HR,14,London,4,No,4,7.0,Work is okay.,4,3,4,29
EMP04882,64,F,Sales,15,London,3,Yes,6,5.0,Standard corporate environment.,9,4,3,40
EMP04883,52,Male,HR,23,Tokyo,3,Yes,4,4.0,I feel energized at work.,9,3,3,37
EMP04884,38,female,Operations,24,Berlin,3,Yes,5,3.0,Excellent benefits.,4,2,2,22
EMP04885,54,Female,Operations,4,Remote,3,No,5,3.0,Love the culture here.,8,5,3,41
EMP04886,53,female,Marketing,1,London,2,No,4,6.0,It pays the bills.,4,1,4,23
EMP04887,50,Male,IT,8,New York,3,No,2,9.0,I need a long break.,4,4,1,26
EMP04888,42,F,Sales,3,Remote,2,No,6,1.0,Excellent benefits.,4,3,5,31
EMP04889,42,male,Finance,14,London,2,No,6,4.0,I feel energized at work.,4,3,3,27
EMP04890,61,female,Marketing,17,Remote,5,No,6,5.0,Average experience.,10,2,3,36
EMP04891,44,Male,IT,2,New York,3,No,2,10.0,Management expects too much.,7,3,3,33
EMP04892,27,Male,Sales,15,Remote,3,Yes,2,7.0,Standard corporate environment.,6,1,5,29
EMP04893,43,Female,Sales,6,Remote,3,No,1,2.0,Excellent benefits.,4,4,3,30
EMP04894,59,Male,Marketing,5,New York,4,No,4,9.0,Terrible work-life balance.,10,3,2,37
EMP04895,58,Male,IT,14,New York,3,No,2,8.0,Terrible work-life balance.,7,5,2,37
EMP04896,29,Male,IT,19,New York,3,Yes,3,6.0,Nothing special to report.,3,5,3,31
EMP04897,62,Female,HR,9,Tokyo,4,Yes,6,1.0,I feel energized at work.,5,4,2,30
EMP04898,56,Female,Finance,8,New York,4,No,5,9.0,I am exhausted every day.,4,5,2,31
EMP04899,32,Male,Operations,3,Remote,4,No,1,7.0,Standard corporate environment.,5,5,3,35
EMP04900,45,Male,HR,18,New York,3,No,1,2.0,Great work-life balance.,7,3,2,31
EMP04901,42,Female,Sales,8,London,4,No,2,7.0,Work is okay.,7,5,4,41
EMP04902,23,Female,Finance,16,New York,4,Yes,2,1.0,Excellent benefits.,7,3,2,31
EMP04903,61,Male,Finance,15,New York,5,No,4,3.0,Management is very supportive.,10,1,3,33
EMP04904,40,Male,IT,21,Berlin,5,No,5,8.0,Extremely stressed and burnt out.,7,2,3,30
EMP04905,60,male,Finance,15,Remote,3,No,1,2.0,Excellent benefits.,7,3,3,33
EMP04906,49,Other,Marketing,16,Remote,4,No,4,5.0,It pays the bills.,10,2,5,40
EMP04907,38,Other,Finance,1,London,3,No,1,3.0,Management is very supportive.,7,3,3,33
EMP04908,27,F,Sales,10,Tokyo,3,No,3,9.0,Management expects too much.,4,3,2,25
EMP04909,40,Male,Marketing,19,Berlin,2,No,5,7.0,It pays the bills.,10,4,4,44
EMP04910,59,Female,Marketing,5,London,1,No,6,1.0,Great work-life balance.,4,3,4,29
EMP04911,49,Female,HR,18,London,1,No,4,1.0,Excellent benefits.,4,5,3,33
EMP04912,23,Female,Finance,3,Remote,5,No,7,6.0,Nothing special to report.,10,5,3,45
EMP04913,59,Male,IT,4,Berlin,2,Yes,5,9.0,Terrible work-life balance.,6,3,3,31
EMP04914,58,Female,HR,4,Remote,1,Yes,2,1.0,Excellent benefits.,10,1,3,33
EMP04915,25,Female,IT,11,Tokyo,3,No,4,6.0,Nothing special to report.,2,5,3,29
EMP04916,43,Male,Finance,9,Remote,3,No,3,2.0,Love the culture here.,4,2,4,26
EMP04917,47,Female,HR,1,New York,5,No,4,1.0,Management is very supportive.,10,1,5,37
EMP04918,64,Male,Finance,16,Remote,4,Yes,4,3.0,Great work-life balance.,6,2,4,30
EMP04919,57,Male,Sales,9,New York,3,No,5,1.0,I feel energized at work.,8,3,4,37
EMP04920,34,Male,HR,11,London,5,No,5,4.0,Excellent benefits.,8,3,3,35
EMP04921,53,Male,IT,6,Tokyo,1,No,5,9.0,Extremely stressed and burnt out.,7,3,2,31
EMP04922,38,Male,Sales,17,New York,5,No,3,6.0,Nothing special to report.,9,5,2,41
EMP04923,62,male,Operations,12,Tokyo,2,No,7,3.0,I feel energized at work.,5,1,4,25
EMP04924,57,Female,IT,22,Remote,4,No,7,10.0,Terrible work-life balance.,3,2,1,18
EMP04925,40,Female,Finance,8,Remote,1,No,3,9.0,Extremely stressed and burnt out.,5,4,4,34
EMP04926,56,Male,IT,16,London,5,No,3,6.0,Standard corporate environment.,2,1,2,15
EMP04927,61,Female,Operations,5,Remote,2,No,1,2.0,Great work-life balance.,5,2,3,26
EMP04928,49,Female,IT,21,New York,2,No,1,8.0,I am exhausted every day.,5,4,1,28
EMP04929,22,Female,Sales,1,London,4,No,4,8.0,Extremely stressed and burnt out.,7,1,5,31
EMP04930,63,Female,Marketing,17,Tokyo,2,No,3,5.0,It pays the bills.,8,1,3,29
EMP04931,39,male,IT,24,London,4,No,4,7.0,It pays the bills.,4,3,2,25
EMP04932,61,F,HR,21,Tokyo,4,Yes,2,7.0,Average experience.,10,1,3,33
EMP04933,54,Female,Operations,8,Berlin,3,No,4,5.0,Average experience.,9,2,3,34
EMP04934,33,Male,IT,10,New York,3,Yes,3,7.0,Standard corporate environment.,7,3,1,29
EMP04935,29,Female,Operations,18,New York,5,No,5,6.0,It pays the bills.,5,1,3,23
EMP04936,45,Female,Marketing,15,Tokyo,4,No,0,7.0,Nothing special to report.,7,3,5,37
EMP04937,37,Female,Sales,20,Remote,3,No,9,1.0,Management is very supportive.,7,4,2,34
EMP04938,25,M,HR,13,Remote,3,No,5,5.0,Nothing special to report.,8,2,4,34
EMP04939,59,Female,Finance,10,Berlin,3,No,6,9.0,I need a long break.,9,4,5,44
EMP04940,48,M,IT,9,Tokyo,3,Yes,5,9.0,Terrible work-life balance.,3,2,2,20
EMP04941,30,Male,Sales,13,Berlin,3,No,6,4.0,Excellent benefits.,9,5,2,41
EMP04942,37,Male,Operations,3,Tokyo,4,Yes,8,3.0,I feel energized at work.,5,4,3,32
EMP04943,33,Male,Marketing,22,Berlin,4,No,2,4.0,Love the culture here.,7,5,2,37
EMP04944,52,male,Operations,23,Tokyo,4,No,7,6.0,Work is okay.,9,3,5,41
EMP04945,45,M,Marketing,3,New York,3,No,1,3.0,Love the culture here.,8,4,5,42
EMP04946,35,Female,Marketing,1,Berlin,3,No,5,8.0,I am exhausted every day.,10,1,2,31
EMP04947,46,Female,Sales,2,Berlin,4,No,6,1.0,Great work-life balance.,6,2,3,28
EMP04948,55,Female,IT,11,Tokyo,4,No,2,10.0,Extremely stressed and burnt out.,6,1,2,23
EMP04949,24,female,Finance,14,London,4,No,9,2.0,Management is very supportive.,4,1,3,21
EMP04950,45,M,IT,10,London,1,Yes,7,8.0,Extremely stressed and burnt out.,2,3,2,21
EMP04951,63,Female,HR,7,New York,3,No,6,5.0,Nothing special to report.,10,3,2,37
EMP04952,30,Female,IT,23,Remote,3,No,6,9.0,Terrible work-life balance.,6,1,2,23
EMP04953,47,Male,Marketing,1,Remote,2,No,6,4.0,Management is very supportive.,5,1,3,23
EMP04954,41,Female,Marketing,7,New York,4,Yes,0,5.0,Work is okay.,8,1,3,29
EMP04955,61,Female,HR,15,Remote,3,Yes,4,7.0,It pays the bills.,8,2,2,30
EMP04956,31,Male,Operations,11,Tokyo,5,No,4,1.0,Great work-life balance.,4,3,5,31
EMP04957,40,M,Marketing,6,London,3,No,5,3.0,Excellent benefits.,5,4,2,30
EMP04958,24,Female,HR,22,New York,3,No,7,6.0,Nothing special to report.,8,3,5,39
EMP04959,45,female,Marketing,7,Tokyo,4,Yes,3,6.0,It pays the bills.,7,1,2,25
EMP04960,26,Male,Finance,7,New York,3,Yes,7,5.0,Standard corporate environment.,6,4,4,36
EMP04961,24,Female,Marketing,1,London,4,No,1,7.0,It pays the bills.,8,4,3,38
EMP04962,48,Female,Sales,10,Remote,4,No,8,7.0,Nothing special to report.,9,4,4,42
EMP04963,37,Male,HR,21,Tokyo,5,No,3,8.0,I need a long break.,6,3,3,31
EMP04964,36,Female,IT,15,London,3,Yes,6,8.0,Terrible work-life balance.,6,1,2,23
EMP04965,56,Male,HR,8,New York,2,No,3,2.0,Management is very supportive.,7,1,4,29
EMP04966,33,Male,Operations,24,Berlin,3,No,6,1.0,Management is very supportive.,5,5,5,39
EMP04967,62,Male,Marketing,19,Tokyo,4,No,2,7.0,Nothing special to report.,6,2,5,32
EMP04968,47,Male,HR,3,New York,3,Yes,7,1.0,Great work-life balance.,10,3,4,41
EMP04969,55,Female,Finance,23,New York,3,No,2,2.0,Excellent benefits.,8,5,3,41
EMP04970,44,Male,HR,15,London,1,No,3,1.0,Excellent benefits.,10,5,5,49
EMP04971,52,Female,Finance,4,New York,3,No,5,1.0,Love the culture here.,8,5,5,45
EMP04972,41,Female,Marketing,6,Tokyo,4,No,3,3.0,I feel energized at work.,5,3,5,33
EMP04973,33,Female,IT,10,Tokyo,2,No,5,9.0,Extremely stressed and burnt out.,6,2,3,28
EMP04974,44,male,Marketing,18,New York,3,No,3,5.0,Average experience.,8,4,5,42
EMP04975,25,Female,Operations,16,London,1,No,3,5.0,Average experience.,5,2,5,30
EMP04976,44,Female,Sales,18,Tokyo,4,No,2,2.0,Management is very supportive.,8,2,5,36
EMP04977,22,Male,IT,6,Berlin,4,No,4,8.0,Management expects too much.,4,1,3,21
EMP04978,46,Female,IT,19,Remote,3,No,4,8.0,Extremely stressed and burnt out.,4,5,2,31
EMP04979,23,M,Sales,17,London,1,No,1,8.0,Extremely stressed and burnt out.,8,5,4,43
EMP04980,51,Male,HR,18,London,3,No,9,2.0,Great work-life balance.,10,4,3,42
EMP04981,24,Male,Marketing,13,Remote,3,No,3,4.0,Management is very supportive.,6,1,2,23
EMP04982,42,Male,HR,7,Remote,3,Yes,4,7.0,Nothing special to report.,6,4,4,36
EMP04983,46,Female,HR,20,Tokyo,3,No,6,9.0,I need a long break.,5,3,4,31
EMP04984,41,Female,Marketing,12,New York,5,No,3,3.0,Great work-life balance.,6,1,2,23
EMP04985,43,Female,Operations,2,New York,5,No,4,3.0,Love the culture here.,9,5,3,43
EMP04986,42,Male,IT,12,Berlin,2,No,5,9.0,I need a long break.,3,4,2,26
EMP04987,54,M,Finance,12,New York,2,No,3,1.0,I feel energized at work.,7,1,5,31
EMP04988,59,Male,Sales,24,Berlin,3,Yes,5,5.0,It pays the bills.,5,1,3,23
EMP04989,36,Male,IT,4,Berlin,3,No,2,8.0,Management expects too much.,5,2,3,26
EMP04990,36,Female,HR,4,London,3,No,4,4.0,Love the culture here.,4,1,3,21
EMP04991,46,Male,Sales,18,London,4,No,5,8.0,I need a long break.,6,1,4,27
EMP04992,42,Male,Finance,16,Tokyo,2,No,4,7.0,Average experience.,7,5,2,37
EMP04993,45,Male,IT,14,Remote,4,Yes,6,7.0,Work is okay.,3,3,2,23
EMP04994,26,Female,IT,17,Remote,4,No,4,9.0,Extremely stressed and burnt out.,3,4,1,24
EMP04995,27,male,Operations,17,Berlin,5,No,10,7.0,Average experience.,10,3,4,41
EMP04996,64,M,IT,3,Remote,4,No,6,6.0,Average experience.,4,1,2,19
EMP04997,44,Female,IT,6,Berlin,4,No,6,7.0,Nothing special to report.,2,5,1,25
EMP04998,25,Male,Finance,23,Remote,2,No,3,8.0,Terrible work-life balance.,8,5,2,39
EMP04999,48,Female,Finance,13,Tokyo,4,No,5,6.0,It pays the bills.,8,5,4,43
EMP05000,39,Female,Sales,9,London,2,No,9,9.0,I am exhausted every day.,4,5,3,33
